{"graph_0":{"sha256":"875c9753fa83ff5c16c5c4fa3c34cdd0ebef76ed3e0c0b7dd7fc8bb36611c11f","size":1392,"path":"media/graph/graph_0_summary_875c9753fa83ff5c16c5.graph.json","_type":"graph-file"},"_wandb":{"runtime":8},"val_loss":0.14490506052970886,"_timestamp":1.7607113537261736e+09,"_runtime":8,"_step":3,"epoch":1,"train_loss":0.15635253489017487,"trainer/global_step":29,"lr":0.004512500017881393}