{"gradients/lif_layers.1.rnn.bias_hh_l0":{"_type":"histogram","values":[1,0,0,0,0,0,25,1,1,0,1,0,0,0,0,0,0,0,0,0,0,0,0,0,0,0,0,0,1,0,0,0,0,0,0,0,0,0,0,0,0,0,0,0,0,0,0,1,0,0,0,0,0,0,0,0,0,0,0,0,0,0,0,1],"bins":[-0.0011245578061789274,-0.0009550303220748901,-0.0007855028379708529,-0.0006159754120744765,-0.0004464479279704392,-0.0002769204438664019,-0.00010739298886619508,6.213448068592697e-05,0.00023166195023804903,0.0004011894343420863,0.0005707169184461236,0.0007402443443425,0.0009097718284465373,0.0010792992543429136,0.001248826738446951,0.0014183542225509882,0.0015878817066550255,0.0017574091907590628,0.0019269366748631,0.0020964641589671373,0.0022659916430711746,0.002435519127175212,0.002605046611279249,0.0027745740953832865,0.0029441015794873238,0.0031136288307607174,0.0032831563148647547,0.003452683798968792,0.0036222112830728292,0.0037917387671768665,0.0039612664841115475,0.004130793735384941,0.004300320986658335,0.004469848237931728,0.004639375954866409,0.004808903206139803,0.004978430923074484,0.0051479581743478775,0.0053174858912825584,0.005487013142555952,0.005656540859490633,0.005826068110764027,0.005995595827698708,0.006165123078972101,0.006334650795906782,0.006504178047180176,0.006673705764114857,0.00684323301538825,0.007012760266661644,0.007182287983596325,0.0073518152348697186,0.0075213429518043995,0.007690870203077793,0.007860397920012474,0.008029925636947155,0.008199452422559261,0.008368980139493942,0.008538507856428623,0.008708035573363304,0.00887756235897541,0.009047090075910091,0.009216617792844772,0.009386145509779453,0.00955567229539156,0.00972520001232624]},"gradients/output_layer.bias":{"values":[1,0,0,0,1,0,1,0,2,1,2,1,3,0,0,3,0,0,2,2,2,0,2,1,3,3,6,1,1,1,1,6,5,4,3,2,2,2,1,2,3,2,0,1,2,3,3,1,2,0,1,1,1,1,1,1,2,1,1,2,0,1,1,2],"bins":[-0.0015110275708138943,-0.0014642424648627639,-0.0014174573589116335,-0.0013706721365451813,-0.0013238870305940509,-0.0012771019246429205,-0.00123031681869179,-0.0011835315963253379,-0.0011367464903742075,-0.001089961384423077,-0.0010431762784719467,-0.0009963911725208163,-0.000949606008362025,-0.0009028208442032337,-0.0008560357382521033,-0.000809250574093312,-0.0007624654681421816,-0.0007156803621910512,-0.0006688951980322599,-0.0006221100920811296,-0.0005753249279223382,-0.0005285398219712079,-0.000481754686916247,-0.00043496955186128616,-0.0003881844168063253,-0.00034139928175136447,-0.0002946141466964036,-0.0002478290116414428,-0.00020104389113839716,-0.0001542587560834363,-0.00010747362830443308,-6.068849688745104e-05,-1.3903365470468998e-05,3.288176594651304e-05,7.966689736349508e-05,0.00012645202514249831,0.00017323716019745916,0.00022002229525242,0.0002668074157554656,0.0003135925508104265,0.0003603776858653873,0.00040716282092034817,0.000453947955975309,0.0005007330910302699,0.0005475181969814003,0.0005943033611401916,0.0006410884670913219,0.0006878736312501132,0.0007346587372012436,0.000781443843152374,0.0008282290073111653,0.0008750141132622957,0.000921799277421087,0.0009685843833722174,0.0010153695475310087,0.0010621546534821391,0.0011089397594332695,0.0011557248653843999,0.001202510087750852,0.0012492951937019825,0.0012960802996531129,0.0013428654056042433,0.0013896506279706955,0.0014364357339218259,0.0014832208398729563],"_type":"histogram"},"_step":49,"_timestamp":1.7609752468715022e+09,"graph_0":{"_type":"graph-file","sha256":"bb09261f0483250b60c2ac050860c4ba481de3060b955d8d7de5174d03c75bf0","size":902,"path":"media/graph/graph_0_summary_bb09261f0483250b60c2.graph.json"},"_runtime":47,"gradients/lif_layers.0.rnn.bias_hh_l0":{"values":[1,0,0,0,0,0,0,0,0,0,0,0,0,0,0,0,0,1,0,1,0,1,0,1,1,1,17,2,1,0,3,0,0,0,0,0,0,1,0,0,0,0,0,0,0,0,0,0,0,0,0,0,0,0,0,0,0,0,0,0,0,0,0,1],"bins":[-0.0069503202103078365,-0.006685937289148569,-0.006421554367989302,-0.006157171446830034,-0.005892788525670767,-0.005628405604511499,-0.005364022683352232,-0.0050996397621929646,-0.0048352573066949844,-0.004570874385535717,-0.00430649146437645,-0.004042108543217182,-0.0037777256220579147,-0.0035133427008986473,-0.00324895977973938,-0.0029845768585801125,-0.002720193937420845,-0.0024558110162615776,-0.00219142809510231,-0.0019270452903583646,-0.0016626623691990972,-0.0013982794480398297,-0.0011338966432958841,-0.0008695137221366167,-0.0006051308009773493,-0.0003407479089219123,-7.636501686647534e-05,0.00018801787518896163,0.0004524007672443986,0.000716783688403666,0.0009811664931476116,0.001245549414306879,0.0015099328011274338,0.0017743157222867012,0.0020386986434459686,0.002303081564605236,0.0025674644857645035,0.0028318471740931273,0.0030962300952523947,0.003360613016411662,0.0036249959375709295,0.003889378858730197,0.004153761547058821,0.004418144468218088,0.004682527389377356,0.004946910310536623,0.00521129323169589,0.005475676152855158,0.005740059074014425,0.006004441995173693,0.00626882491633296,0.0065332078374922276,0.006797590758651495,0.007061973679810762,0.00732635660097003,0.007590739522129297,0.007855121977627277,0.008119504898786545,0.008383887819945812,0.00864827074110508,0.008912653662264347,0.009177036583423615,0.009441419504582882,0.00970580242574215,0.009970185346901417],"_type":"histogram"},"epoch":24,"trainer/global_step":199,"train_loss":0.11946999281644821,"gradients/output_layer.weight":{"values":[1,0,0,0,0,0,3,2,4,2,2,11,4,9,9,14,9,12,13,7,14,11,13,15,26,15,19,26,23,35,25,31,30,2346,46,53,27,23,31,18,32,22,20,24,17,24,17,5,12,15,6,9,11,12,11,8,8,5,5,5,1,0,1,1],"bins":[-0.001993554877117276,-0.0019346672343090177,-0.0018757794750854373,-0.0018168918322771788,-0.0017580040730535984,-0.0016991164302453399,-0.0016402286710217595,-0.001581341028213501,-0.0015224532689899206,-0.001463565626181662,-0.0014046778669580817,-0.0013457902241498232,-0.0012869024649262428,-0.0012280148221179843,-0.001169127062894404,-0.0011102394200861454,-0.001051351660862565,-0.0009924640180543065,-0.0009335763170383871,-0.0008746886160224676,-0.0008158009150065482,-0.0007569132139906287,-0.0006980255129747093,-0.0006391378119587898,-0.0005802501691505313,-0.0005213624681346118,-0.00046247473801486194,-0.0004035870369989425,-0.0003446993650868535,-0.00028581166407093406,-0.0002269239630550146,-0.00016803626203909516,-0.00010914856102317572,-5.0260863645235077e-05,8.626833732705563e-06,6.75145274726674e-05,0.00012640222848858684,0.0001852899295045063,0.0002441776159685105,0.00030306531698442996,0.0003619530180003494,0.00042084071901626885,0.0004797284200321883,0.0005386160919442773,0.0005975037929601967,0.0006563914939761162,0.0007152791949920356,0.0007741668960079551,0.0008330545970238745,0.000891942298039794,0.0009508299990557134,0.0010097177000716329,0.0010686053428798914,0.0011274931021034718,0.0011863807449117303,0.0012452685041353106,0.0013041561469435692,0.0013630439061671495,0.001421931548975408,0.0014808193081989884,0.001539706951007247,0.0015985947102308273,0.0016574823530390859,0.0017163701122626662,0.0017752577550709248],"_type":"histogram"},"gradients/lif_layers.1.rnn.weight_ih_l0":{"_type":"histogram","values":[1,0,0,0,0,0,0,0,0,9,0,3,0,1,925,28,3,12,4,0,0,0,0,0,0,0,0,1,1,0,1,6,0,2,0,0,0,1,0,0,0,0,0,0,3,6,0,0,0,0,0,0,0,0,2,0,0,1,11,0,0,0,0,3],