{"_wandb":{"runtime":792},"gradients/lif_layers.1.rnn.weight_ih_l0":{"bins":[-6.2102280935505405e-06,-5.779168986919103e-06,-5.348109880287666e-06,-4.9170512284035794e-06,-4.485992121772142e-06,-4.054933015140705e-06,-3.6238739085092675e-06,-3.1928150292515056e-06,-2.7617559226200683e-06,-2.330696815988631e-06,-1.8996379367308691e-06,-1.4685788300994318e-06,-1.0375198371548322e-06,-6.064608442102326e-07,-1.7540179442221415e-07,2.5565722694409487e-07,6.867162483104039e-07,1.1177752412550035e-06,1.548834234199603e-06,1.9798933408310404e-06,2.4109522200888023e-06,2.8420113267202396e-06,3.273070433351677e-06,3.7041293126094388e-06,4.1351886466145515e-06,4.566247298498638e-06,4.997306405130075e-06,5.428365511761513e-06,5.85942461839295e-06,6.290483725024387e-06,6.721542376908474e-06,7.152601483539911e-06,7.583660590171348e-06,8.014719242055435e-06,8.445778803434223e-06,8.87683745531831e-06,9.307897016697098e-06,9.738955668581184e-06,1.017001432046527e-05,1.0601073881844059e-05,1.1032132533728145e-05,1.1463192095106933e-05,1.189425074699102e-05,1.2325309398875106e-05,1.2756368960253894e-05,1.318742761213798e-05,1.3618487173516769e-05,1.4049545825400855e-05,1.4480605386779644e-05,1.491166403866373e-05,1.5342722690547816e-05,1.5773781342431903e-05,1.6204841813305393e-05,1.663590046518948e-05,1.7066959117073566e-05,1.7498017768957652e-05,1.792907642084174e-05,1.836013689171523e-05,1.8791195543599315e-05,1.92222541954834e-05,1.9653312847367488e-05,2.0084371499251574e-05,2.0515431970125064e-05,2.094649062200915e-05,2.1377549273893237e-05],"_type":"histogram","values":[4,1,4,0,3,0,1,2,0,5,8,3,25,189,261104,307,102,183,5,3,2,2,90,1,1,2,1,0,0,0,0,0,0,0,0,1,0,0,0,0,0,0,0,2,0,0,0,1,0,0,0,0,0,0,0,89,0,0,1,0,0,0,1,1]},"gradients/lif_layers.0.rnn.bias_ih_l0":{"_type":"histogram","values":[1,0,1,1,1,1,2,4,1,391,65,19,3,3,1,2,2,1,1,0,0,1,1,1,0,1,0,1,0,0,1,0,0,0,0,2,1,0,0,0,0,0,0,0,0,1,0,0,0,0,0,0,0,0,0,0,0,0,0,1,0,0,0,1],"bins":[-5.6796216085786e-06,-5.109403900860343e-06,-4.539186647889437e-06,-3.968969394918531e-06,-3.3987516872002743e-06,-2.828534206855693e-06,-2.2583167265111115e-06,-1.68809924616653e-06,-1.1178817658219486e-06,-5.476642854773672e-07,2.2553194867214188e-08,5.927706752117956e-07,1.162988155556377e-06,1.7332056359009584e-06,2.30342311624554e-06,2.8736405965901213e-06,3.4438580769347027e-06,4.0140757846529596e-06,4.5842930376238655e-06,5.1545102905947715e-06,5.724727998313028e-06,6.294945706031285e-06,6.865162959002191e-06,7.435380211973097e-06,8.005597919691354e-06,8.575815627409611e-06,9.146033335127868e-06,9.716250133351423e-06,1.028646784106968e-05,1.0856685548787937e-05,1.1426902347011492e-05,1.1997120054729749e-05,1.2567339581437409e-05,1.3137557289155666e-05,1.3707774996873923e-05,1.4277991795097478e-05,1.4848209502815735e-05,1.541842721053399e-05,1.5988644008757547e-05,1.6558862625970505e-05,1.712907942419406e-05,1.7699296222417615e-05,1.8269514839630574e-05,1.883973163785413e-05,1.9409948436077684e-05,1.9980167053290643e-05,2.0550383851514198e-05,2.1120602468727157e-05,2.169081926695071e-05,2.2261036065174267e-05,2.2831254682387225e-05,2.340147148061078e-05,2.397169009782374e-05,2.4541906896047294e-05,2.511212369427085e-05,2.5682342311483808e-05,2.6252559109707363e-05,2.6822775907930918e-05,2.7392994525143877e-05,2.7963211323367432e-05,2.8533428121590987e-05,2.9103646738803945e-05,2.96738635370275e-05,3.024408215424046e-05,3.0814298952464014e-05]},"epoch":24,"gradients/output_layer.bias":{"bins":[-0.001287019462324679,-0.0012285509146749973,-0.0011700823670253158,-0.0011116138193756342,-0.0010531452717259526,-0.000994676724076271,-0.0009362082346342504,-0.0008777396869845688,-0.0008192711393348873,-0.0007608025916852057,-0.0007023340440355241,-0.0006438654963858426,-0.0005853970069438219,-0.0005269284592941403,-0.00046845991164445877,-0.0004099913639947772,-0.00035152281634509563,-0.00029305426869541407,-0.00023458573559764773,-0.0001761172024998814,-0.00011764865485019982,-5.9180114476475865e-05,-7.115741027519107e-07,5.775696627097204e-05,0.000116225506644696,0.00017469405429437757,0.0002331625873921439,0.00029163112048991024,0.0003500996681395918,0.0004085682157892734,0.0004670367343351245,0.0005255052819848061,0.0005839739460498095,0.000642442493699491,0.0007009110413491726,0.0007593795889988542,0.0008178481366485357,0.0008763166260905564,0.000934785173740238,0.0009932537795975804,0.001051722327247262,0.0011101907584816217,0.0011686593061313033,0.0012271278537809849,0.0012855964014306664,0.001344064949080348,0.0014025334967300296,0.0014610020443797112,0.0015194705920293927,0.0015779391396790743,0.0016364076873287559,0.0016948762349784374,0.001753344782628119,0.0018118133302778006,0.0018702818779274821,0.0019287504255771637,0.0019872188568115234,0.002045687520876527,0.0021041559521108866,0.00216262461617589,0.0022210930474102497,0.002279561711475253,0.002338030142709613,0.0023964988067746162,0.002454967238008976],"_type":"histogram","values":[3,1,0,0,1,0,1,3,0,1,0,3,2,0,1,1,1,1,2,2,4,1,2,2,1,1,4,4,1,3,1,2,2,3,1,3,3,3,2,1,3,0,4,2,3,1,1,3,1,0,2,2,1,3,1,0,0,2,1,0,1,0,0,2]},"gradients/lif_layers.1.rnn.bias_ih_l0":{"_type":"histogram","values":[2,502,2,1,1,1,1,0,0,0,0,0,0,0,1,0,0,0,0,0,0,0,0,0,0,0,0,0,0,0,0,0,0,0,0,0,0,0,0,0,0,0,0,0,0,0,0,0,0,0,0,0,0,0,0,0,0,0,0,0,0,0,0,1],"bins":[-3.511931367938814e-07,-6.696723175991792e-08,2.1725867327404558e-07,5.014845783080091e-07,7.857104833419726e-07,1.069936388375936e-06,1.3541623502533184e-06,1.638388198443863e-06,1.9226140466344077e-06,2.20684000851179e-06,2.4910659703891724e-06,2.7752917048928794e-06,3.0595176667702617e-06,3.343743628647644e-06,3.6279695905250264e-06,3.912195552402409e-06,4.196421286906116e-06,4.4806474761571735e-06,4.7648732106608804e-06,5.049098945164587e-06,5.333325134415645e-06,5.617550868919352e-06,5.901776603423059e-06,6.186002792674117e-06,6.470228527177824e-06,6.754454261681531e-06,7.0386804509325884e-06,7.322906185436295e-06,7.607132374687353e-06,7.89135810919106e-06,8.175584298442118e-06,8.459809578198474e-06,8.744036676944233e-06,9.028262866195291e-06,9.312488145951647e-06,9.596714335202705e-06,9.880940524453763e-06,1.0165165804210119e-05,1.0449391993461177e-05,1.0733618182712235e-05,1.1017844371963292e-05,1.1302069651719648e-05,1.1586295840970706e-05,1.1870522030221764e-05,1.215474730997812e-05,1.2438973499229178e-05,1.2723199688480236e-05,1.3007424968236592e-05,1.329165115748765e-05,1.3575877346738707e-05,1.3860102626495063e-05,1.4144328815746121e-05,1.4428555004997179e-05,1.4712780284753535e-05,1.4997006474004593e-05,1.528123175376095e-05,1.5565457943012007e-05,1.5849684132263064e-05,1.6133910321514122e-05,1.641813651076518e-05,1.6702362700016238e-05,1.6986587070277892e-05,1.727081325952895e-05,1.7555039448780008e-05,1.7839265638031065e-05]},"_timestamp":1.7609769643604014e+09,"trainer/global_step":374,"gradients/output_layer.weight":{"_type":"histogram","values":[30,10,0,0,10,0,10,30,0,10,0,30,20,0,10,10,10,10,20,20,40,10,50220,20,10,10,40,40,10,30,10,20,20,30,10,30,30,30,20,10,30,0,40,20,30,10,10,30,10,0,20,20,10,30,10,0,0,20,10,0,10,0,0,20],