{"gradients/hidden_layers.3.bias":{"bins":[-0.024668311700224876,-0.024069352075457573,-0.02347039245069027,-0.022871434688568115,-0.022272475063800812,-0.02167351543903351,-0.021074555814266205,-0.0204755961894989,-0.019876636564731598,-0.019277678802609444,-0.01867871917784214,-0.018079759553074837,-0.017480799928307533,-0.01688184030354023,-0.016282882541418076,-0.015683922916650772,-0.015084963291883469,-0.014486003667116165,-0.013887044973671436,-0.013288085348904133,-0.012689126655459404,-0.0120901670306921,-0.011491207405924797,-0.010892248712480068,-0.010293289087712765,-0.009694329462945461,-0.009095370769500732,-0.008496411144733429,-0.007897451519966125,-0.007298492826521397,-0.006699533201754093,-0.006100574042648077,-0.0055016158148646355,-0.004902656655758619,-0.004303697496652603,-0.0037047378718852997,-0.0031057787127792835,-0.0025068195536732674,-0.0019078601617366076,-0.0013089008862152696,-0.0007099416106939316,-0.0001109823351725936,0.0004879769403487444,0.0010869362158700824,0.0016858954913914204,0.0022848546504974365,0.0028838140424340963,0.003482773434370756,0.004081732593476772,0.0046806917525827885,0.005279650911688805,0.005878610536456108,0.006477569695562124,0.00707652885466814,0.007675488479435444,0.008274447172880173,0.008873406797647476,0.00947236642241478,0.010071325115859509,0.010670284740626812,0.01126924343407154,0.011868203058838844,0.012467162683606148,0.013066121377050877,0.01366508100181818],"_type":"histogram","values":[1,0,0,0,0,0,0,0,0,0,0,1,0,2,1,1,1,3,1,2,1,1,1,1,2,2,2,2,6,3,4,3,1,5,3,3,3,5,7,3,3,4,3,6,5,0,0,5,7,5,2,2,3,2,2,1,0,0,1,1,0,1,3,1]},"gradients/hidden_layers.0.bias":{"bins":[-1.9060521125793457,-1.8175618648529053,-1.7290716171264648,-1.6405812501907349,-1.5520910024642944,-1.463600754737854,-1.375110387802124,-1.2866201400756836,-1.1981298923492432,-1.1096396446228027,-1.0211493968963623,-0.9326590299606323,-0.8441687822341919,-0.7556785345077515,-0.6671882271766663,-0.578697919845581,-0.4902076721191406,-0.4017173945903778,-0.313227117061615,-0.22473683953285217,-0.13624656200408936,-0.04775628447532654,0.04073399305343628,0.1292242705821991,0.21771454811096191,0.30620482563972473,0.39469510316848755,0.48318538069725037,0.5716756582260132,0.6601659059524536,0.7486562132835388,0.837146520614624,0.9256370067596436,1.014127254486084,1.1026175022125244,1.1911078691482544,1.2795981168746948,1.3680883646011353,1.4565787315368652,1.5450689792633057,1.633559226989746,1.7220494747161865,1.810539722442627,1.899030089378357,1.9875203371047974,2.0760107040405273,2.1645009517669678,2.252991199493408,2.3414814472198486,2.429971694946289,2.5184619426727295,2.60695219039917,2.6954426765441895,2.78393292427063,2.8724231719970703,2.9609134197235107,3.049403667449951,3.1378939151763916,3.226384162902832,3.3148744106292725,3.403364658355713,3.4918551445007324,3.580345392227173,3.6688356399536133,3.7573258876800537],"_type":"histogram","values":[1,0,1,1,1,0,2,1,1,1,0,1,1,0,1,3,1,0,1,1,8,56,5,12,2,8,2,4,4,0,4,2,0,0,0,0,0,0,0,0,0,0,0,0,0,0,0,0,0,0,0,0,0,0,1,0,0,1,0,0,0,0,0,1]},"trainer/global_step":724,"gradients/hidden_layers.3.weight":{"values":[1,0,0,0,0,0,1,0,0,0,0,2,0,0,0,1,2,1,2,4,0,2,0,7,4,8,12,8,6,17,27,16,12,31,26,46,71,95,142,271,533,13437,896,328,136,66,48,31,22,19,12,6,5,7,4,4,3,4,3,2,0,0,2,1],"bins":[-0.007609314285218716,-0.007427618373185396,-0.007245922926813364,-0.0070642270147800446,-0.006882531568408012,-0.006700835656374693,-0.006519140210002661,-0.006337444297969341,-0.006155748851597309,-0.00597405293956399,-0.00579235702753067,-0.005610661581158638,-0.0054289656691253185,-0.005247270222753286,-0.005065574310719967,-0.004883878864347935,-0.004702182952314615,-0.004520487040281296,-0.004338791593909264,-0.004157095681875944,-0.003975400235503912,-0.0037937043234705925,-0.0036120086442679167,-0.003430312965065241,-0.003248617285862565,-0.0030669216066598892,-0.0028852259274572134,-0.0027035302482545376,-0.002521834336221218,-0.0023401386570185423,-0.0021584429778158665,-0.0019767472986131907,-0.0017950520850718021,-0.0016133564058691263,-0.0014316607266664505,-0.0012499649310484529,-0.001068269251845777,-0.0008865735726431012,-0.0007048778352327645,-0.0005231820978224277,-0.00034148641861975193,-0.00015979071031324565,2.1904997993260622e-05,0.0002036007062997669,0.0003852964146062732,0.000566992093808949,0.0007486878312192857,0.0009303835686296225,0.0011120792478322983,0.001293774927034974,0.00147547060623765,0.0016571664018556476,0.0018388620810583234,0.002020557876676321,0.002202253555878997,0.0023839492350816727,0.0025656449142843485,0.0027473405934870243,0.0029290362726897,0.003110731951892376,0.0032924278639256954,0.0034741235431283712,0.003655819222331047,0.003837514901533723,0.004019210580736399],"_type":"histogram"},"gradients/hidden_layers.0.weight":{"_type":"histogram","values":[1,1,0,0,1,0,1,0,0,1,0,3,0,0,1,1,1,2,1,0,1,1,2,0,2,2,6,49,10,5,6,3,5,3,5,3,3,4,0,0,0,1,0,0,0,0,0,0,0,0,0,0,0,1,0,0,0,0,0,1,0,0,0,1],"bins":[-0.7009204030036926,-0.6757166981697083,-0.6505130529403687,-0.6253093481063843,-0.6001056432723999,-0.5749019384384155,-0.5496982336044312,-0.5244945883750916,-0.4992908835411072,-0.4740871787071228,-0.4488835036754608,-0.42367982864379883,-0.39847612380981445,-0.3732724189758301,-0.3480687439441681,-0.3228650689125061,-0.29766136407852173,-0.27245765924453735,-0.24725398421287537,-0.22205029428005219,-0.196846604347229,-0.17164291441440582,-0.14643922448158264,-0.12123553454875946,-0.09603184461593628,-0.0708281546831131,-0.04562446475028992,-0.020420774817466736,0.004782915115356445,0.029986605048179626,0.05519029498100281,0.08039398491382599,0.10559773445129395,0.13080142438411713,0.1560051143169403,0.1812088042497635,0.20641249418258667,0.23161618411540985,0.25681987404823303,0.282023549079895,0.3072272539138794,0.33243095874786377,0.35763463377952576,0.38283830881118774,0.4080420136451721,0.4332457184791565,0.4584493935108185,0.48365306854248047,0.5088567733764648,0.5340604782104492,0.5592641830444336,0.5844678282737732,0.6096715331077576,0.6348752379417419,0.6600788831710815,0.6852825880050659,0.7104862928390503,0.7356899976730347,0.760893702507019,0.7860973477363586,0.811301052570343,0.8365047574043274,0.861708402633667,0.8869121074676514,0.9121158123016357]},"gradients/hidden_layers.1.weight":{"_type":"histogram","values":[7,9,15,33,34,64,94,114,180,15477,175,48,14,3,7,2,5,3,5,1,5,1,4,4,3,5,6,2,3,7,3,5,5,5,2,2,3,2,1,0,0,1,2,1,2,1,1,2,2,1,0,2,2,1,0,0,1,0,1,0,1,2,1,2],"bins":[-0.0828491672873497,-0.07378815859556198,-0.06472714245319366,-0.055666133761405945,-0.046605125069618225,-0.037544116377830505,-0.028483103960752487,-0.019422093406319618,-0.01036108285188675,-0.0013000722974538803,0.007760938256978989,0.016821948811411858,0.025882959365844727,0.034943968057632446,0.044004980474710464,0.05306599289178848,0.0621270015835762,0.07118801027536392,0.08024902641773224,0.08931003510951996,0.09837104380130768,0.1074320524930954,0.11649306118488312,0.12555406987667084,0.13461509346961975,0.14367610216140747,0.1527371108531952,0.1617981195449829,0.17085912823677063,0.17992013692855835,0.18898114562034607,0.1980421543121338,0.2071031630039215,0.21616417169570923,0.22522518038749695,0.23428618907928467,0.2433471977710724,0.2524082064628601,0.2614692151546478,0.27053022384643555,0.27959126234054565,0.2886522710323334,0.2977132797241211,0.3067742884159088,0.31583529710769653,0.32489630579948425,0.333957314491272,0.3430183231830597,0.3520793318748474,0.36114034056663513,0.37020134925842285,0.37926235795021057,0.3883233666419983,0.397384375333786,0.40644538402557373,0.41550639271736145,0.42456740140914917,0.4336284399032593,0.442689448595047,0.4517504572868347,0.46081146597862244,0.46987247467041016,0.4789334833621979,0.4879944920539856,0.4970555007457733]},"_timestamp":1.7607951316633298e+09,"train_loss":0.10973849892616272,