{"train_loss":0.13776034116744995,"graph_0":{"sha256":"3eb7b64f784432ae0a8a24a440834de549fdd9c97369c5c2a79d39e14859e5cc","size":1392,"path":"media/graph/graph_0_summary_3eb7b64f784432ae0a8a.graph.json","_type":"graph-file"},"_runtime":8,"_timestamp":1.760711400447587e+09,"_step":3,"lr":0.004900500178337097,"trainer/global_step":29,"_wandb":{"runtime":8},"val_loss":0.13260172307491302,"epoch":1}