{"_step":49,"gradients/output_layer.bias":{"_type":"histogram","values":[1,0,0,0,0,0,0,1,1,0,0,0,1,1,0,0,1,0,2,2,1,0,2,3,5,2,2,2,3,3,3,5,2,3,1,2,3,3,1,2,2,6,2,1,2,4,3,1,3,4,1,3,0,3,1,1,0,0,2,0,0,1,1,1],"bins":[-0.000754930661059916,-0.000737877213396132,-0.000720823707524687,-0.000703770259860903,-0.000686716812197119,-0.0006696633063256741,-0.00065260985866189,-0.000635556410998106,-0.000618502963334322,-0.000601449457462877,-0.000584396009799093,-0.000567342562135309,-0.000550289056263864,-0.00053323560860008,-0.000516182160936296,-0.000499128655064851,-0.000482075207401067,-0.00046502173063345253,-0.0004479682829696685,-0.000430914806202054,-0.00041386135853827,-0.0003968078817706555,-0.00037975440500304103,-0.000362700957339257,-0.0003456474805716425,-0.00032859400380402803,-0.000311540556140244,-0.0002944870793726295,-0.00027743360260501504,-0.000260380154941231,-0.00024332667817361653,-0.00022627321595791727,-0.00020921972463838756,-0.0001921662624226883,-0.00017511280020698905,-0.00015805932343937457,-0.0001410058612236753,-0.00012395239900797606,-0.00010689892951631919,-8.984546002466232e-05,-7.279199780896306e-05,-5.5738531955285e-05,-3.8685066101606935e-05,-2.1631600247928873e-05,-4.57813439425081e-06,1.2475331459427252e-05,2.9528797313105315e-05,4.658226316678338e-05,6.363572902046144e-05,8.06891912361607e-05,9.774266072781757e-05,0.00011479613021947443,0.0001318495924351737,0.00014890305465087295,0.00016595653141848743,0.00018300999363418669,0.00020006345584988594,0.0002171169180655852,0.00023417038028128445,0.00025122385704889894,0.00026827730471268296,0.00028533078148029745,0.00030238425824791193,0.00031943770591169596,0.00033649118267931044]},"train_loss":0.15841785073280334,"trainer/global_step":724,"lr":0.0007178980158641934,"_wandb":{"runtime":60},"_timestamp":1.7607774506018019e+09,"graph_0":{"_type":"graph-file","sha256":"20fb8628a4f57bb40adc48384a7072d025bc8040606e72752dcc5cb6944a0a1a","size":676,"path":"media/graph/graph_0_summary_20fb8628a4f57bb40adc.graph.json"},"val_loss":0.15885603427886963,"epoch":24,"gradients/hidden_layers.0.bias":{"values":[1,0,0,0,0,0,0,0,0,0,1,1,0,2,2,1,2,1,1,1,1,1,1,4,2,3,5,5,5,1,3,4,7,2,5,6,10,2,2,1,3,4,2,2,2,4,1,2,1,2,3,3,1,3,2,3,1,0,1,1,2,0,0,2],"bins":[-0.002266488503664732,-0.0022011599503457546,-0.0021358311641961336,-0.0020705026108771563,-0.0020051738247275352,-0.001939845271408558,-0.0018745166016742587,-0.0018091879319399595,-0.0017438592622056603,-0.0016785305924713612,-0.001613201922737062,-0.0015478732530027628,-0.0014825446996837854,-0.0014172160299494863,-0.001351887360215187,-0.0012865586904808879,-0.0012212300207465887,-0.0011559013510122895,-0.0010905726812779903,-0.0010252440115436912,-0.0009599154000170529,-0.0008945867302827537,-0.0008292581187561154,-0.0007639294490218163,-0.0006986007792875171,-0.0006332721095532179,-0.0005679434398189187,-0.0005026148282922804,-0.00043728615855798125,-0.00037195748882368207,-0.00030662884819321334,-0.0002413001930108294,-0.00017597165424376726,-0.00011064299906138331,-4.531434387899935e-05,2.0014311303384602e-05,8.534296648576856e-05,0.0001506716216681525,0.00021600027685053647,0.0002813289174810052,0.0003466575872153044,0.00041198625694960356,0.0004773148975800723,0.000542643538210541,0.0006079722079448402,0.0006733008776791394,0.0007386294892057776,0.0008039581589400768,0.000869286828674376,0.0009346154984086752,0.0009999441681429744,0.0010652728378772736,0.001130601391196251,0.00119593006093055,0.0012612587306648493,0.0013265874003991485,0.0013919160701334476,0.0014572447398677468,0.001522573409602046,0.0015879020793363452,0.0016532307490706444,0.0017185593023896217,0.001783887972123921,0.00184921664185822,0.0019145453115925193],"_type":"histogram"},"gradients/output_layer.weight":{"values":[2,3,1,2,9,8,12,16,24,29,41,53,86,105,118,151,196,291,424,632,936,1229,1772,1607,1206,827,633,498,429,354,330,271,221,196,140,101,87,62,57,42,25,29,23,29,17,16,10,5,10,7,5,3,6,5,1,0,3,1,1,2,0,0,0,1],"bins":[-0.004332481883466244,-0.004147018305957317,-0.003961554262787104,-0.0037760904524475336,-0.0035906266421079636,-0.003405163064599037,-0.003219699254259467,-0.003034235443919897,-0.002848771633580327,-0.002663307823240757,-0.002477844012901187,-0.002292380202561617,-0.0021069166250526905,-0.0019214526982977986,-0.0017359890043735504,-0.0015505251940339804,-0.0013650613836944103,-0.0011795975733548403,-0.0009941337630152702,-0.000808670069091022,-0.000623206258751452,-0.0004377424775157124,-0.0002522786962799728,-6.68149150442332e-05,0.00011864886619150639,0.000304112647427246,0.0004895764286629856,0.0006750401807948947,0.0008605039911344647,0.0010459678014740348,0.001231431495398283,0.001416895305737853,0.001602359116077423,0.0017878229264169931,0.001973286736756563,0.0021587505470961332,0.0023442143574357033,0.0025296779349446297,0.0027151417452841997,0.0029006055556237698,0.00308606936596334,0.00327153317630291,0.00345699698664248,0.00364246079698205,0.0038279243744909763,0.00401338841766119,0.004198851995170116,0.00438431603834033,0.0045697796158492565,0.004755243193358183,0.004940707236528397,0.005126170814037323,0.005311634857207537,0.005497098434716463,0.005682562477886677,0.005868026055395603,0.00605348963290453,0.006238953676074743,0.00642441725358367,0.006609881296753883,0.00679534487426281,0.0069808089174330235,0.00716627249494195,0.0073517365381121635,0.00753720011562109],"_type":"histogram"},"gradients/hidden_layers.0.weight":{"_type":"histogram","values":[1,0,0,0,0,0,0,0,1,0,2,0,0,0,0,0,0,3,1,4,1,1,1,3,5,4,7,8,2,4,1,8,2,9,4,4,6,6,2,1,1,4,2,4,3,3,2,3,2,1,2,2,1,1,2,2,0,0,1,0,0,0,0,1],"bins":[-0.0027052953373640776,-0.0026262346655130386,-0.0025471739936619997,-0.0024681133218109608,-0.002389052649959922,-0.002309991978108883,-0.002230931306257844,-0.002151870634406805,-0.002072809962555766,-0.001993749290704727,-0.0019146886188536882,-0.0018356279470026493,-0.0017565672751516104,-0.0016775066033005714,-0.0015984459314495325,-0.0015193852595984936,-0.0014403245877474546,-0.0013612639158964157,-0.0012822032440453768,-0.0012031425721943378,-0.001124081900343299,-0.00104502122849226,-0.000965960556641221,-0.0008868998847901821,-0.0008078392129391432,-0.0007287785410881042,-0.0006497178692370653,-0.0005706571973860264,-0.0004915965255349874,-0.0004125358536839485,-0.0003334751818329096,-0.00025441450998187065,-0.00017535407096147537,-9.629339911043644e-05,-1.7232727259397507e-05,6.182794459164143e-05,0.00014088861644268036,0.0002199492882937193,0.0002990099601447582,0.00037807063199579716,0.0004571313038468361,0.000536191975697875,0.000615252647548914,0.0006943133193999529,0.0007733739912509918,0.0008524346631020308,0.0009314953349530697,0.0010105560068041086,0.0010896166786551476,0.0011686773505061865,0.0012477380223572254,0.0013267986942082644,0.0014058593660593033,0.0014849200379103422,0.0015639807097613811,0.00164304138161242,0.001722102053463459,0.001801162725314498,0.0018802233971655369,0.001959284069016576,0.0020383447408676147,0.0021174054127186537,0.0021964660845696926,0.0022755267564207315,0.0023545874282717705]},"_runtime":60}