{"lr":0.002773895626887679,"gradients/output_layer.bias":{"values":[1,0,0,0,0,0,0,0,1,1,0,1,1,0,1,0,0,2,0,2,2,1,1,1,0,2,1,3,3,5,1,2,4,3,3,2,2,2,2,2,2,4,3,3,2,2,2,2,3,2,1,1,2,3,1,1,4,5,0,2,0,2,0,1],"bins":[-0.002145384205505252,-0.002085708314552903,-0.002026032656431198,-0.0019663567654788494,-0.0019066809909418225,-0.0018470052164047956,-0.0017873294418677688,-0.0017276536673307419,-0.0016679777763783932,-0.0016083020018413663,-0.0015486262273043394,-0.0014889504527673125,-0.0014292746782302856,-0.0013695989036932588,-0.00130992301274091,-0.0012502472382038832,-0.0011905714636668563,-0.0011308956891298294,-0.0010712199145928025,-0.0010115440236404538,-0.0009518682491034269,-0.0008921924745664,-0.0008325167000293732,-0.0007728408672846854,-0.0007131650927476585,-0.0006534893182106316,-0.0005938134854659438,-0.0005341377109289169,-0.0004744619072880596,-0.00041478610364720225,-0.00035511032911017537,-0.00029543452546931803,-0.0002357587218284607,-0.00017608291818760335,-0.00011640712909866124,-5.673133273376152e-05,2.9444636311382055e-06,6.262025999603793e-05,0.00012229605636093765,0.00018197184544987977,0.0002416476490907371,0.00030132345273159444,0.0003609992563724518,0.00042067503090947866,0.000480350834550336,0.0005400266381911933,0.0005997024127282202,0.000659378245472908,0.0007190540200099349,0.0007787297945469618,0.0008384056272916496,0.0008980814018286765,0.0009577572345733643,0.0010174330091103911,0.001077108783647418,0.001136784558184445,0.0011964603327214718,0.0012561362236738205,0.0013158119982108474,0.0013754877727478743,0.0014351635472849011,0.001494839321821928,0.0015545152127742767,0.0016141909873113036,0.0016738667618483305],"_type":"histogram"},"_timestamp":1.760789108672204e+09,"_step":49,"gradients/hidden_layers.3.bias":{"bins":[-0.07460176199674606,-0.07248527556657791,-0.07036879658699036,-0.0682523101568222,-0.06613582372665405,-0.0640193447470665,-0.061902858316898346,-0.05978637561202049,-0.05766989290714264,-0.055553410202264786,-0.05343692749738693,-0.05132044106721878,-0.04920395836234093,-0.047087475657463074,-0.04497098922729492,-0.04285450652241707,-0.040738023817539215,-0.03862154111266136,-0.03650505840778351,-0.034388571977615356,-0.0322720892727375,-0.03015560656785965,-0.028039122000336647,-0.025922637432813644,-0.02380615472793579,-0.021689672023057938,-0.019573187455534935,-0.017456702888011932,-0.015340220183134079,-0.013223736546933651,-0.011107252910733223,-0.008990769274532795,-0.006874289363622665,-0.004757805727422237,-0.0026413220912218094,-0.0005248384550213814,0.0015916451811790466,0.0037081288173794746,0.005824612453579903,0.00794109608978033,0.010057579725980759,0.012174063362181187,0.014290546998381615,0.016407031565904617,0.01852351427078247,0.020639996975660324,0.022756481543183327,0.02487296611070633,0.026989448815584183,0.029105931520462036,0.03122241608798504,0.03333890065550804,0.035455383360385895,0.03757186606526375,0.0396883487701416,0.04180483520030975,0.04392131790518761,0.04603780061006546,0.04815428704023361,0.050270769745111465,0.05238725244998932,0.05450373515486717,0.056620217859745026,0.05873670428991318,0.06085318699479103],"_type":"histogram","values":[1,0,1,0,4,3,7,5,18,13,14,12,8,9,4,8,4,1,1,1,0,2,1,2,0,0,0,0,0,0,0,1,0,0,0,0,0,0,1,2,2,4,1,7,7,8,8,11,8,5,5,9,7,6,6,10,7,7,6,4,2,2,0,1]},"gradients/hidden_layers.0.weight":{"_type":"histogram","values":[1,0,0,0,0,1,0,0,0,0,0,0,0,0,0,0,0,0,0,0,0,0,0,0,0,0,0,1,2,5,6,5,14,6,3,8,3,3,12,7,106,10,6,7,8,3,4,5,5,4,6,3,1,1,3,2,2,0,0,1,0,0,1,1],"bins":[-0.6373400092124939,-0.6215046644210815,-0.6056693196296692,-0.5898339748382568,-0.5739986896514893,-0.5581633448600769,-0.5423280000686646,-0.5264926552772522,-0.5106573104858398,-0.4948219656944275,-0.47898662090301514,-0.46315130591392517,-0.4473159611225128,-0.43148061633110046,-0.4156453013420105,-0.39980995655059814,-0.3839746117591858,-0.36813926696777344,-0.3523039221763611,-0.3364686071872711,-0.32063326239585876,-0.3047979176044464,-0.28896260261535645,-0.2731272578239441,-0.25729191303253174,-0.24145656824111938,-0.22562123835086823,-0.20978590846061707,-0.1939505636692047,-0.17811521887779236,-0.1622798889875412,-0.14644455909729004,-0.13060924410820007,-0.11477390676736832,-0.09893856942653656,-0.0831032320857048,-0.06726789474487305,-0.05143255740404129,-0.035597220063209534,-0.019761882722377777,-0.0039265453815460205,0.011908791959285736,0.027744129300117493,0.04357946664094925,0.059414803981781006,0.07525014132261276,0.09108547866344452,0.10692081600427628,0.12275615334510803,0.13859149813652039,0.15442682802677155,0.1702621579170227,0.18609750270843506,0.2019328474998474,0.21776817739009857,0.23360350728034973,0.24943885207176208,0.26527419686317444,0.2811095118522644,0.29694485664367676,0.3127802014350891,0.32861554622650146,0.3444508910179138,0.3602862060070038,0.37612155079841614]},"_wandb":{"runtime":331},"gradients/hidden_layers.0.bias":{"bins":[-0.5910485982894897,-0.5538803339004517,-0.5167120695114136,-0.4795438051223755,-0.4423755407333374,-0.4052072763442993,-0.36803901195526123,-0.33087074756622314,-0.29370248317718506,-0.256534218788147,-0.2193659543991089,-0.1821976900100708,-0.14502942562103271,-0.10786116123199463,-0.07069289684295654,-0.03352463245391846,0.003643631935119629,0.040811896324157715,0.0779801607131958,0.11514842510223389,0.15231668949127197,0.18948495388031006,0.22665321826934814,0.26382148265838623,0.3009897470474243,0.3381580114364624,0.3753262758255005,0.4124945402145386,0.44966280460357666,0.48683106899261475,0.5239993333816528,0.5611675977706909,0.5983357429504395,0.6355040073394775,0.6726722717285156,0.7098405361175537,0.7470088005065918,0.7841770648956299,0.821345329284668,0.858513593673706,0.8956818580627441,0.9328501224517822,0.9700183868408203,1.0071866512298584,1.0443549156188965,1.0815231800079346,1.1186914443969727,1.1558597087860107,1.1930279731750488,1.230196237564087,1.267364501953125,1.304532766342163,1.3417010307312012,1.3788692951202393,1.4160375595092773,1.4532058238983154,1.4903740882873535,1.5275423526763916,1.5647106170654297,1.6018788814544678,1.6390471458435059,1.676215410232544,1.713383674621582,1.7505519390106201,1.7877202033996582],"_type":"histogram","values":[1,0,1,1,0,0,1,3,2,2,5,10,23,16,11,103,14,8,9,5,8,4,6,4,2,2,1,5,3,2,1,1,1,0,0,0,0,0,0,0,0,0,0,0,0,0,0,0,0,0,0,0,0,0,0,0,0,0,0,0,0,0,0,1]},"gradients/hidden_layers.3.weight":{"_type":"histogram","values":[1,0,1,4,2,4,6,8,4,9,4,11,11,16,9,7,5,5,6,5,7,17,18,23,41,88,68,81,186,236,64182,154,80,55,20,33,15,19,6,10,9,8,4,6,8,5,9,5,4,3,3,1,1,2,2,1,3,0,1,2,1,0,0,1],