{"val_loss":0.10925155878067017,"gradients/lif_layers.0.rnn.bias_hh_l0":{"_type":"histogram","values":[1,0,0,0,0,0,0,1,0,0,0,0,0,0,0,0,0,1,0,0,0,1,0,1,1,0,0,0,0,2,1,1,0,5,37,0,1,1,0,0,0,0,0,1,1,1,2,0,1,0,1,0,0,0,0,0,0,0,0,1,0,1,0,1],"bins":[-0.004822534509003162,-0.004681652411818504,-0.004540770314633846,-0.004399888217449188,-0.00425900612026453,-0.004118124023079872,-0.003977241460233927,-0.0038363595958799124,-0.0036954772658646107,-0.0035545951686799526,-0.0034137130714952946,-0.0032728309743106365,-0.0031319488771259785,-0.0029910667799413204,-0.0028501844499260187,-0.0027093023527413607,-0.0025684202555567026,-0.0024275381583720446,-0.0022866560611873865,-0.002145773731172085,-0.0020048916339874268,-0.0018640095368027687,-0.0017231274396181107,-0.0015822452260181308,-0.0014413631288334727,-0.0013004810316488147,-0.0011595988180488348,-0.0010187167208641768,-0.0008778345654718578,-0.0007369524100795388,-0.0005960703128948808,-0.0004551881575025618,-0.00031430600211024284,-0.0001734238612698391,-3.254172042943537e-05,0.00010834042041096836,0.0002492225612513721,0.00039010471664369106,0.0005309868138283491,0.0006718689692206681,0.000812751124612987,0.000953633280005306,0.001094515435397625,0.001235397532582283,0.001376279629766941,0.001517161843366921,0.001658043940551579,0.0017989261541515589,0.001939808251336217,0.002080690348520875,0.002221572445705533,0.0023624547757208347,0.0025033368729054928,0.002644218970090151,0.002785101067274809,0.002925983164459467,0.003066865261644125,0.0032077475916594267,0.0033486296888440847,0.003489511786028743,0.003630393883213401,0.003771275980398059,0.003912158310413361,0.004053040407598019,0.004193922504782677]},"gradients/lif_layers.0.rnn.weight_ih_l0":{"bins":[-0.0025271784979850054,-0.0024270443245768547,-0.0023269099183380604,-0.0022267757449299097,-0.002126641571521759,-0.0020265073981136084,-0.0019263731082901359,-0.0018262388184666634,-0.0017261046450585127,-0.001625970471650362,-0.0015258361818268895,-0.001425701892003417,-0.0013255677185952663,-0.0012254335451871157,-0.0011252992553636432,-0.0010251649655401707,-0.00092503079213202,-0.0008248965605162084,-0.0007247623289003968,-0.0006246280972845852,-0.0005244938656687737,-0.00042435963405296206,-0.0003242254024371505,-0.0002240911708213389,-0.0001239569392055273,-2.382270758971572e-05,7.631152402609587e-05,0.00017644575564190745,0.00027657998725771904,0.0003767142188735306,0.0004768484504893422,0.0005769826821051538,0.0006771169137209654,0.000777251145336777,0.0008773853769525886,0.000977519666776061,0.0010776538401842117,0.0011777880135923624,0.001277922303415835,0.0013780565932393074,0.001478190766647458,0.0015783249400556087,0.0016784592298790812,0.0017785935197025537,0.0018787276931107044,0.001978861866518855,0.0020789960399270058,0.0021791304461658,0.0022792646195739508,0.0023793987929821014,0.0024795331992208958,0.0025796673726290464,0.002679801546037197,0.002779935719445348,0.0028800698928534985,0.002980204299092293,0.0030803384725004435,0.003180472645908594,0.0032806070521473885,0.003380741225555539,0.00348087539896369,0.0035810095723718405,0.003681143745779991,0.0037812781520187855,0.003881412325426936],"_type":"histogram","values":[1,0,1,0,0,1,0,0,1,2,2,2,4,0,2,3,2,3,1,1,2,1,7,11,43,298,11,4,3,7,3,9,3,5,2,1,1,1,0,0,0,1,0,0,2,1,1,1,0,0,0,2,0,0,0,0,0,1,0,0,0,0,0,1]},"_runtime":98,"train_loss":0.10951827466487885,"_wandb":{"runtime":98},"gradients/lif_layers.0.rnn.bias_ih_l0":{"_type":"histogram","values":[1,0,0,0,0,0,0,1,0,0,0,0,0,0,0,0,0,1,0,0,0,1,0,1,1,0,0,0,0,2,1,1,0,5,37,0,1,1,0,0,0,0,0,1,1,1,2,0,1,0,1,0,0,0,0,0,0,0,0,1,0,1,0,1],"bins":[-0.00482253497466445,-0.004681652877479792,-0.004540770780295134,-0.0043998886831104755,-0.0042590065859258175,-0.0041181244887411594,-0.003977241925895214,-0.0038363600615411997,-0.003695477731525898,-0.00355459563434124,-0.003413713537156582,-0.003272831439971924,-0.0031319493427872658,-0.0029910672456026077,-0.002850184915587306,-0.002709302818402648,-0.00256842072121799,-0.002427538624033332,-0.002286656526848674,-0.002145774196833372,-0.002004892099648714,-0.001864010002464056,-0.001723127905279398,-0.001582245691679418,-0.00144136359449476,-0.001300481497310102,-0.0011595992837101221,-0.001018717186525464,-0.0008778350311331451,-0.0007369528757408261,-0.0005960707785561681,-0.0004551886231638491,-0.00031430646777153015,-0.00017342432693112642,-3.254218609072268e-05,0.00010833995474968106,0.0002492220955900848,0.00039010425098240376,0.0005309863481670618,0.0006718685035593808,0.0008127506589516997,0.0009536328143440187,0.0010945149697363377,0.0012353970669209957,0.0013762791641056538,0.0015171613777056336,0.0016580434748902917,0.0017989256884902716,0.0019398077856749296,0.0020806898828595877,0.0022215719800442457,0.0023624543100595474,0.0025033364072442055,0.0026442185044288635,0.0027851006016135216,0.0029259826987981796,0.0030668647959828377,0.0032077471259981394,0.0033486292231827974,0.0034895113203674555,0.0036303934175521135,0.0037712755147367716,0.003912157844752073,0.004053039941936731,0.004193922039121389]},"epoch":24,"trainer/global_step":724,"graph_0":{"_type":"graph-file","sha256":"9aa20574dc03176ee34be9ed8bd790a55a1b224ecde40eeb69b820a8399a959e","size":902,"path":"media/graph/graph_0_summary_9aa20574dc03176ee34b.graph.json"},"gradients/lif_layers.1.rnn.bias_hh_l0":{"_type":"histogram","values":[1,0,0,0,1,1,0,0,1,53,2,1,0,0,0,1,0,0,0,1,0,1,0,0,0,0,0,0,0,0,0,0,0,0,0,0,0,0,0,0,0,0,0,0,0,0,0,0,0,0,0,0,0,0,0,0,0,0,0,0,0,0,0,1],"bins":[-0.001591556123457849,-0.0014250129461288452,-0.0012584698852151632,-0.0010919268243014812,-0.0009253836469724774,-0.0007588405278511345,-0.0005922974087297916,-0.00042575428960844874,-0.00025921117048710585,-9.266805136576295e-05,7.387506775557995e-05,0.00024041818687692285,0.00040696130599826574,0.0005735044251196086,0.0007400475442409515,0.0009065906633622944,0.0010731337824836373,0.0012396769598126411,0.0014062200207263231,0.0015727630816400051,0.001739306258969009,0.0019058494362980127,0.0020723924972116947,0.0022389355581253767,0.0024054786190390587,0.0025720219127833843,0.0027385649736970663,0.0029051080346107483,0.003071651328355074,0.003238194389268756,0.003404737450182438,0.00357128051109612,0.003737824037671089,0.003904367098584771,0.004070910159498453,0.004237453453242779,0.004403996281325817,0.004570539575070143,0.004737082868814468,0.004903625696897507,0.005070168990641832,0.005236712284386158,0.005403255112469196,0.005569798406213522,0.005736341699957848,0.005902884528040886,0.0060694278217852116,0.00623597064986825,0.0064025139436125755,0.006569057237356901,0.0067356000654399395,0.006902143359184265,0.0070686861872673035,0.007235229481011629,0.007401772774755955,0.007568315602838993,0.007734858896583319,0.007901402190327644,0.008067945018410683,0.008234487846493721,0.008401031605899334,0.008567574433982372,0.00873411726206541,0.008900661021471024,0.009067203849554062]},"lr":0.0038891069125384092,