{"graph_0":{"_type":"graph-file","sha256":"999604d102597d53c662ef0745c1308d0bf128a69f1423f490069a35129df5b6","size":1423,"path":"media/graph/graph_0_summary_999604d102597d53c662.graph.json"},"epoch":1,"_wandb":{"runtime":21},"val_loss":0.12701642513275146,"_step":3,"trainer/global_step":29,"train_loss":0.13138306140899658,"_runtime":21,"_timestamp":1.7607115074181101e+09,"lr":0.004512500017881393}