{"_wandb":{"runtime":12},"epoch":1,"trainer/global_step":29,"graph_0":{"_type":"graph-file","sha256":"b6b23ff36371bb519e4a11fc69044257ca9fa8ad3775887f82117e50344cb8bb","size":1423,"path":"media/graph/graph_0_summary_b6b23ff36371bb519e4a.graph.json"},"_step":3,"_runtime":12,"train_loss":0.13045373558998108,"val_loss":0.13102075457572937,"_timestamp":1.7607112382581418e+09,"lr":0.004512500017881393}