{"graph_0":{"size":1392,"path":"media/graph/graph_0_summary_b756c2f87e888be75499.graph.json","_type":"graph-file","sha256":"b756c2f87e888be7549951eedf5cbbbc7db4701cd97bdd3b5390d007e213b170"},"_wandb":{"runtime":8},"_runtime":8,"epoch":1,"train_loss":0.13065966963768005,"trainer/global_step":29,"lr":0.009801000356674194,"_timestamp":1.7607113377755382e+09,"_step":3,"val_loss":0.12852641940116882}