{"gradients/hidden_layers.1.bias":{"_type":"histogram","values":[1,0,0,0,1,0,0,0,0,0,0,0,0,0,4,119,0,0,0,0,1,0,0,0,0,0,0,0,0,0,0,0,0,0,0,0,0,0,0,0,0,0,0,0,1,0,0,0,0,0,0,0,0,0,0,0,0,0,0,0,0,0,0,1],"bins":[-0.020978614687919617,-0.019596360623836517,-0.018214106559753418,-0.01683185249567032,-0.01544959843158722,-0.014067343436181545,-0.012685089372098446,-0.011302835308015347,-0.009920581243932247,-0.008538327179849148,-0.007156073115766048,-0.005773818586021662,-0.004391564521938562,-0.003009310457855463,-0.00162705616094172,-0.0002448019804432988,0.0011374522000551224,0.0025197062641382217,0.0039019605610519648,0.005284214857965708,0.006666468922048807,0.008048723451793194,0.009430977515876293,0.010813231579959393,0.012195485644042492,0.013577739708125591,0.01495999377220869,0.016342248767614365,0.017724502831697464,0.019106756895780563,0.020489010959863663,0.021871265023946762,0.02325351908802986,0.02463577315211296,0.02601802721619606,0.02740028128027916,0.02878253534436226,0.03016478940844536,0.03154704347252846,0.03292929753661156,0.034311551600694656,0.035693805664777756,0.037076059728860855,0.038458313792943954,0.039840567857027054,0.04122282192111015,0.04260507598519325,0.04398733004927635,0.04536958783864975,0.04675184190273285,0.04813409596681595,0.04951635003089905,0.05089860409498215,0.05228085815906525,0.053663112223148346,0.055045366287231445,0.056427620351314545,0.057809874415397644,0.05919212847948074,0.06057438254356384,0.06195663660764694,0.06333889067173004,0.06472114473581314,0.06610339879989624,0.06748565286397934]},"gradients/output_layer.weight":{"_type":"histogram","values":[1,1,0,1,1,3,3,2,6,7,5,5,10,17,11,25,16,41,39,42,71,96,100,140,219,318,491,721,1029,1440,2080,2004,1394,918,625,431,281,219,136,93,67,54,44,32,30,25,20,15,11,11,10,10,3,11,4,4,2,2,1,1,0,0,0,1],"bins":[-0.0012915738625451922,-0.0012499430449679494,-0.0012083123438060284,-0.0011666815262287855,-0.0011250508250668645,-0.0010834200074896216,-0.0010417893063277006,-0.0010001584887504578,-0.0009585277875885367,-0.0009168969700112939,-0.000875266210641712,-0.00083363545127213,-0.0007920046919025481,-0.0007503739325329661,-0.0007087431731633842,-0.0006671124137938023,-0.0006254816544242203,-0.0005838508950546384,-0.0005422201356850564,-0.0005005893763154745,-0.00045895861694589257,-0.0004173278284724802,-0.00037569706910289824,-0.0003340663097333163,-0.00029243555036373436,-0.0002508047909941524,-0.0002091740316245705,-0.00016754325770307332,-0.00012591249833349138,-8.428173896390945e-05,-4.2650972318369895e-05,-1.0202093108091503e-06,4.0610553696751595e-05,8.224131306633353e-05,0.00012387207243591547,0.00016550284635741264,0.00020713360572699457,0.00024876437964849174,0.0002903951390180737,0.0003320258983876556,0.00037365665775723755,0.0004152874171268195,0.00045691817649640143,0.0004985489649698138,0.0005401797243393958,0.0005818104837089777,0.0006234412430785596,0.0006650720024481416,0.0007067027618177235,0.0007483335211873055,0.0007899642805568874,0.0008315950399264693,0.0008732257992960513,0.0009148565586656332,0.0009564873180352151,0.000998118077404797,0.00103974889498204,0.001081379596143961,0.0011230104137212038,0.0011646411148831248,0.0012062719324603677,0.0012479026336222887,0.0012895334511995316,0.0013311641523614526,0.0013727949699386954]},"graph_0":{"_type":"graph-file","sha256":"e74a28e22e036f89c87a4e0ed61edad04c7c9e04d491f9571bccf9192e205a3c","size":1876,"path":"media/graph/graph_0_summary_e74a28e22e036f89c87a.graph.json"},"_runtime":164,"gradients/hidden_layers.2.weight":{"values":[2,0,0,0,0,0,0,0,0,0,0,0,1,1,0,0,0,1,2,1,4,13,39,113,16018,71,22,16,5,4,6,6,4,5,4,3,5,4,2,7,10,0,2,0,2,0,1,2,2,0,1,0,1,0,0,0,1,1,0,0,1,0,0,1],"bins":[-0.01883959397673607,-0.018068265169858932,-0.017296938225626945,-0.01652560941874981,-0.015754282474517822,-0.014982953667640686,-0.01421162486076355,-0.013440296985208988,-0.012668969109654427,-0.011897641234099865,-0.011126313358545303,-0.010354984551668167,-0.009583656676113605,-0.008812328800559044,-0.008040999993681908,-0.007269672118127346,-0.006498344242572784,-0.005727016367018223,-0.004955688025802374,-0.004184359684586525,-0.0034130318090319633,-0.002641703700646758,-0.0018703755922615528,-0.0010990474838763475,-0.0003277193754911423,0.000443608732894063,0.0012149368412792683,0.0019862649496644735,0.002757593058049679,0.003528921166434884,0.004300249274820089,0.005071577616035938,0.005842903628945351,0.006614231504499912,0.007385559845715761,0.00815688818693161,0.008928216062486172,0.009699543938040733,0.01047087274491787,0.011242200620472431,0.012013528496026993,0.012784856371581554,0.013556184247136116,0.014327513054013252,0.015098840929567814,0.015870168805122375,0.01664149761199951,0.0174128245562315,0.018184153363108635,0.01895548216998577,0.019726809114217758,0.020498137921094894,0.02126946672797203,0.022040793672204018,0.022812122479081154,0.02358344942331314,0.024354778230190277,0.025126107037067413,0.0258974339812994,0.026668762788176537,0.027440089732408524,0.02821141853928566,0.028982747346162796,0.029754074290394783,0.03052540309727192],"_type":"histogram"},"gradients/hidden_layers.2.bias":{"bins":[-0.020351368933916092,-0.019245458766818047,-0.018139546737074852,-0.017033636569976807,-0.015927724540233612,-0.014821814373135567,-0.013715904206037521,-0.012609993107616901,-0.011504082009196281,-0.010398170910775661,-0.009292259812355042,-0.008186349645256996,-0.007080438546836376,-0.005974527448415756,-0.004868616815656424,-0.0037627059500664473,-0.002656795084476471,-0.0015508842188864946,-0.0004449733532965183,0.000660937512293458,0.0017668483778834343,0.0028727592434734106,0.003978670109063387,0.00508458074182272,0.0061904918402433395,0.0072964029386639595,0.00840231403708458,0.009508224204182625,0.010614135302603245,0.011720046401023865,0.01282595656812191,0.01393186766654253,0.01503777876496315,0.016143688932061195,0.01724960096180439,0.018355511128902435,0.01946142315864563,0.020567333325743675,0.02167324349284172,0.022779155522584915,0.02388506568968296,0.024990975856781006,0.0260968878865242,0.027202798053622246,0.02830870822072029,0.029414620250463486,0.03052053041756153,0.031626440584659576,0.03273235261440277,0.033838264644145966,0.03494417294859886,0.036050084978342056,0.03715599700808525,0.03826190531253815,0.03936781734228134,0.040473729372024536,0.04157964140176773,0.04268554970622063,0.04379146173596382,0.044897373765707016,0.04600328207015991,0.04710919409990311,0.0482151061296463,0.0493210144340992,0.05042692646384239],"_type":"histogram","values":[1,1,0,0,0,0,0,0,0,1,1,0,1,2,2,7,7,19,29,17,8,8,4,2,4,2,1,0,0,4,1,0,1,1,0,0,0,0,1,0,0,0,0,1,0,0,0,0,0,0,0,0,0,0,0,0,1,0,0,0,0,0,0,1]},"_timestamp":1.7607844147324748e+09,"gradients/output_layer.bias":{"_type":"histogram","values":[1,1,0,0,1,2,0,0,2,2,3,2,2,1,1,2,1,0,0,4,3,3,4,1,4,1,4,3,3,3,4,1,2,1,3,3,1,1,2,1,2,2,3,3,0,1,0,3,1,1,1,1,1,3,1,1,1,1,0,0,0,0,0,1],