{"gradients/linear2.weight":{"_type":"histogram","values":[2,0,0,0,0,3,0,3,1,2,2,7,4,2,8,7,3,10,13,17,18,22,31,22,34,52,60,68,92,117,170,211,355,683,1537,59170,1421,529,246,164,107,84,58,38,31,33,21,16,11,13,6,8,3,5,4,1,3,1,2,1,1,0,1,2],"bins":[-0.012799015268683434,-0.012439216487109661,-0.012079416774213314,-0.011719617992639542,-0.01135981921106577,-0.011000019498169422,-0.01064022071659565,-0.010280421935021877,-0.009920623153448105,-0.009560823440551758,-0.009201024658977985,-0.008841225877404213,-0.008481426164507866,-0.008121627382934093,-0.007761828135699034,-0.007402029354125261,-0.007042230106890202,-0.006682430859655142,-0.006322632078081369,-0.00596283283084631,-0.005603034049272537,-0.0052432348020374775,-0.004883435554802418,-0.004523636773228645,-0.004163837525993586,-0.0038040385115891695,-0.0034442394971847534,-0.0030844402499496937,-0.0027246412355452776,-0.0023648422211408615,-0.0020050429739058018,-0.0016452439595013857,-0.001285444013774395,-0.000925644941162318,-0.000565845868550241,-0.000206046795938164,0.000153752276673913,0.00051355134928599,0.000873350421898067,0.001233149552717805,0.001592948567122221,0.001952747581526637,0.002312546595931053,0.002672345843166113,0.003032144857570529,0.003391943871974945,0.003751743119210005,0.004111541900783777,0.004471341148018837,0.004831140395253897,0.005190939176827669,0.005550738424062729,0.005910537205636501,0.006270336452871561,0.006630135700106621,0.006989934481680393,0.007349733728915453,0.007709532976150513,0.008069331757724285,0.008429130539298058,0.008788930252194405,0.009148729033768177,0.00950852781534195,0.009868327528238297,0.010228126309812069]},"gradients/linear3.bias":{"bins":[-0.002310653682798147,-0.0022620530799031258,-0.0022134522441774607,-0.0021648516412824392,-0.002116250805556774,-0.0020676502026617527,-0.0020190493669360876,-0.001970448764041066,-0.001921847928315401,-0.0018732472090050578,-0.0018246464896947145,-0.0017760457703843713,-0.001727445051074028,-0.0016788443317636847,-0.0016302436124533415,-0.0015816428931429982,-0.001533042173832655,-0.0014844415709376335,-0.0014358408516272902,-0.001387240132316947,-0.0013386394130066037,-0.0012900386936962605,-0.0012414379743859172,-0.001192837255075574,-0.0011442365357652307,-0.0010956358164548874,-0.0010470350971445441,-0.0009984343778342009,-0.0009498336585238576,-0.0009012329392135143,-0.0008526322199031711,-0.0008040315005928278,-0.0007554308394901454,-0.0007068301201798022,-0.0006582294008694589,-0.0006096286815591156,-0.0005610279622487724,-0.0005124272429384291,-0.0004638265527319163,-0.00041522583342157304,-0.0003666251141112298,-0.0003180243948008865,-0.00026942367549054325,-0.0002208229707321152,-0.00017222225142177194,-0.00012362153211142868,-7.502082007704303e-05,-2.6420104404678568e-05,2.218061126768589e-05,7.078133057802916e-05,0.00011938204261241481,0.00016798275464680046,0.00021658347395714372,0.00026518417871557176,0.000313784898025915,0.0003623856173362583,0.00041098633664660156,0.0004595870559569448,0.0005081877461634576,0.0005567884654738009,0.0006053891847841442,0.0006539899040944874,0.0007025906234048307,0.000751191342715174,0.0007997920620255172],"_type":"histogram","values":[1,0,0,0,0,1,0,0,0,0,1,2,1,0,0,0,0,0,0,1,0,1,0,2,0,2,0,2,1,2,3,2,5,2,0,4,3,5,3,3,1,2,2,6,6,1,3,5,0,4,1,3,4,3,0,2,2,3,3,0,1,0,0,1]},"lr":0.0007778213475830853,"gradients/linear1.weight":{"bins":[-0.14503751695156097,-0.1405784636735916,-0.13611942529678345,-0.1316603720188141,-0.12720131874084473,-0.12274227291345596,-0.1182832270860672,-0.11382417380809784,-0.10936512798070908,-0.10490608215332031,-0.10044702887535095,-0.09598798304796219,-0.09152893722057343,-0.08706988394260406,-0.0826108381152153,-0.07815178483724594,-0.07369273900985718,-0.06923369318246841,-0.06477463990449905,-0.06031559407711029,-0.05585654452443123,-0.05139749497175217,-0.0469384491443634,-0.04247939959168434,-0.03802035003900528,-0.03356130048632622,-0.029102252796292305,-0.024643205106258392,-0.02018415555357933,-0.01572510600090027,-0.011266058310866356,-0.006807009689509869,-0.0023479610681533813,0.002111087553203106,0.006570136174559593,0.01102918479591608,0.015488233417272568,0.01994728296995163,0.024406330659985542,0.028865378350019455,0.03332442790269852,0.03778347745537758,0.04224252700805664,0.046701572835445404,0.051160622388124466,0.05561967194080353,0.06007871776819229,0.06453777104616165,0.06899681687355042,0.07345586270093918,0.07791491597890854,0.0823739618062973,0.08683301508426666,0.09129206091165543,0.09575110673904419,0.10021016001701355,0.10466920584440231,0.10912825167179108,0.11358730494976044,0.1180463507771492,0.12250539660453796,0.12696444988250732,0.13142350316047668,0.13588254153728485,0.1403415948152542],"_type":"histogram","values":[6,4,3,5,4,3,7,5,14,11,16,14,6,8,11,21,23,34,62,37,30,54,72,41,56,76,55,69,108,286,454,1049,60357,623,287,273,218,171,121,125,112,71,53,59,50,52,53,58,43,33,21,18,9,18,2,11,10,10,4,7,3,2,4,14]},"_wandb":{"runtime":316},"gradients/linear0.bias":{"bins":[-1.6394379138946533,-1.6075752973556519,-1.5757126808166504,-1.5438499450683594,-1.511987328529358,-1.4801247119903564,-1.4482619762420654,-1.416399359703064,-1.3845367431640625,-1.352674126625061,-1.3208115100860596,-1.2889487743377686,-1.257086157798767,-1.2252235412597656,-1.1933608055114746,-1.1614981889724731,-1.1296355724334717,-1.0977729558944702,-1.0659103393554688,-1.0340476036071777,-1.0021849870681763,-0.9703223705291748,-0.9384596943855286,-0.9065970182418823,-0.8747344017028809,-0.8428717851638794,-0.8110091090202332,-0.7791464328765869,-0.7472838163375854,-0.715421199798584,-0.6835585236549377,-0.6516958475112915,-0.61983323097229,-0.5879705548286438,-0.5561078786849976,-0.5242452621459961,-0.49238261580467224,-0.4605199694633484,-0.42865732312202454,-0.3967946767807007,-0.36493203043937683,-0.333069384098053,-0.3012067377567291,-0.2693440914154053,-0.23748144507408142,-0.20561879873275757,-0.17375615239143372,-0.14189350605010986,-0.11003085970878601,-0.07816821336746216,-0.046305567026138306,-0.014442920684814453,0.0174197256565094,0.04928237199783325,0.0811450183391571,0.11300766468048096,0.1448703110218048,0.17673295736312866,0.20859560370445251,0.24045825004577637,0.2723208963871002,0.3041835427284241,0.3360461890697479,0.3679088354110718,0.39977148175239563],"_type":"histogram","values":[1,0,0,0,0,0,0,0,0,0,0,0,0,0,0,0,0,0,0,0,1,0,0,0,0,0,0,0,1,0,0,0,0,0,0,3,1,1,0,0,2,2,2,3,2,6,13,4,12,15,20,113,16,9,8,8,4,5,0,1,1,1,0,1]},"_timestamp":1.760770938081257e+09,"gradients/linear3.weight":{"values":[1,2,3,2,4,10,6,14,17,24,26,28,46,59,70,117,146,229,302,459,674,996,1539,2283,3673,4852,3664,2282,1435,940,696,412,273,210,165,101,91,86,41,29,39,29,24,20,18,8,8,9,5,7,3,1,5,2,5,3,1,1,1,1,0,1,0,2],