{"gradients/hidden_layers.1.bias":{"bins":[-0.4609333574771881,-0.4446815848350525,-0.42842984199523926,-0.412178099155426,-0.3959263265132904,-0.3796745538711548,-0.36342281103134155,-0.3471710681915283,-0.3309192955493927,-0.3146675229072571,-0.29841578006744385,-0.2821640372276306,-0.265912264585495,-0.24966050684452057,-0.23340874910354614,-0.21715699136257172,-0.2009052336215973,-0.18465347588062286,-0.16840171813964844,-0.152149960398674,-0.13589820265769958,-0.11964644491672516,-0.10339468717575073,-0.0871429294347763,-0.07089117169380188,-0.054639413952827454,-0.03838765621185303,-0.0221358984708786,-0.005884140729904175,0.010367617011070251,0.026619374752044678,0.042871132493019104,0.05912292003631592,0.07537467777729034,0.09162643551826477,0.1078781932592392,0.12412995100021362,0.14038170874118805,0.15663346648216248,0.1728852242231369,0.18913698196411133,0.20538873970508575,0.22164049744606018,0.2378922551870346,0.25414401292800903,0.27039575576782227,0.2866475284099579,0.3028993010520935,0.31915104389190674,0.33540278673171997,0.3516545593738556,0.3679063320159912,0.38415807485580444,0.4004098176956177,0.4166615903377533,0.4329133629798889,0.44916510581970215,0.4654168486595154,0.481668621301651,0.4979203939437866,0.5141721367835999,0.5304238796234131,0.5466756820678711,0.5629274249076843,0.5791791677474976],"_type":"histogram","values":[1,0,0,0,0,0,0,0,0,0,0,0,0,0,0,0,0,0,0,0,1,0,0,0,0,0,0,0,121,1,0,1,1,0,0,0,0,0,0,0,0,0,0,0,0,0,0,0,0,0,1,0,0,0,0,0,0,0,0,0,0,0,0,1]},"_runtime":184,"gradients/hidden_layers.2.weight":{"_type":"histogram","values":[4,1,11,12,16238,77,4,6,1,0,0,0,0,0,0,1,0,0,1,0,4,1,4,2,0,0,0,0,1,2,0,0,2,0,0,0,1,0,0,0,0,0,0,0,1,0,0,0,1,2,0,0,0,2,0,0,0,0,1,2,0,0,0,2],"bins":[-0.04390107840299606,-0.03461915999650955,-0.02533724345266819,-0.016055326908826828,-0.006773408502340317,0.00250850897282362,0.011790426447987556,0.02107234299182892,0.03035426139831543,0.03963617980480194,0.04891809821128845,0.058200012892484665,0.06748193502426147,0.07676384598016739,0.0860457643866539,0.09532768279314041,0.10460960119962692,0.11389151960611343,0.12317343801259995,0.13245534896850586,0.14173726737499237,0.15101918578147888,0.1603011041879654,0.1695830225944519,0.17886494100093842,0.18814685940742493,0.19742877781391144,0.20671069622039795,0.21599261462688446,0.22527453303337097,0.23455645143985748,0.243838369846344,0.2531202733516693,0.26240217685699463,0.27168411016464233,0.28096601366996765,0.29024794697761536,0.2995298504829407,0.3088117837905884,0.3180936872959137,0.3273756206035614,0.3366575241088867,0.3459394574165344,0.35522136092185974,0.36450329422950745,0.37378519773483276,0.38306713104248047,0.3923490345478058,0.4016309380531311,0.4109128713607788,0.4201947748661041,0.42947670817375183,0.43875861167907715,0.44804054498672485,0.45732244849205017,0.4666043817996979,0.4758862853050232,0.4851682186126709,0.4944501221179962,0.5037320256233215,0.5130139589309692,0.5222958922386169,0.5315778255462646,0.5408596992492676,0.5501416325569153]},"val_loss":0.1162848174571991,"epoch":24,"gradients/hidden_layers.1.weight":{"_type":"histogram","values":[4,1,2,1,1,3,1,4,3,0,2,1,3,2,1,2,2,1,7,4,11,7,11,10,5,11,12,48,15991,52,36,19,19,2,6,10,7,2,6,6,10,5,1,3,6,2,7,3,3,4,4,1,2,2,2,2,2,1,1,0,1,1,1,4],"bins":[-0.45809367299079895,-0.4419344663619995,-0.4257752299308777,-0.40961602330207825,-0.3934567868709564,-0.377297580242157,-0.36113834381103516,-0.3449791371822357,-0.3288199305534363,-0.31266069412231445,-0.296501487493515,-0.2803422510623932,-0.26418304443359375,-0.24802382290363312,-0.23186460137367249,-0.21570537984371185,-0.19954615831375122,-0.1833869367837906,-0.16722771525382996,-0.15106849372386932,-0.1349092721939087,-0.11875005811452866,-0.10259084403514862,-0.08643162250518799,-0.07027240097522736,-0.054113179445266724,-0.03795396164059639,-0.021794741973280907,-0.005635522305965424,0.01052369736135006,0.026682917028665543,0.042842134833335876,0.05900132656097412,0.07516054809093475,0.09131976962089539,0.10747898370027542,0.12363820523023605,0.1397974193096161,0.15595664083957672,0.17211586236953735,0.18827508389949799,0.20443430542945862,0.22059352695941925,0.23675274848937988,0.2529119551181793,0.26907119154930115,0.2852303981781006,0.3013896346092224,0.31754884123802185,0.3337080478668213,0.3498672842979431,0.36602649092674255,0.3821857273578644,0.3983449339866638,0.41450417041778564,0.4306633770465851,0.4468225836753845,0.46298182010650635,0.4791410267353058,0.4953002631664276,0.511459469795227,0.5276187062263489,0.5437779426574707,0.5599371194839478,0.5760963559150696]},"gradients/output_layer.weight":{"values":[1,0,3,1,4,7,4,5,14,13,15,17,31,31,41,54,70,76,86,119,165,203,213,223,350,387,502,655,825,961,1178,1325,1152,899,752,665,522,436,311,237,192,143,107,84,70,56,45,40,28,22,14,12,5,6,7,3,4,3,0,2,2,1,0,1],"bins":[-0.0014873292529955506,-0.0014399545034393668,-0.001392579753883183,-0.0013452048879116774,-0.0012978301383554935,-0.0012504553887993097,-0.001203080639243126,-0.001155705889686942,-0.0011083311401307583,-0.0010609562741592526,-0.0010135815246030688,-0.000966206775046885,-0.0009188320254907012,-0.0008714572177268565,-0.0008240824681706727,-0.0007767076604068279,-0.0007293329108506441,-0.0006819581612944603,-0.0006345833535306156,-0.0005872086039744318,-0.000539833796210587,-0.0004924590466544032,-0.0004450842970982194,-0.0003977095184382051,-0.00035033473977819085,-0.0003029599611181766,-0.0002555851824581623,-0.0002082104329019785,-0.00016083565424196422,-0.00011346088285790756,-6.60861114738509e-05,-1.871134008979425e-05,2.8663547709584236e-05,7.60383190936409e-05,0.00012341309047769755,0.0001707878545857966,0.00021816263324581087,0.00026553741190582514,0.00031291216146200895,0.0003602869401220232,0.0004076617187820375,0.00045503649744205177,0.000502411276102066,0.0005497860256582499,0.0005971607752144337,0.0006445355829782784,0.0006919103325344622,0.0007392851402983069,0.0007866598898544908,0.0008340346394106746,0.0008814094471745193,0.0009287841967307031,0.0009761590044945478,0.0010235337540507317,0.0010709085036069155,0.0011182832531630993,0.001165658002719283,0.0012130328686907887,0.0012604076182469726,0.0013077823678031564,0.0013551571173593402,0.001402531866915524,0.0014499067328870296,0.0014972814824432135,0.0015446562319993973],"_type":"histogram"},"gradients/hidden_layers.0.bias":{"values":[2,3,1,2,2,1,0,3,2,4,5,2,3,4,0,5,57,3,2,0,3,2,1,0,1,2,1,1,0,1,0,1,1,2,0,0,0,1,1,1,2,1,0,2,0,0,0,0,0,0,0,0,0,0,0,1,0,1,0,0,0,0,0,1],"bins":[-1.3767064809799194,-1.292649269104004,-1.2085920572280884,-1.1245348453521729,-1.0404776334762573,-0.956420361995697,-0.8723631501197815,-0.788305938243866,-0.7042487263679504,-0.6201915144920349,-0.5361343026161194,-0.45207706093788147,-0.36801984906196594,-0.2839626371860504,-0.1999054104089737,-0.11584819108247757,-0.031790971755981445,0.05226624757051468,0.1363234668970108,0.22038069367408752,0.30443790555000305,0.3884951174259186,0.4725523591041565,0.556609570980072,0.6406667828559875,0.7247239947319031,0.8087812066078186,0.8928384184837341,0.9768956899642944,1.06095290184021,1.1450101137161255,1.229067325592041,1.313124418258667,1.3971816301345825,1.481238842010498,1.5652960538864136,1.649353265762329,1.7334104776382446,1.8174676895141602,1.9015249013900757,1.9855821132659912,2.0696394443511963,2.1536965370178223,2.2377538681030273,2.3218109607696533,2.4058682918548584,2.4899253845214844,2.5739827156066895,2.6580400466918945,2.7420971393585205,2.8261544704437256,2.9102115631103516,2.9942688941955566,3.0783259868621826,3.1623833179473877,3.2464404106140137,3.3304977416992188,3.4145548343658447,3.49861216545105,3.582669258117676,3.666726589202881,3.750783681869507,3.834841012954712,3.918898105621338,4.002955436706543],"_type":"histogram"},"_timestamp":1.7607923678653967e+09,"graph_0":{"size":1876,"path":"media/graph/graph_0_summary_f2706b2b56669683cf59.graph.json","_type":"graph-file","sha256":"f2706b2b56669683cf59855824bbe86b2de86e26d1eea0190d98024b0aa5c790"},