{"epoch":24,"gradients/linear2.bias":{"values":[1,0,0,0,1,0,2,0,1,0,1,1,1,3,0,2,0,1,0,2,1,2,0,1,1,2,0,1,3,1,3,2,2,1,3,1,1,2,1,1,2,1,0,1,0,0,1,0,2,0,0,0,2,2,1,1,0,2,0,1,1,1,0,1],"bins":[-0.008332631550729275,-0.008043750189244747,-0.00775486882776022,-0.007465987000614405,-0.007177105639129877,-0.0068882242776453495,-0.006599342916160822,-0.006310461554676294,-0.006021579727530479,-0.005732698366045952,-0.005443817004561424,-0.005154935643076897,-0.004866054281592369,-0.0045771729201078415,-0.004288291092962027,-0.003999409731477499,-0.0037105283699929714,-0.003421647008508444,-0.0031327654141932726,-0.002843884052708745,-0.0025550024583935738,-0.002266121096909046,-0.0019772397354245186,-0.0016883582575246692,-0.0013994767796248198,-0.0011105953017249703,-0.0008217138820327818,-0.0005328324623405933,-0.00024395098444074392,4.4930464355275035e-05,0.000333811913151294,0.0006226933328434825,0.0009115748107433319,0.0012004562886431813,0.0014893377665430307,0.0017782191280275583,0.0020671007223427296,0.002355982083827257,0.0026448634453117847,0.002933745039626956,0.0032226264011114836,0.003511507762596011,0.0038003893569111824,0.00408927071839571,0.004378152079880238,0.004667033441364765,0.00495591526851058,0.005244796629995108,0.005533677991479635,0.005822559352964163,0.00611144071444869,0.006400322541594505,0.006689203903079033,0.0069780852645635605,0.007266966626048088,0.007555847987532616,0.007844729349017143,0.00813361071050167,0.008422492071986198,0.0087113743647933,0.009000255726277828,0.009289137087762356,0.009578018449246883,0.009866899810731411,0.010155781172215939],"_type":"histogram"},"gradients/linear0.weight":{"_type":"histogram","values":[1,0,0,0,1,1,1,0,0,0,0,0,0,0,0,0,0,2,0,0,0,0,0,0,1,0,0,1,0,0,0,0,2,0,2,0,0,1,0,0,0,0,1,1,0,1,0,1,4,18,6,3,4,2,2,2,0,0,2,1,1,0,0,2],"bins":[-0.04853866994380951,-0.04756007343530655,-0.04658147320151329,-0.04560287669301033,-0.04462427645921707,-0.04364567995071411,-0.04266707971692085,-0.04168848320841789,-0.040709882974624634,-0.039731286466121674,-0.03875268995761871,-0.037774089723825455,-0.036795493215322495,-0.035816892981529236,-0.034838296473026276,-0.03385969623923302,-0.03288109973073006,-0.0319025032222271,-0.030923902988433838,-0.02994530461728573,-0.02896670624613762,-0.02798810973763466,-0.02700951136648655,-0.02603091299533844,-0.02505231462419033,-0.02407371625304222,-0.02309511788189411,-0.022116519510746002,-0.021137923002243042,-0.020159324631094933,-0.019180726259946823,-0.018202127888798714,-0.017223529517650604,-0.016244931146502495,-0.015266332775354385,-0.014287734404206276,-0.013309136033058167,-0.012330537661910057,-0.011351939290761948,-0.010373341850936413,-0.009394743479788303,-0.008416145108640194,-0.007437547203153372,-0.00645894929766655,-0.00548035092651844,-0.004501752555370331,-0.0035231546498835087,-0.002544556511566043,-0.0015659583732485771,-0.0005873602349311113,0.00039123790338635445,0.0013698360417038202,0.002348434180021286,0.003327032318338752,0.004305630456656218,0.00528422836214304,0.006262826733291149,0.007241425104439259,0.008220022544264793,0.009198620915412903,0.010177219286561012,0.011155817657709122,0.012134416028857231,0.013113013468682766,0.014091611839830875]},"_wandb":{"runtime":170},"gradients/linear2.weight":{"values":[1,0,0,2,4,2,3,5,7,8,6,14,13,18,18,26,28,19,30,36,44,64,83,91,129,221,2368,151,109,91,71,63,43,41,35,26,28,16,15,28,19,14,17,14,6,14,12,4,12,5,6,4,1,3,3,2,1,0,1,0,0,0,0,1],"bins":[-0.004205895122140646,-0.004044214729219675,-0.003882534336298704,-0.0037208539433777332,-0.0035591735504567623,-0.0033974931575357914,-0.0032358127646148205,-0.0030741323716938496,-0.0029124519787728786,-0.002750771353021264,-0.002589090960100293,-0.0024274105671793222,-0.0022657301742583513,-0.0021040497813373804,-0.0019423693884164095,-0.0017806889954954386,-0.0016190086025744677,-0.0014573282096534967,-0.0012956478167325258,-0.001133967423811555,-0.0009722869726829231,-0.0008106065797619522,-0.0006489261286333203,-0.0004872457357123494,-0.0003255653427913785,-0.00016388493531849235,-2.204527845606208e-06,0.00015947587962727994,0.0003211562871001661,0.000482836680021137,0.0006445171311497688,0.0008061975240707397,0.0009678779169917107,0.0011295583099126816,0.0012912387028336525,0.0014529190957546234,0.0016145994886755943,0.001776279998011887,0.001937960390932858,0.002099640667438507,0.002261321060359478,0.0024230016861110926,0.0025846820790320635,0.0027463624719530344,0.0029080428648740053,0.0030697232577949762,0.003231403650715947,0.003393084043636918,0.003554764436557889,0.00371644482947886,0.003878125222399831,0.004039805848151445,0.004201486241072416,0.004363166633993387,0.004524847026914358,0.004686527419835329,0.0048482078127563,0.005009888205677271,0.005171568598598242,0.005333248991519213,0.005494929384440184,0.0056566097773611546,0.0058182901702821255,0.005979970563203096,0.006141650956124067],"_type":"histogram"},"gradients/linear1.weight":{"bins":[-0.021720772609114647,-0.02110401727259159,-0.020487261936068535,-0.01987050659954548,-0.019253749400377274,-0.018636994063854218,-0.01802023872733116,-0.017403483390808105,-0.01678672805428505,-0.016169972717761993,-0.015553217381238937,-0.014936461113393307,-0.01431970577687025,-0.013702950440347195,-0.013086194172501564,-0.012469438835978508,-0.011852683499455452,-0.011235928162932396,-0.01061917282640934,-0.01000241655856371,-0.009385661222040653,-0.008768905885517597,-0.008152149617671967,-0.0075353942811489105,-0.0069186389446258545,-0.0063018836081027985,-0.005685127805918455,-0.005068372003734112,-0.004451616667211056,-0.003834861097857356,-0.0032181055285036564,-0.0026013499591499567,-0.0019845962524414062,-0.0013678406830877066,-0.0007510851137340069,-0.0001343295443803072,0.0004824260249733925,0.0010991815943270922,0.0017159371636807919,0.0023326927330344915,0.0029494483023881912,0.003566203871741891,0.004182959441095591,0.004799715243279934,0.00541647057980299,0.006033225916326046,0.006649981718510389,0.007266737520694733,0.007883492857217789,0.008500248193740845,0.0091170035302639,0.009733759798109531,0.010350515134632587,0.010967270471155643,0.011584026739001274,0.01220078207552433,0.012817537412047386,0.013434292748570442,0.014051048085093498,0.014667804352939129,0.015284559689462185,0.015901315957307816,0.01651807129383087,0.017134826630353928,0.017751581966876984],"_type":"histogram","values":[1,1,0,0,1,0,0,1,0,1,2,2,0,4,3,4,2,3,3,5,3,8,9,11,15,13,14,28,28,28,23,21,33,89,335,2787,153,110,79,55,39,24,21,22,13,10,7,8,11,15,10,13,5,3,3,3,7,0,2,1,1,1,1,1]},"gradients/linear3.weight":{"_type":"histogram","values":[1,2,0,3,2,6,6,5,4,10,7,14,16,20,24,26,22,35,37,47,63,62,89,115,137,172,260,376,539,772,987,873,600,427,285,201,166,111,72,70,59,50,36,35,28,23,24,13,13,17,12,3,6,1,2,4,0,3,2,1,2,0,1,1],