{"graph_0":{"_type":"graph-file","sha256":"d313ab3f8269e7020d4a1dac9e78886a7a9ee43a6396e8730d2ccc66c970f4a4","size":676,"path":"media/graph/graph_0_summary_d313ab3f8269e7020d4a.graph.json"},"_wandb":{"runtime":58},"trainer/global_step":724,"epoch":24,"lr":0.0007778213475830853,"gradients/output_layer.bias":{"_type":"histogram","values":[1,0,0,0,0,1,1,0,0,0,0,1,0,0,1,2,1,0,0,1,1,2,1,1,0,0,4,4,4,6,4,4,3,1,2,6,3,5,4,3,2,2,3,5,2,2,1,3,1,0,3,2,2,1,1,0,0,1,0,1,0,0,0,1],"bins":[-0.0004475871683098376,-0.0004291872028261423,-0.00041078723734244704,-0.0003923872718587518,-0.0003739873063750565,-0.0003555873117875308,-0.0003371873463038355,-0.00031878738082014024,-0.000300387415336445,-0.0002819874498527497,-0.00026358748436905444,-0.00024518751888535917,-0.00022678753884974867,-0.0002083875733660534,-0.0001899875933304429,-0.00017158762784674764,-0.00015318766236305237,-0.0001347876968793571,-0.00011638772411970422,-9.798775136005133e-05,-7.958778587635607e-05,-6.11878203926608e-05,-4.2787847633007914e-05,-2.4387878511333838e-05,-5.987909389659762e-06,1.2412059732014313e-05,3.081202885368839e-05,4.9211997975362465e-05,6.761196709703654e-05,8.601193258073181e-05,0.00010441190534038469,0.00012281187810003757,0.00014121178537607193,0.0001596117508597672,0.00017801171634346247,0.00019641169637907296,0.00021481166186276823,0.0002332116273464635,0.000251611607382074,0.00027001157286576927,0.00028841153834946454,0.0003068115038331598,0.0003252114693168551,0.00034361143480055034,0.00036201142938807607,0.00038041139487177134,0.0003988113603554666,0.00041721132583916187,0.00043561129132285714,0.0004540112568065524,0.0004724112222902477,0.000490811187773943,0.0005092111532576382,0.0005276111187413335,0.0005460110842250288,0.000564411049708724,0.0005828110734000802,0.0006012110388837755,0.0006196110043674707,0.000638010969851166,0.0006564109353348613,0.0006748109008185565,0.0006932108663022518,0.0007116108317859471,0.0007300107972696424]},"_timestamp":1.7607773814820442e+09,"_step":49,"train_loss":0.18355199694633484,"gradients/hidden_layers.0.weight":{"bins":[-0.0021697967313230038,-0.002094823867082596,-0.0020198507700115442,-0.0019448777893558145,-0.0018699048087000847,-0.0017949319444596767,-0.001719958963803947,-0.0016449859831482172,-0.0015700130024924874,-0.0014950400218367577,-0.0014200670411810279,-0.0013450940605252981,-0.0012701211962848902,-0.0011951482156291604,-0.0011201752349734306,-0.0010452022543177009,-0.0009702292736619711,-0.0008952562930062413,-0.0008202833123505116,-0.0007453103899024427,-0.0006703374092467129,-0.0005953644285909832,-0.0005203915061429143,-0.0004454185254871845,-0.00037044554483145475,-0.000295472564175725,-0.00022049961262382567,-0.00014552664652001113,-7.055368041619658e-05,4.419285687617958e-06,7.93922517914325e-05,0.00015436521789524704,0.00022933841682970524,0.000304311397485435,0.0003792843490373343,0.00045425730058923364,0.0005292302812449634,0.0006042032619006932,0.000679176184348762,0.0007541491650044918,0.0008291221456602216,0.0009040951263159513,0.0009790681069716811,0.0010540410876274109,0.0011290139518678188,0.0012039869325235486,0.0012789599131792784,0.0013539328938350081,0.001428905874490738,0.0015038788551464677,0.0015788518358021975,0.0016538248164579272,0.001728797797113657,0.001803770661354065,0.0018787436420097947,0.0019537166226655245,0.002028689719736576,0.002103662583976984,0.002178635448217392,0.0022536085452884436,0.0023285814095288515,0.002403554506599903,0.002478527370840311,0.0025535004679113626,0.0026284733321517706],"_type":"histogram","values":[1,2,0,0,1,0,0,2,0,1,1,1,0,3,1,1,1,1,3,3,7,1,5,5,3,2,3,3,3,2,2,3,4,8,2,4,5,4,4,5,3,1,11,3,1,1,1,0,1,0,3,1,2,1,0,0,1,0,0,0,0,0,0,1]},"val_loss":0.18294551968574524,"gradients/hidden_layers.0.bias":{"bins":[-0.0038346771616488695,-0.0037280721589922905,-0.0036214671563357115,-0.0035148621536791325,-0.0034082571510225534,-0.0033016521483659744,-0.0031950471457093954,-0.0030884421430528164,-0.0029818369075655937,-0.0028752319049090147,-0.0027686269022524357,-0.0026620218995958567,-0.0025554168969392776,-0.0024488118942826986,-0.0023422068916261196,-0.0022356018889695406,-0.0021289968863129616,-0.0020223918836563826,-0.0019157868809998035,-0.0018091818783432245,-0.0017025768756866455,-0.0015959717566147447,-0.0014893667539581656,-0.0013827617513015866,-0.0012761567486450076,-0.0011695517459884286,-0.0010629467433318496,-0.0009563416824676096,-0.0008497366798110306,-0.0007431316771544516,-0.0006365266162902117,-0.0005299216136336327,-0.0004233168438076973,-0.0003167118411511183,-0.0002101068093907088,-0.00010350179218221456,3.103225026279688e-06,0.00010970824223477393,0.00021631325944326818,0.00032291829120367765,0.00042952329386025667,0.0005361282965168357,0.0006427332991734147,0.0007493383600376546,0.0008559433626942337,0.0009625483653508127,0.0010691534262150526,0.0011757584288716316,0.0012823634315282106,0.0013889684341847897,0.0014955734368413687,0.0016021784394979477,0.0017087834421545267,0.0018153885612264276,0.0019219935638830066,0.0020285984501242638,0.0021352036856114864,0.0022418086882680655,0.0023484136909246445,0.0024550186935812235,0.0025616236962378025,0.0026682286988943815,0.0027748337015509605,0.0028814387042075396,0.0029880437068641186],"_type":"histogram","values":[1,0,0,0,0,0,1,0,0,2,1,0,0,1,0,1,1,1,1,1,3,3,7,1,0,1,2,2,4,6,2,2,4,3,4,4,5,5,3,3,3,4,4,5,5,5,1,3,2,1,4,1,1,2,2,2,1,2,2,2,0,0,0,1]},"_runtime":58,"gradients/output_layer.weight":{"_type":"histogram","values":[4,2,0,1,3,2,1,4,8,13,2,6,13,5,24,28,30,28,46,51,53,89,107,106,181,241,288,381,489,625,750,897,1024,1255,1851,1620,930,521,462,334,224,173,140,95,66,54,38,35,18,12,16,7,11,6,3,5,1,3,3,3,4,4,2,2],"bins":[-0.013388345949351788,-0.013001596555113792,-0.012614847160875797,-0.012228098697960377,-0.011841349303722382,-0.011454599909484386,-0.011067850515246391,-0.010681101121008396,-0.010294351726770401,-0.00990760326385498,-0.009520853869616985,-0.00913410447537899,-0.008747355081140995,-0.008360605686903,-0.00797385722398758,-0.007587107829749584,-0.007200358435511589,-0.006813609041273594,-0.006426860112696886,-0.006040110718458891,-0.005653361789882183,-0.005266612395644188,-0.004879863001406193,-0.004493114072829485,-0.00410636467859149,-0.0037196155171841383,-0.003332866355776787,-0.0029461169615387917,-0.00255936780013144,-0.0021726186387240887,-0.0017858693609014153,-0.001399120083078742,-0.0010123718529939651,-0.0006256226333789527,-0.00023887341376394033,0.00014787580585107207,0.0005346250254660845,0.0009213742450810969,0.0013081234646961093,0.0016948727425187826,0.002081621903926134,0.0024683710653334856,0.002855120226740837,0.0032418696209788322,0.0036286187823861837,0.004015367943793535,0.00440211733803153,0.004788866266608238,0.005175615660846233,0.0055623650550842285,0.005949113983660936,0.0063358633778989315,0.006722612306475639,0.0071093617007136345,0.00749611109495163,0.007882860489189625,0.00826960988342762,0.00865635834634304,0.009043107740581036,0.00942985713481903,0.009816606529057026,0.010203355923295021,0.010590104386210442,0.010976853780448437,0.011363603174686432]}}