{"_runtime":278,"gradients/hidden_layers.2.weight":{"bins":[-0.029932064935564995,-0.028469499200582504,-0.027006931602954865,-0.025544364005327225,-0.024081798270344734,-0.022619232535362244,-0.021156664937734604,-0.019694097340106964,-0.018231531605124474,-0.016768965870141983,-0.015306398272514343,-0.013843831606209278,-0.012381264939904213,-0.010918698273599148,-0.009456131607294083,-0.007993564940989017,-0.006530998274683952,-0.005068431608378887,-0.003605864942073822,-0.002143298275768757,-0.0006807316094636917,0.0007818350568413734,0.0022444017231464386,0.0037069683894515038,0.005169535055756569,0.006632101722061634,0.0080946683883667,0.009557235054671764,0.01101980172097683,0.012482368387281895,0.01394493505358696,0.015407501719892025,0.01687006652355194,0.01833263412117958,0.01979519985616207,0.021257765591144562,0.0227203331887722,0.02418290078639984,0.025645466521382332,0.027108032256364822,0.028570599853992462,0.030033167451620102,0.03149573504924774,0.03295829892158508,0.03442086651921272,0.03588343411684036,0.037345997989177704,0.038808565586805344,0.04027113318443298,0.04173370078206062,0.04319626837968826,0.044658832252025604,0.046121399849653244,0.047583967447280884,0.049046531319618225,0.050509098917245865,0.051971666514873505,0.053434234112501144,0.054896801710128784,0.056359365582466125,0.057821933180093765,0.059284500777721405,0.060747064650058746,0.062209632247686386,0.06367219984531403],"_type":"histogram","values":[2,0,1,0,4,2,0,0,2,4,7,10,19,12,17,29,48,63,105,305,64668,139,21,20,8,12,5,4,2,2,3,2,4,3,2,1,0,3,0,0,0,0,0,0,0,0,2,0,1,0,0,0,0,0,0,0,1,0,0,0,0,0,0,3]},"trainer/global_step":199,"gradients/hidden_layers.0.weight":{"bins":[-0.0416550375521183,-0.04054354876279831,-0.03943205997347832,-0.03832056745886803,-0.037209078669548035,-0.03609758988022804,-0.03498610109090805,-0.03387460857629776,-0.03276311978697777,-0.031651630997657776,-0.030540142208337784,-0.029428651556372643,-0.02831716276705265,-0.02720567211508751,-0.026094183325767517,-0.024982692673802376,-0.023871203884482384,-0.02275971509516239,-0.02164822444319725,-0.02053673565387726,-0.019425245001912117,-0.018313756212592125,-0.017202265560626984,-0.01609077677130699,-0.014979287050664425,-0.013867797330021858,-0.012756307609379292,-0.011644817888736725,-0.010533329099416733,-0.009421839378774166,-0.0083103496581316,-0.007198859937489033,-0.006087372079491615,-0.004975882358849049,-0.0038643928710371256,-0.0027529033832252026,-0.0016414136625826359,-0.000529924058355391,0.0005815655458718538,0.0016930551500990987,0.0028045447543263435,0.00391603447496891,0.005027524195611477,0.006139013450592756,0.007250503171235323,0.008361992426216602,0.009473482146859169,0.010584971867501736,0.011696461588144302,0.012807951308786869,0.013919441029429436,0.015030930750072002,0.01614242047071457,0.01725390926003456,0.018365399911999702,0.019476888701319695,0.020588379353284836,0.021699868142604828,0.02281135693192482,0.02392284758388996,0.025034336373209953,0.026145827025175095,0.027257315814495087,0.028368806466460228,0.02948029525578022],"_type":"histogram","values":[2,0,0,0,0,0,0,0,0,0,1,0,2,0,2,1,0,1,1,0,1,1,2,4,5,2,2,1,3,6,2,3,2,5,6,8,6,99,16,6,6,9,9,5,2,4,4,3,4,6,4,0,0,2,0,1,2,0,3,0,1,0,0,1]},"epoch":24,"gradients/hidden_layers.0.bias":{"_type":"histogram","values":[1,0,0,0,0,0,0,1,0,0,0,0,1,2,0,0,0,0,2,2,2,0,4,1,1,0,5,4,5,3,2,8,6,4,12,4,3,8,101,11,2,6,6,5,3,5,0,3,5,4,5,3,1,2,0,2,1,4,2,3,0,0,0,1],"bins":[-0.07563396543264389,-0.07366295158863068,-0.07169193774461746,-0.06972091645002365,-0.06774990260601044,-0.06577888876199722,-0.06380787491798401,-0.061836857348680496,-0.05986584350466728,-0.05789482966065407,-0.055923812091350555,-0.05395279824733734,-0.05198178440332413,-0.050010766834020615,-0.0480397529900074,-0.04606873542070389,-0.044097721576690674,-0.04212670773267746,-0.04015569016337395,-0.03818467631936073,-0.03621365875005722,-0.034242644906044006,-0.03227163106203079,-0.03030061535537243,-0.028329599648714066,-0.026358583942055702,-0.02438756823539734,-0.022416554391384125,-0.02044553868472576,-0.018474522978067398,-0.016503509134054184,-0.01453249342739582,-0.012561481446027756,-0.010590465739369392,-0.008619450964033604,-0.006648435723036528,-0.004677420482039452,-0.0027064052410423756,-0.0007353900000452995,0.0012356252409517765,0.0032066404819488525,0.005177655722945929,0.007148670963943005,0.009119685739278793,0.011090701445937157,0.01306171715259552,0.015032731927931309,0.017003746703267097,0.01897476240992546,0.020945778116583824,0.022916793823242188,0.0248878076672554,0.026858823373913765,0.02882983908057213,0.030800852924585342,0.032771870493888855,0.03474288433790207,0.03671389818191528,0.038684915751218796,0.04065592959523201,0.04262694716453552,0.04459796100854874,0.04656897485256195,0.04853999242186546,0.05051100626587868]},"gradients/output_layer.weight":{"_type":"histogram","values":[1,0,0,0,0,1,1,5,2,2,10,7,9,13,22,27,29,35,69,81,136,171,257,420,710,1068,1647,2690,3890,4504,3719,2436,1523,970,582,356,245,134,110,67,54,43,36,24,14,14,17,11,7,6,7,2,4,3,2,0,0,1,2,0,1,1,0,2],"bins":[-0.001174413482658565,-0.0011344378581270576,-0.00109446223359555,-0.0010544866090640426,-0.001014511100947857,-0.0009745354182086885,-0.0009345598518848419,-0.0008945842273533344,-0.0008546086028218269,-0.0008146329782903194,-0.000774657353758812,-0.0007346817874349654,-0.0006947061629034579,-0.0006547305383719504,-0.0006147549720481038,-0.0005747793475165963,-0.0005348037229850888,-0.0004948280984535813,-0.0004548525030259043,-0.00041487690759822726,-0.00037490128306671977,-0.0003349256585352123,-0.00029495006310753524,-0.0002549744676798582,-0.00021499884314835072,-0.00017502323316875845,-0.0001350476231891662,-9.507201320957392e-05,-5.509640322998166e-05,-1.5120793250389397e-05,2.4854816729202867e-05,6.483042670879513e-05,0.00010480592027306557,0.00014478153025265783,0.0001847571402322501,0.00022473275021184236,0.0002647083601914346,0.0003046839847229421,0.00034465958015061915,0.0003846351755782962,0.0004246108001098037,0.00046458642464131117,0.0005045620491728187,0.0005445376154966652,0.0005845132400281727,0.0006244888645596802,0.0006644644308835268,0.0007044400554150343,0.0007444156799465418,0.0007843913044780493,0.0008243669290095568,0.0008643424953334033,0.0009043181198649108,0.0009442937443964183,0.000984269310720265,0.0010242449352517724,0.00106422055978328,0.0011041961843147874,0.0011441718088462949,0.0011841474333778024,0.001224122941493988,0.0012640985660254955,0.001304074190557003,0.0013440498150885105,0.001384025439620018]},"gradients/hidden_layers.3.bias":{"values":[1,0,1,0,0,1,1,2,0,2,1,3,3,3,6,5,3,9,6,8,5,10,4,0,6,2,11,7,6,7,8,7,12,13,9,11,8,6,6,6,5,6,5,5,7,3,6,3,6,2,2,0,2,1,0,0,1,0,2,0,0,0,0,1],