{"trainer/global_step":29,"val_loss":0.5613754391670227,"train_loss":0.7466778755187988,"graph_0":{"_type":"graph-file","sha256":"c9d66732a5b2dff8fff672d4c719b573446277ccb9c4017d7f4151d4bd610e9a","size":759,"path":"media/graph/graph_0_summary_c9d66732a5b2dff8fff6.graph.json"},"lr":0.0009025000035762787,"_step":3,"_wandb":{"runtime":0},"_runtime":0,"epoch":1,"_timestamp":1.7607109628110473e+09}