{"gradients/hidden_layers.2.weight":{"values":[1,2,1,0,1,1,1,2,2,1,5,4,2,0,1,7,7,8,10,9,10,14,19,48,570,15307,100,68,47,33,18,21,10,17,6,3,2,3,4,3,1,1,1,1,0,0,1,1,1,2,1,0,0,1,0,0,0,0,1,0,0,1,2,1],"bins":[-0.016091011464595795,-0.015450720675289631,-0.014810429885983467,-0.014170139096677303,-0.01352984830737114,-0.012889557518064976,-0.012249266728758812,-0.011608975939452648,-0.010968685150146484,-0.01032839436084032,-0.009688103571534157,-0.009047812782227993,-0.00840752199292183,-0.0077672312036156654,-0.007126940414309502,-0.006486649625003338,-0.005846358835697174,-0.00520606804639101,-0.0045657772570848465,-0.003925486467778683,-0.003285195678472519,-0.002644904889166355,-0.0020046140998601913,-0.0013643233105540276,-0.0007240325212478638,-8.374173194169998e-05,0.0005565490573644638,0.0011968398466706276,0.0018371306359767914,0.002477421425282955,0.003117712214589119,0.0037580030038952827,0.004398295655846596,0.0050385864451527596,0.005678877234458923,0.006319168023765087,0.006959458813071251,0.007599749602377415,0.008240040391683578,0.008880331180989742,0.009520621970295906,0.01016091275960207,0.010801203548908234,0.011441494338214397,0.012081785127520561,0.012722075916826725,0.013362366706132889,0.014002657495439053,0.014642948284745216,0.01528323907405138,0.015923529863357544,0.016563821583986282,0.01720411144196987,0.01784440129995346,0.0184846930205822,0.019124984741210938,0.019765274599194527,0.020405564457178116,0.021045856177806854,0.021686147898435593,0.022326437756419182,0.02296672761440277,0.02360701933503151,0.024247311055660248,0.024887600913643837],"_type":"histogram"},"gradients/hidden_layers.0.weight":{"bins":[-0.3285428583621979,-0.32087835669517517,-0.31321385502815247,-0.30554935336112976,-0.29788488149642944,-0.29022037982940674,-0.28255587816238403,-0.27489137649536133,-0.2672268748283386,-0.2595623731613159,-0.2518979012966156,-0.2442333847284317,-0.2365688979625702,-0.22890439629554749,-0.22123989462852478,-0.21357540786266327,-0.20591090619564056,-0.19824640452861786,-0.19058191776275635,-0.18291741609573364,-0.17525291442871094,-0.16758842766284943,-0.15992392599582672,-0.15225942432880402,-0.1445949375629425,-0.1369304358959198,-0.1292659342288971,-0.12160144001245499,-0.11393694579601288,-0.10627244412899017,-0.09860794991254807,-0.09094344824552536,-0.08327896893024445,-0.07561447471380234,-0.06794997304677963,-0.060285478830337524,-0.05262098088860512,-0.04495648294687271,-0.0372919887304306,-0.029627490788698196,-0.02196299284696579,-0.014298495836555958,-0.006633998826146126,0.0010304981842637062,0.008694995194673538,0.016359493136405945,0.024023989215493202,0.03168848529458046,0.039352983236312866,0.04701748117804527,0.05468197911977768,0.06234647333621979,0.07001097500324249,0.0776754692196846,0.08533996343612671,0.09300446510314941,0.10066895931959152,0.10833345353603363,0.11599795520305634,0.12366244941949844,0.13132694363594055,0.13899144530296326,0.14665594696998596,0.15432043373584747,0.16198493540287018],"_type":"histogram","values":[1,0,0,0,0,0,0,0,0,0,1,0,0,0,0,2,0,0,0,0,0,0,0,0,0,0,0,0,1,1,1,1,1,0,2,1,0,2,1,2,7,4,62,11,6,4,0,3,2,1,2,1,2,1,2,1,0,0,0,0,0,0,0,2]},"gradients/output_layer.bias":{"_type":"histogram","values":[1,0,0,0,0,1,0,0,0,0,0,0,1,1,1,0,0,1,0,0,0,2,1,2,2,1,0,0,0,2,2,4,2,1,3,6,1,2,7,3,6,1,2,3,5,3,1,4,1,3,1,2,3,2,0,3,3,3,0,2,1,1,0,3],"bins":[-0.0014002274256199598,-0.0013695773668587208,-0.0013389273080974817,-0.0013082773657515645,-0.0012776273069903255,-0.0012469772482290864,-0.0012163271894678473,-0.0011856772471219301,-0.001155027188360691,-0.001124377129599452,-0.001093727070838213,-0.001063077012076974,-0.0010324270697310567,-0.0010017770109698176,-0.0009711269522085786,-0.0009404769516550004,-0.0009098268928937614,-0.0008791768341325223,-0.0008485268335789442,-0.0008178767748177052,-0.000787226774264127,-0.000756576715502888,-0.0007259267149493098,-0.0006952766561880708,-0.0006646265974268317,-0.0006339765968732536,-0.0006033265381120145,-0.0005726765375584364,-0.0005420264787971973,-0.0005113764782436192,-0.00048072641948238015,-0.00045007638982497156,-0.00041942630195990205,-0.00038877627230249345,-0.00035812624264508486,-0.00032747621298767626,-0.00029682618333026767,-0.0002661761245690286,-0.00023552609491162002,-0.00020487606525421143,-0.00017422603559680283,-0.00014357600593939424,-0.00011292596900602803,-8.227593207266182e-05,-5.162590241525322e-05,-2.097586911986582e-05,9.674164175521582e-06,4.0324197470908985e-05,7.097423076629639e-05,0.00010162426042370498,0.00013227429008111358,0.0001629243342904374,0.000193574363947846,0.0002242243936052546,0.0002548744378145784,0.000285524467471987,0.0003161744971293956,0.0003468245267868042,0.0003774745564442128,0.0004081245861016214,0.00043877464486286044,0.00046942467452026904,0.0005000747041776776,0.0005307247047312558,0.0005613747634924948]},"_step":49,"lr":0.002773895626887679,"epoch":24,"gradients/hidden_layers.1.weight":{"_type":"histogram","values":[3,4,0,1,0,0,0,0,0,0,0,0,0,2,1,1,1,3,2,0,1,3,7,1,9,10,6,2,8,6,15,7,4,2,4,18,16,18,106,15610,136,77,62,59,38,33,24,25,11,11,12,8,0,2,1,1,2,2,3,2,0,0,0,4],"bins":[-0.12292119115591049,-0.11979882419109344,-0.1166764497756958,-0.11355408281087875,-0.1104317158460617,-0.10730934143066406,-0.10418697446584702,-0.10106460750102997,-0.09794223308563232,-0.09481986612081528,-0.09169749915599823,-0.08857513219118118,-0.08545275777578354,-0.08233039081096649,-0.07920802384614944,-0.0760856494307518,-0.07296328246593475,-0.0698409155011177,-0.06671854108572006,-0.06359617412090302,-0.06047380715608597,-0.05735143646597862,-0.05422906577587128,-0.05110669881105423,-0.047984328120946884,-0.04486195743083954,-0.04173959046602249,-0.038617219775915146,-0.0354948490858078,-0.03237248212099075,-0.029250111430883408,-0.02612774260342121,-0.023005373775959015,-0.01988300494849682,-0.016760636121034622,-0.013638265430927277,-0.01051589660346508,-0.007393527310341597,-0.004271158017218113,-0.0011487887240946293,0.0019735805690288544,0.005095949862152338,0.008218319155275822,0.011340688914060593,0.014463057741522789,0.017585426568984985,0.02070779725909233,0.023830166086554527,0.026952534914016724,0.03007490374147892,0.033197272568941116,0.03631964325904846,0.03944201022386551,0.042564380913972855,0.0456867516040802,0.04880911856889725,0.05193148925900459,0.05505385994911194,0.058176226913928986,0.06129859760403633,0.06442096829414368,0.06754333525896072,0.07066570222377777,0.07378807663917542,0.07691044360399246]},"_wandb":{"runtime":290},"graph_0":{"_type":"graph-file","sha256":"51a1a9313b343983b61685bdece37f7223fea6ac15d0d84859d4f3da76a21fa9","size":1876,"path":"media/graph/graph_0_summary_51a1a9313b343983b616.graph.json"},"_runtime":290,"_timestamp":1.7607956265693035e+09,"gradients/hidden_layers.3.weight":{"_type":"histogram","values":[1,0,1,1,0,1,0,1,3,0,3,4,3,6,5,1,5,6,13,1,14,10,14,21,21,27,46,50,76,94,138,220,413,754,13002,566,285,172,92,72,51,44,40,19,17,14,9,14,7,3,2,5,3,3,3,0,1,1,1,2,1,0,0,2],