{"_runtime":26,"_step":49,"val_loss":0.15341024100780487,"lr":0.00038891067379154265,"gradients/hidden_layers.0.weight":{"values":[1,1,0,0,0,0,0,0,2,1,0,2,2,2,0,0,2,1,1,1,2,3,2,1,1,2,2,1,1,1,0,1,2,3,1,0,2,1,0,1,3,3,2,0,2,0,2,0,0,1,2,0,0,1,0,3,1,0,0,0,0,0,0,1],"bins":[-0.005138710141181946,-0.004984849598258734,-0.004830989055335522,-0.00467712851241231,-0.004523267969489098,-0.0043694074265658855,-0.0042155468836426735,-0.0040616863407194614,-0.003907825797796249,-0.0037539650220423937,-0.0036001044791191816,-0.0034462439361959696,-0.003292383160442114,-0.003138522617518902,-0.0029846620745956898,-0.0028308015316724777,-0.0026769409887492657,-0.0025230804458260536,-0.0023692199029028416,-0.0022153593599796295,-0.0020614988170564175,-0.0019076381577178836,-0.0017537774983793497,-0.0015999169554561377,-0.0014460564125329256,-0.0012921958696097136,-0.0011383353266865015,-0.0009844746673479676,-0.0008306141244247556,-0.0006767535815015435,-0.0005228929803706706,-0.00036903240834362805,-0.00021517183631658554,-6.131126428954303e-05,9.254930773749948e-05,0.000246409879764542,0.0004002704517915845,0.0005541309947147965,0.0007079915958456695,0.0008618521969765425,0.0010157127398997545,0.0011695732828229666,0.0013234338257461786,0.0014772944850847125,0.0016311550280079246,0.0017850155709311366,0.0019388762302696705,0.0020927367731928825,0.0022465973161160946,0.0024004578590393066,0.0025543184019625187,0.0027081789448857307,0.002862039487808943,0.0030159002635627985,0.0031697608064860106,0.0033236213494092226,0.0034774818923324347,0.0036313424352556467,0.0037852029781788588,0.0039390637539327145,0.0040929242968559265,0.0042467848397791386,0.004400645382702351,0.004554505925625563,0.004708366468548775],"_type":"histogram"},"graph_0":{"_type":"graph-file","sha256":"b6c5984df0bff664ffc3582d2b8faaff9f51eaa10b276cce6d48f0d9825112a3","size":665,"path":"media/graph/graph_0_summary_b6c5984df0bff664ffc3.graph.json"},"gradients/output_layer.weight":{"values":[1,2,4,3,2,2,5,3,5,4,14,8,17,10,15,24,23,33,34,59,74,90,137,173,267,436,724,1067,977,677,472,377,261,216,144,112,89,65,68,53,43,24,28,26,24,22,10,10,12,8,5,16,4,5,3,3,3,1,1,1,0,1,2,1],"bins":[-0.012567739002406597,-0.012123397551476955,-0.011679056100547314,-0.011234714649617672,-0.01079037319868803,-0.010346031747758389,-0.009901690296828747,-0.009457348845899105,-0.009013008326292038,-0.008568666875362396,-0.008124325424432755,-0.0076799835078418255,-0.007235642522573471,-0.006791301071643829,-0.006346959620714188,-0.005902618169784546,-0.005458276718854904,-0.0050139352679252625,-0.004569593816995621,-0.004125252366065979,-0.003680911147966981,-0.003236569697037339,-0.002792228478938341,-0.0023478870280086994,-0.0019035455770790577,-0.001459204126149416,-0.001014862791635096,-0.0005705213989131153,-0.00012618000619113445,0.00031816138653084636,0.0007625027792528272,0.001206844113767147,0.0016511846333742142,0.002095526084303856,0.0025398675352334976,0.0029842087533324957,0.0034285502042621374,0.003872891655191779,0.004317232873290777,0.004761574324220419,0.005205915775150061,0.005650257226079702,0.006094598677009344,0.006538940127938986,0.00698328111320734,0.007427622564136982,0.007871964015066624,0.008316305465996265,0.008760646916925907,0.009204988367855549,0.00964932981878519,0.010093671269714832,0.010538012720644474,0.010982354171574116,0.011426695622503757,0.0118710370734334,0.012315377593040466,0.012759719043970108,0.01320406049489975,0.013648401945829391,0.014092743396759033,0.014537084847688675,0.014981426298618317,0.015425767749547958,0.0158701092004776],"_type":"histogram"},"trainer/global_step":199,"gradients/output_layer.bias":{"bins":[-0.0017624751199036837,-0.0017086670268326998,-0.0016548589337617159,-0.001601050840690732,-0.0015472427476197481,-0.001493434770964086,-0.0014396266778931022,-0.0013858185848221183,-0.0013320104917511344,-0.0012782023986801505,-0.0012243943056091666,-0.0011705862125381827,-0.0011167782358825207,-0.0010629701428115368,-0.001009162049740553,-0.000955353956669569,-0.0009015458635985851,-0.0008477377705276012,-0.0007939296774566174,-0.0007401216425932944,-0.0006863135495223105,-0.0006325054564513266,-0.0005786974215880036,-0.0005248893285170197,-0.00047108123544603586,-0.000417273142375052,-0.00036346507840789855,-0.0003096570144407451,-0.00025584892136976123,-0.00020204084285069257,-0.0001482327643316239,-9.442468581255525e-05,-4.061649087816477e-05,1.319158764090389e-05,6.699966615997255e-05,0.00012080774467904121,0.00017461582319810987,0.00022842390171717852,0.0002822319802362472,0.0003360400442034006,0.0003898481372743845,0.0004436562303453684,0.0004974643234163523,0.0005512723582796752,0.0006050804513506591,0.000658888544421643,0.000712696579284966,0.0007665046723559499,0.0008203127654269338,0.0008741208584979177,0.0009279289515689015,0.0009817370446398854,0.0010355450212955475,0.0010893531143665314,0.0011431612074375153,0.0011969693005084991,0.001250777393579483,0.001304585486650467,0.0013583935797214508,0.0014122016727924347,0.0014660097658634186,0.0015198177425190806,0.0015736258355900645,0.0016274339286610484,0.0016812420217320323],"_type":"histogram","values":[1,0,1,0,1,0,1,1,0,1,1,3,5,3,0,1,0,3,0,2,1,5,2,2,3,3,7,2,3,5,6,1,2,4,1,3,2,1,2,0,1,3,3,1,5,0,0,1,0,0,0,0,0,1,0,0,1,1,1,0,0,2,0,1]},"epoch":24,"_timestamp":1.7607747228713298e+09,"_wandb":{"runtime":26},"gradients/hidden_layers.0.bias":{"bins":[-0.007202945649623871,-0.0070220534689724445,-0.006841160822659731,-0.006660268642008305,-0.006479376461356878,-0.006298484280705452,-0.006117591634392738,-0.005936699453741312,-0.005755807273089886,-0.005574914626777172,-0.005394022446125746,-0.0052131302654743195,-0.005032238084822893,-0.0048513454385101795,-0.004670453257858753,-0.004489561077207327,-0.004308668896555901,-0.004127776250243187,-0.003946884069591761,-0.0037659916561096907,-0.0035850994754582644,-0.0034042070619761944,-0.003223314881324768,-0.003042422467842698,-0.002861530054360628,-0.002680637873709202,-0.002499745460227132,-0.0023188532795757055,-0.0021379608660936356,-0.0019570686854422092,-0.0017761762719601393,-0.0015952839748933911,-0.001414391677826643,-0.0012334993807598948,-0.0010526070836931467,-0.0008717147284187376,-0.0006908224313519895,-0.0005099301342852414,-0.00032903780811466277,-0.0001481454964959994,3.2746815122663975e-05,0.00021363912674132735,0.0003945314383599907,0.0005754237645305693,0.0007563160615973175,0.0009372083586640656,0.0011181007139384747,0.0012989930110052228,0.001479885308071971,0.001660777605138719,0.0018416699022054672,0.002022562315687537,0.0022034544963389635,0.0023843469098210335,0.00256523909047246,0.0027461315039545298,0.0029270239174365997,0.003107916098088026,0.003288808511570096,0.0034697006922215223,0.0036505931057035923,0.0038314852863550186,0.004012377467006445,0.0041932701133191586,0.004374162293970585],"_type":"histogram","values":[1,0,0,3,0,1,0,1,1,1,0,0,1,1,1,0,0,1,2,0,2,2,0,1,2,1,1,1,1,3,1,1,3,0,1,0,2,3,0,1,0,3,1,0,3,1,0,0,0,1,2,1,1,1,0,0,1,2,4,0,1,0,0,2]},"train_loss":0.15282553434371948}