{"val_loss":0.12996727228164673,"lr":0.009801000356674194,"_timestamp":1.760711478507023e+09,"epoch":1,"train_loss":0.131820946931839,"_wandb":{"runtime":8},"graph_0":{"_type":"graph-file","sha256":"689c056bdad9dd3bb5c7c05ee583d16a05c3a5e4b2e2e7bc3ba8414ba297e412","size":1392,"path":"media/graph/graph_0_summary_689c056bdad9dd3bb5c7.graph.json"},"_runtime":8,"_step":3,"trainer/global_step":29}