{"epoch":1,"trainer/global_step":29,"_wandb":{"runtime":23},"_timestamp":1.7607112691206217e+09,"lr":0.004900500178337097,"graph_0":{"_type":"graph-file","sha256":"460173ae8510edcbb93025936addb8169f5da927a8f16f678b30b4d9371e0297","size":1423,"path":"media/graph/graph_0_summary_460173ae8510edcbb930.graph.json"},"val_loss":0.12924081087112427,"train_loss":0.1316789835691452,"_runtime":23,"_step":3}