{"gradients/hidden_layers.1.bias":{"bins":[-0.029055895283818245,-0.02824237570166588,-0.02742885611951351,-0.026615336537361145,-0.02580181695520878,-0.024988297373056412,-0.024174777790904045,-0.02336125820875168,-0.02254774048924446,-0.021734220907092094,-0.020920701324939728,-0.02010718174278736,-0.019293662160634995,-0.018480142578482628,-0.01766662299633026,-0.016853103414177895,-0.016039583832025528,-0.015226064249873161,-0.014412544667720795,-0.013599025085568428,-0.012785505503416061,-0.01197198685258627,-0.011158467270433903,-0.010344947688281536,-0.00953142810612917,-0.008717908523976803,-0.007904388941824436,-0.007090869825333357,-0.00627735024318099,-0.005463830661028624,-0.004650311544537544,-0.0038367919623851776,-0.0030232705175876617,-0.002209750935435295,-0.0013962315861135721,-0.0005827121203765273,0.0002308073453605175,0.0010443268110975623,0.0018578462768346071,0.00267136562615633,0.0034848852083086967,0.004298404790461063,0.00511192437261343,0.005925443489104509,0.006738963071256876,0.007552482653409243,0.008366001769900322,0.009179521352052689,0.009993040934205055,0.010806560516357422,0.011620080098509789,0.012433599680662155,0.013247119262814522,0.014060637913644314,0.01487415749579668,0.01568767800927162,0.01650119572877884,0.017314715310931206,0.018128234893083572,0.01894175447523594,0.019755274057388306,0.020568793639540672,0.02138231322169304,0.022195832803845406,0.023009352385997772],"_type":"histogram","values":[1,0,1,0,0,0,1,0,0,0,1,1,3,0,1,4,2,0,5,2,1,1,3,5,2,0,4,8,5,7,5,9,5,16,5,7,6,5,7,9,6,8,14,9,5,9,16,6,7,5,6,5,2,1,4,3,3,4,3,3,2,0,0,3]},"trainer/global_step":374,"_runtime":145,"lr":0.0077782138250768185,"train_loss":0.1265886127948761,"gradients/hidden_layers.0.bias":{"values":[1,0,0,0,0,0,0,0,0,0,0,1,0,2,4,5,2,0,8,6,9,11,9,90,31,6,11,13,5,5,5,8,4,3,4,2,2,0,2,1,0,2,0,1,0,0,0,1,0,0,0,1,0,0,0,0,0,0,0,0,0,0,0,1],"bins":[-0.09619984030723572,-0.09217491000890732,-0.08814997225999832,-0.08412504196166992,-0.08010010421276093,-0.07607517391443253,-0.07205023616552353,-0.06802530586719513,-0.06400036811828613,-0.05997543781995773,-0.055950503796339035,-0.05192556977272034,-0.04790063947439194,-0.04387570545077324,-0.03985077142715454,-0.03582583740353584,-0.031800903379917145,-0.027775969356298447,-0.02375103533267975,-0.0197261031717062,-0.0157011691480875,-0.011676235124468803,-0.00765130203217268,-0.003626368474215269,0.0003985650837421417,0.0044234986416995525,0.008448432199656963,0.012473365291953087,0.016498299315571785,0.020523233339190483,0.024548165500164032,0.02857309952378273,0.03259803354740143,0.036622967571020126,0.040647901594638824,0.04467283561825752,0.04869776964187622,0.05272269994020462,0.05674763396382332,0.06077256798744202,0.06479750573635101,0.06882243603467941,0.07284736633300781,0.07687230408191681,0.08089723438024521,0.0849221721291542,0.0889471024274826,0.0929720401763916,0.09699697047472,0.1010219007730484,0.1050468385219574,0.1090717688202858,0.1130967065691948,0.1171216368675232,0.12114657461643219,0.1251715123653412,0.129196435213089,0.13322137296199799,0.13724631071090698,0.14127123355865479,0.14529617130756378,0.14932110905647278,0.15334604680538177,0.15737096965312958,0.16139590740203857],"_type":"histogram"},"_timestamp":1.760776041616638e+09,"gradients/output_layer.bias":{"_type":"histogram","values":[1,0,1,0,0,0,0,0,1,1,2,0,0,0,0,0,2,2,1,1,3,2,0,2,1,2,3,3,6,3,3,6,2,5,2,6,4,3,4,3,5,2,3,0,2,0,1,2,0,2,2,1,0,0,0,1,0,2,0,1,0,0,0,1],"bins":[-0.00390300783328712,-0.0038079621735960245,-0.003712916513904929,-0.00361787062138319,-0.003522824961692095,-0.0034277793020009995,-0.003332733642309904,-0.0032376879826188087,-0.0031426423229277134,-0.0030475964304059744,-0.002952550770714879,-0.0028575051110237837,-0.0027624594513326883,-0.002667413791641593,-0.002572367899119854,-0.0024773222394287586,-0.0023822765797376633,-0.002287230920046568,-0.0021921852603554726,-0.0020971393678337336,-0.002002093708142638,-0.0019070480484515429,-0.0018120023887604475,-0.0017169566126540303,-0.001621910952962935,-0.0015268652932718396,-0.0014318195171654224,-0.001336773857474327,-0.0012417281977832317,-0.0011466824216768146,-0.0010516367619857192,-0.0009565910440869629,-0.000861545093357563,-0.0007664993754588068,-0.0006714536575600505,-0.0005764079978689551,-0.00048136227997019887,-0.0003863165620714426,-0.0002912708732765168,-0.00019622516992967576,-0.00010117946658283472,-6.133763235993683e-06,8.891194011084735e-05,0.0001839576434576884,0.00027900334680452943,0.0003740490647032857,0.0004690947534982115,0.0005641404422931373,0.0006591861601918936,0.0007542318780906498,0.0008492775959894061,0.0009443232556805015,0.0010393690317869186,0.001134414691478014,0.0012294603511691093,0.0013245061272755265,0.0014195517869666219,0.0015145974466577172,0.0016096432227641344,0.0017046888824552298,0.0017997345421463251,0.0018947803182527423,0.0019898260943591595,0.002084871754050255,0.00217991741374135]},"gradients/hidden_layers.1.weight":{"_type":"histogram","values":[3,1,4,3,2,6,5,9,8,6,11,11,12,26,27,38,49,50,50,74,93,97,108,133,150,182,232,252,353,508,624,785,1135,1856,3365,36308,5535,3358,2170,1626,1164,982,825,636,510,427,355,289,204,152,136,109,114,90,77,47,43,41,27,16,10,6,5,6],"bins":[-0.0251935925334692,-0.024486824870109558,-0.023780055344104767,-0.023073287680745125,-0.022366520017385483,-0.02165975049138069,-0.02095298282802105,-0.020246213302016258,-0.019539445638656616,-0.018832677975296974,-0.018125908449292183,-0.01741914078593254,-0.01671237125992775,-0.016005603596568108,-0.015298835933208466,-0.014592067338526249,-0.013885298743844032,-0.013178530149161816,-0.012471761554479599,-0.011764993891119957,-0.01105822529643774,-0.010351456701755524,-0.009644689038395882,-0.008937920443713665,-0.008231151849031448,-0.007524383254349232,-0.006817615125328302,-0.006110846996307373,-0.005404078401625156,-0.00469730980694294,-0.00399054167792201,-0.0032837733160704374,-0.0025770049542188644,-0.0018702365923672915,-0.0011634682305157185,-0.00045669986866414547,0.0002500684931874275,0.0009568368550390005,0.0016636052168905735,0.0023703735787421465,0.0030771419405937195,0.0037839103024452925,0.0044906786642968655,0.005197446793317795,0.0059042153880000114,0.006610983982682228,0.007317752111703157,0.008024520240724087,0.008731288835406303,0.00943805743008852,0.010144826024770737,0.010851593688130379,0.011558362282812595,0.012265130877494812,0.012971898540854454,0.01367866713553667,0.014385435730218887,0.015092204324901104,0.01579897291958332,0.016505740582942963,0.017212510108947754,0.017919277772307396,0.018626045435667038,0.01933281496167183,0.02003958262503147]},"gradients/output_layer.weight":{"_type":"histogram","values":[3,2,1,1,0,2,2,3,2,6,4,8,8,7,13,17,18,22,28,25,27,46,56,55,57,86,100,127,154,229,225,296,393,469,662,843,1151,1631,2285,3539,4382,3484,2092,1217,765,497,332,222,165,127,87,50,51,34,23,19,12,12,9,5,4,3,3,2],