{"_wandb":{"runtime":137},"trainer/global_step":374,"_runtime":137,"lr":0.0013869478134438396,"gradients/hidden_layers.2.bias":{"_type":"histogram","values":[1,0,0,0,0,0,0,0,0,0,1,0,1,0,0,0,0,0,0,0,1,0,1,0,0,0,0,1,1,0,0,0,0,2,0,0,0,0,1,2,5,1,4,2,14,14,0,2,4,1,0,0,0,1,1,1,0,0,0,0,0,0,0,2],"bins":[-0.06196603178977966,-0.060589324682950974,-0.059212613850831985,-0.057835906744003296,-0.05645919591188431,-0.05508248880505562,-0.05370578169822693,-0.05232907086610794,-0.05095236375927925,-0.04957565665245056,-0.048198945820331573,-0.046822238713502884,-0.045445531606674194,-0.044068820774555206,-0.04269211366772652,-0.04131540283560753,-0.03993869572877884,-0.03856198862195015,-0.03718527778983116,-0.03580857068300247,-0.034431859850883484,-0.033055152744054794,-0.031678445637226105,-0.030301736667752266,-0.028925027698278427,-0.02754831872880459,-0.02617160975933075,-0.02479490265250206,-0.02341819368302822,-0.022041484713554382,-0.020664777606725693,-0.019288068637251854,-0.017911355942487717,-0.016534646973013878,-0.015157938934862614,-0.01378123089671135,-0.01240452192723751,-0.011027812957763672,-0.009651104919612408,-0.008274396881461143,-0.006897687911987305,-0.005520979408174753,-0.004144270904362202,-0.00276756240054965,-0.0013908538967370987,-1.4145392924547195e-05,0.0013625631108880043,0.002739271614700556,0.004115980118513107,0.005492688622325659,0.00686939712613821,0.008246105164289474,0.009622814133763313,0.010999523103237152,0.012376231141388416,0.01375293917953968,0.01512964814901352,0.016506357118487358,0.017883066087961197,0.019259773194789886,0.020636482164263725,0.022013191133737564,0.023389898240566254,0.024766607210040092,0.02614331617951393]},"gradients/hidden_layers.2.weight":{"_type":"histogram","values":[2,0,0,0,0,0,0,0,1,3,1,1,2,7,0,1,2,1,1,4,3,9,4,10,4,11,4,8,7,6,8,10,2,13,12,12,19,20,19,13,18,27,31,72,3480,93,30,27,19,10,7,8,18,9,6,1,2,3,5,3,2,1,1,3],"bins":[-0.060325440019369125,-0.058978572487831116,-0.05763170123100281,-0.0562848336994648,-0.05493796616792679,-0.05359109491109848,-0.05224422737956047,-0.05089735984802246,-0.04955048859119415,-0.04820362105965614,-0.046856753528118134,-0.045509885996580124,-0.044163014739751816,-0.042816147208213806,-0.041469279676675797,-0.04012240841984749,-0.03877554088830948,-0.03742867335677147,-0.03608180209994316,-0.03473493456840515,-0.03338806703686714,-0.032041195780038834,-0.030694328248500824,-0.029347460716962814,-0.028000591322779655,-0.026653721928596497,-0.025306854397058487,-0.023959985002875328,-0.02261311560869217,-0.02126624807715416,-0.019919378682971,-0.01857251115143299,-0.017225639894604683,-0.015878770500421524,-0.014531902968883514,-0.013185033574700356,-0.011838165111839771,-0.010491296648979187,-0.009144427254796028,-0.007797558791935444,-0.00645069032907486,-0.005103821866214275,-0.003756952937692404,-0.002410084242001176,-0.001063215546309948,0.00028365314938127995,0.0016305218450725079,0.0029773905407637358,0.004324259236454964,0.005671127699315548,0.0070179966278374195,0.008364865556359291,0.009711734019219875,0.01105860248208046,0.012405471876263618,0.013752340339124203,0.015099208801984787,0.016446078196167946,0.017792945727705956,0.019139815121889114,0.020486682653427124,0.021833552047610283,0.023180421441793442,0.02452728897333145,0.02587415836751461]},"gradients/hidden_layers.1.bias":{"bins":[-0.1165255680680275,-0.114160917699337,-0.11179626733064651,-0.10943160951137543,-0.10706695914268494,-0.10470230877399445,-0.10233765840530396,-0.09997300058603287,-0.09760835021734238,-0.09524369984865189,-0.0928790494799614,-0.0905143991112709,-0.08814974129199982,-0.08578509092330933,-0.08342044055461884,-0.08105579018592834,-0.07869113981723785,-0.07632648199796677,-0.07396183162927628,-0.07159718126058578,-0.0692325308918953,-0.0668678730726242,-0.06450322270393372,-0.062138572335243225,-0.059773921966552734,-0.057409267872571945,-0.055044617503881454,-0.052679963409900665,-0.050315313041210175,-0.047950658947229385,-0.045586008578538895,-0.043221354484558105,-0.04085670784115791,-0.03849205747246742,-0.03612740337848663,-0.03376275300979614,-0.03139809891581535,-0.029033448547124863,-0.026668796315789223,-0.024304144084453583,-0.021939491853117943,-0.019574839621782303,-0.017210187390446663,-0.014845536090433598,-0.012480883859097958,-0.010116231627762318,-0.007751579862087965,-0.005386928096413612,-0.0030222758650779724,-0.0006576238665729761,0.0017070281319320202,0.004071679897606373,0.006436332128942013,0.008800984360277653,0.011165635660290718,0.013530287891626358,0.015894940122961998,0.018259592354297638,0.020624244585633278,0.022988896816968918,0.02535354718565941,0.02771819941699505,0.03008285164833069,0.03244750574231148,0.03481215611100197],"_type":"histogram","values":[1,0,0,0,0,0,0,0,0,0,0,0,0,0,0,1,0,0,0,0,0,0,0,0,0,0,0,0,0,0,0,0,1,0,1,0,0,0,1,1,0,0,0,0,0,1,1,1,5,36,0,1,0,1,1,0,2,1,2,1,0,2,1,2]},"gradients/output_layer.bias":{"_type":"histogram","values":[1,0,1,0,0,0,1,0,1,0,1,2,2,2,0,1,1,2,1,1,2,0,2,3,3,2,4,1,2,1,2,7,5,5,2,0,2,3,7,3,4,4,0,7,2,1,3,0,2,0,1,0,0,1,0,0,1,0,0,0,0,0,0,1],"bins":[-0.0025446522049605846,-0.002475980669260025,-0.0024073091335594654,-0.002338637597858906,-0.002269966062158346,-0.0022012945264577866,-0.002132622990757227,-0.0020639514550566673,-0.0019952799193561077,-0.001926608383655548,-0.0018579368479549885,-0.0017892653122544289,-0.0017205937765538692,-0.0016519222408533096,-0.00158325070515275,-0.0015145791694521904,-0.0014459076337516308,-0.0013772360980510712,-0.0013085645623505116,-0.001239893026649952,-0.0011712214909493923,-0.0011025499552488327,-0.001033878419548273,-0.0009652068838477135,-0.0008965353481471539,-0.0008278638124465942,-0.0007591922767460346,-0.000690520741045475,-0.0006218492053449154,-0.0005531776696443558,-0.00048450613394379616,-0.00041583459824323654,-0.00034716282971203327,-0.00027849129401147366,-0.00020981975831091404,-0.00014114822261035442,-7.247668690979481e-05,-3.8051512092351913e-06,6.486638449132442e-05,0.00013353792019188404,0.00020220945589244366,0.0002708809915930033,0.0003395525272935629,0.0004082240629941225,0.0004768955986946821,0.0005455671343952417,0.0006142386700958014,0.000682910205796361,0.0007515817414969206,0.0008202532771974802,0.0008889248128980398,0.0009575963485985994,0.001026267884299159,0.0010949394199997187,0.0011636109557002783,0.001232282491400838,0.0013009540271013975,0.0013696255628019571,0.0014382970985025167,0.0015069686342030764,0.001575640169903636,0.0016443117056041956,0.0017129832413047552,0.0017816547770053148,0.0018503263127058744]},"_step":49,"graph_0":{"_type":"graph-file","sha256":"53fc292f09aa53b412cc36591305f14317975d5ead48a5c8f267a601d1231d06","size":1835,"path":"media/graph/graph_0_summary_53fc292f09aa53b412cc.graph.json"},"val_loss":0.11721141636371613,"gradients/hidden_layers.3.bias":{"values":[2,0,0,0,1,1,0,1,0,2,1,1,2,2,3,3,2,1,1,0,0,1,2,3,0,2,2,0,1,1,2,2,1,1,0,2,1,1,2,2,2,3,2,1,0,1,0,1,1,1,0,1,0,0,0,1,0,0,0,0,0,0,0,1],