{"train_loss":0.131265789270401,"_runtime":21,"trainer/global_step":29,"_wandb":{"runtime":21},"val_loss":0.12682585418224335,"_timestamp":1.760711781023652e+09,"lr":0.004512500017881393,"graph_0":{"_type":"graph-file","sha256":"847c62a3187d73ed547bc73d97e18d4c90e562a660ba1004903c9b678874e921","size":1423,"path":"media/graph/graph_0_summary_847c62a3187d73ed547b.graph.json"},"_step":3,"epoch":1}