{"_timestamp":1.7607887679965332e+09,"trainer/global_step":374,"gradients/output_layer.bias":{"values":[1,1,0,1,1,1,2,1,2,1,4,0,2,0,0,3,4,3,4,1,2,3,2,2,0,1,3,4,2,2,3,3,1,5,1,1,3,1,4,2,4,0,2,4,3,1,1,0,0,2,1,0,1,2,0,0,0,0,1,0,0,0,0,1],"bins":[-0.0008441671379841864,-0.0008035553619265556,-0.0007629435858689249,-0.0007223318098112941,-0.0006817200337536633,-0.0006411082576960325,-0.0006004964816384017,-0.000559884705580771,-0.0005192728713154793,-0.00047866112436167896,-0.0004380493483040482,-0.0003974375722464174,-0.00035682576708495617,-0.0003162139910273254,-0.0002756022149696946,-0.00023499043891206384,-0.00019437866285443306,-0.00015376688679680228,-0.00011315510346321389,-7.25433201296255e-05,-3.193154407199472e-05,8.680235623614863e-06,4.929201531922445e-05,8.990379865281284e-05,0.00013051557471044362,0.0001711273507680744,0.00021173912682570517,0.00025235090288333595,0.0002929627080447972,0.00033357448410242796,0.00037418626016005874,0.0004147980362176895,0.0004554097540676594,0.0004960215301252902,0.0005366333061829209,0.0005772450822405517,0.0006178568582981825,0.0006584686343558133,0.000699080410413444,0.0007396921864710748,0.0007803039625287056,0.0008209157967939973,0.0008615275728516281,0.0009021393489092588,0.0009427511249668896,0.0009833629010245204,0.0010239746188744903,0.001064586453139782,0.0011051981709897518,0.0011458100052550435,0.0011864218395203352,0.001227033557370305,0.0012676453916355968,0.0013082571094855666,0.0013488689437508583,0.0013894806616008282,0.0014300924958661199,0.0014707042137160897,0.0015113160479813814,0.0015519277658313513,0.001592539600096643,0.0016331513179466128,0.0016737631522119045,0.0017143748700618744,0.001754986704327166],"_type":"histogram"},"gradients/hidden_layers.3.bias":{"bins":[-0.05985253304243088,-0.05807924270629883,-0.05630594864487648,-0.05453265830874443,-0.05275936424732208,-0.05098607391119003,-0.049212779849767685,-0.047439489513635635,-0.04566619545221329,-0.04389290511608124,-0.04211961477994919,-0.04034632071852684,-0.03857303038239479,-0.03679973632097244,-0.03502644598484039,-0.033253151923418045,-0.031479861587285995,-0.029706569388508797,-0.027933277189731598,-0.0261599849909544,-0.0243866927921772,-0.02261340245604515,-0.020840110257267952,-0.019066818058490753,-0.017293525859713554,-0.015520233660936356,-0.013746941462159157,-0.011973650194704533,-0.010200357995927334,-0.008427065797150135,-0.0066537740640342236,-0.004880482330918312,-0.0031071938574314117,-0.0013339018914848566,0.00043939007446169853,0.0022126820404082537,0.003985974006354809,0.005759266205132008,0.007532557938247919,0.00930584967136383,0.01107914187014103,0.012852434068918228,0.014625726267695427,0.016399018466472626,0.018172308802604675,0.019945601001381874,0.021718893200159073,0.02349218539893627,0.02526547759771347,0.02703876979649067,0.028812061995267868,0.030585354194045067,0.032358646392822266,0.034131936728954315,0.03590523079037666,0.03767852112650871,0.03945181518793106,0.04122510552406311,0.04299839586019516,0.04477168992161751,0.04654498025774956,0.048318274319171906,0.050091564655303955,0.0518648587167263,0.05363814905285835],"_type":"histogram","values":[1,0,0,1,2,1,3,2,5,3,8,8,6,12,6,9,5,6,10,6,7,5,7,3,3,6,4,2,3,0,0,0,0,0,0,1,0,1,0,1,1,0,0,1,1,1,2,4,7,4,1,7,9,8,13,10,13,12,10,7,3,2,2,1]},"gradients/hidden_layers.3.weight":{"_type":"histogram","values":[1,0,0,0,0,0,0,3,2,3,4,0,5,6,5,9,4,7,7,8,7,6,7,8,11,9,14,11,23,16,24,25,20,10,6,65030,2,4,3,4,11,18,22,23,29,21,8,13,5,4,10,16,11,8,3,11,4,7,3,2,1,0,0,2],"bins":[-0.006317875348031521,-0.0061393678188323975,-0.005960860289633274,-0.005782352760434151,-0.005603845231235027,-0.005425337236374617,-0.005246829707175493,-0.00506832217797637,-0.0048898146487772465,-0.004711307119578123,-0.004532799590379,-0.004354292061179876,-0.004175784066319466,-0.003997276537120342,-0.003818769007921219,-0.0036402614787220955,-0.003461753949522972,-0.0032832464203238487,-0.0031047388911247253,-0.0029262311290949583,-0.002747723599895835,-0.0025692160706967115,-0.0023907083086669445,-0.002212200779467821,-0.0020336932502686977,-0.0018551857210695744,-0.0016766780754551291,-0.001498170429840684,-0.0013196629006415606,-0.0011411553714424372,-0.000962647725827992,-0.0007841401384212077,-0.0006056320853531361,-0.00042712449794635177,-0.00024861691053956747,-7.010932313278317e-05,0.00010839826427400112,0.0002869058516807854,0.0004654134390875697,0.000643921026494354,0.0008224286139011383,0.0010009361431002617,0.001179443788714707,0.001357951434329152,0.0015364589635282755,0.0017149664927273989,0.001893474138341844,0.0020719817839562893,0.0022504893131554127,0.002428996842354536,0.0026075043715536594,0.0027860121335834265,0.00296451966278255,0.0031430271919816732,0.0033215349540114403,0.0035000424832105637,0.003678550012409687,0.0038570575416088104,0.004035565070807934,0.004214072600007057,0.004392580129206181,0.004571088124066591,0.004749595653265715,0.004928103182464838,0.005106610711663961]},"graph_0":{"_type":"graph-file","sha256":"18816f2fef6d25f6a344d2a22de405f051918673a600c236f2f7114a51271547","size":1876,"path":"media/graph/graph_0_summary_18816f2fef6d25f6a344.graph.json"},"gradients/hidden_layers.2.weight":{"_type":"histogram","values":[2,16,0,0,0,0,0,0,0,0,1,0,0,0,0,0,0,0,0,0,0,0,0,0,0,0,0,0,0,0,0,0,0,0,0,0,0,0,0,0,0,0,0,0,0,0,1,0,0,0,0,0,0,0,0,0,0,0,0,0,156,65352,6,2],"bins":[-1.1607582569122314,-1.141877293586731,-1.122996211051941,-1.1041152477264404,-1.0852341651916504,-1.06635320186615,-1.0474721193313599,-1.0285911560058594,-1.0097100734710693,-0.9908291101455688,-0.9719480872154236,-0.9530670642852783,-0.9341860413551331,-0.9153050184249878,-0.8964239954948425,-0.8775429725646973,-0.8586620092391968,-0.8397809863090515,-0.8208999633789062,-0.802018940448761,-0.7831379175186157,-0.7642568945884705,-0.7453758716583252,-0.7264948487281799,-0.7076138257980347,-0.6887328028678894,-0.6698517799377441,-0.6509708166122437,-0.6320897936820984,-0.6132087707519531,-0.5943277478218079,-0.5754467248916626,-0.5565656423568726,-0.5376846194267273,-0.518803596496582,-0.49992260336875916,-0.4810415804386139,-0.46216055750846863,-0.44327956438064575,-0.4243985414505005,-0.4055175185203552,-0.38663649559020996,-0.3677554726600647,-0.3488744795322418,-0.32999345660209656,-0.3111124336719513,-0.29223141074180603,-0.27335038781166077,-0.2544693946838379,-0.23558835685253143,-0.21670734882354736,-0.1978263258934021,-0.17894530296325684,-0.16006429493427277,-0.1411832720041275,-0.12230225652456284,-0.10342124104499817,-0.0845402255654335,-0.06565921008586884,-0.04677818715572357,-0.027897171676158905,-0.009016154333949089,0.009864863008260727,0.028745880350470543,0.04762689769268036]},"_wandb":{"runtime":295},"gradients/output_layer.weight":{"values":[1,3,1,1,2,3,3,8,7,11,14,8,26,18,29,45,45,69,94,89,113,169,183,295,369,453,625,844,1259,1928,2951,4233,3499,2348,1508,1102,833,663,507,402,335,247,202,162,122,84,80,47,42,33,18,28,7,8,11,4,2,2,1,3,0,0,0,1],