{"trainer/global_step":374,"_timestamp":1.7607939440835993e+09,"gradients/output_layer.bias":{"_type":"histogram","values":[1,1,1,1,2,0,0,2,0,0,2,1,2,0,3,2,2,3,2,1,1,2,2,0,0,1,6,2,4,5,5,2,1,1,3,2,2,0,1,1,3,4,4,1,1,0,2,1,2,1,0,0,3,2,1,2,1,0,1,0,1,0,1,2],"bins":[-0.001137114828452468,-0.0010979166254401207,-0.0010587183060124516,-0.0010195201030001044,-0.0009803217835724354,-0.0009411235223524272,-0.0009019252611324191,-0.000862726999912411,-0.0008235287386924028,-0.0007843305356800556,-0.0007451322744600475,-0.0007059340132400393,-0.0006667357520200312,-0.0006275374908000231,-0.0005883392295800149,-0.0005491409683600068,-0.0005099427071399987,-0.00047074444591999054,-0.0004315461846999824,-0.00039234792347997427,-0.00035314966225996614,-0.00031395143014378846,-0.0002747531689237803,-0.0002355549077037722,-0.00019635664648376405,-0.00015715838526375592,-0.0001179601313197054,-7.876187737565488e-05,-3.956361615564674e-05,-3.6535857361741364e-07,3.8832899008411914e-05,7.803115295246243e-05,0.00011722941417247057,0.0001564276753924787,0.00019562593661248684,0.00023482418328057975,0.0002740224590525031,0.0003132206911686808,0.0003524189523886889,0.00039161721360869706,0.0004308154748287052,0.0004700137360487133,0.000509211968164891,0.0005484102293848991,0.0005876084906049073,0.0006268067518249154,0.0006660050130449235,0.0007052032742649317,0.0007444015354849398,0.000783599796704948,0.0008227980579249561,0.0008619963191449642,0.0009011945803649724,0.0009403928415849805,0.0009795910445973277,0.0010187893640249968,0.001057987567037344,0.001097185886465013,0.0011363840894773602,0.0011755824089050293,0.0012147806119173765,0.0012539789313450456,0.0012931771343573928,0.0013323754537850618,0.001371573656797409]},"_wandb":{"runtime":148},"gradients/hidden_layers.0.bias":{"bins":[-0.043073803186416626,-0.04153071716427803,-0.039987631142139435,-0.03844454512000084,-0.036901459097862244,-0.03535836935043335,-0.033815283328294754,-0.03227219730615616,-0.030729111284017563,-0.029186025261878967,-0.02764293923974037,-0.026099851354956627,-0.02455676533281803,-0.023013679310679436,-0.02147059142589569,-0.019927505403757095,-0.0183844193816185,-0.016841333359479904,-0.015298246406018734,-0.013755159452557564,-0.012212073430418968,-0.010668987408280373,-0.009125900454819202,-0.0075828139670193195,-0.006039727479219437,-0.004496640991419554,-0.002953554503619671,-0.001410468015819788,0.0001326184719800949,0.0016757049597799778,0.0032187914475798607,0.004761877935379744,0.006304968148469925,0.00784805417060852,0.00939114112406969,0.010934228077530861,0.012477314099669456,0.014020400121808052,0.015563487075269222,0.017106574028730392,0.018649660050868988,0.020192746073007584,0.02173583209514618,0.023278919979929924,0.02482200600206852,0.026365092024207115,0.02790817990899086,0.029451265931129456,0.03099435195326805,0.03253743797540665,0.03408052399754524,0.03562361001968384,0.03716669976711273,0.03870978578925133,0.04025287181138992,0.04179595783352852,0.043339043855667114,0.04488212987780571,0.046425215899944305,0.0479683019220829,0.0495113879442215,0.05105447769165039,0.052597563713788986,0.05414064973592758,0.05568373575806618],"_type":"histogram","values":[1,0,0,0,0,0,1,0,0,0,1,0,0,3,4,2,4,2,2,9,10,5,2,5,11,9,18,98,24,18,0,4,6,3,3,2,2,1,1,1,0,1,1,0,0,0,0,0,0,1,0,0,0,0,0,0,0,0,0,0,0,0,0,1]},"gradients/hidden_layers.1.weight":{"values":[6,1,5,11,12,14,26,30,31,38,38,46,48,84,113,130,150,176,220,274,324,456,578,631,788,1058,1344,1673,2665,38302,3693,2503,1783,1417,1200,1020,794,677,576,448,376,283,215,217,167,157,154,120,93,56,68,45,38,45,29,25,19,15,13,3,7,4,1,3],"bins":[-0.008929440751671791,-0.008629494346678257,-0.008329548873007298,-0.008029602468013763,-0.007729656994342804,-0.00742971058934927,-0.007129764650017023,-0.006829818710684776,-0.0065298727713525295,-0.006229926832020283,-0.005929980892688036,-0.005630034953355789,-0.005330088548362255,-0.005030142609030008,-0.0047301966696977615,-0.004430250730365515,-0.004130304791033268,-0.003830358851701021,-0.0035304129123687744,-0.003230466740205884,-0.002930520800873637,-0.0026305748615413904,-0.0023306286893785,-0.002030682750046253,-0.0017307368107140064,-0.0014307908713817596,-0.001130844815634191,-0.0008308988180942833,-0.0005309528205543756,-0.00023100682301446795,6.893917452543974e-05,0.00036888517206534743,0.0006688311696052551,0.0009687771671451628,0.0012687231646850705,0.0015686692204326391,0.001868615159764886,0.0021685610990971327,0.002468507271260023,0.00276845321059227,0.0030683991499245167,0.0033683450892567635,0.0036682910285890102,0.003968236967921257,0.004268183372914791,0.004568129312247038,0.004868075251579285,0.0051680211909115314,0.005467967130243778,0.005767913069576025,0.006067859008908272,0.006367804948240519,0.006667750887572765,0.0069676972925662994,0.007267643231898546,0.007567589171230793,0.007867535576224327,0.008167481049895287,0.00846742745488882,0.00876737292855978,0.009067319333553314,0.009367264807224274,0.009667211212217808,0.009967156685888767,0.010267103090882301],"_type":"histogram"},"gradients/hidden_layers.1.bias":{"bins":[-0.010951279662549496,-0.010582073591649532,-0.010212867520749569,-0.009843661449849606,-0.009474455378949642,-0.009105249308049679,-0.008736043237149715,-0.008366837166249752,-0.007997631095349789,-0.007628425024449825,-0.007259218953549862,-0.0068900128826498985,-0.006520806811749935,-0.006151600740849972,-0.005782394669950008,-0.005413188599050045,-0.005043982528150082,-0.004674776457250118,-0.004305570386350155,-0.0039363643154501915,-0.003567158244550228,-0.0031979521736502647,-0.0028287461027503014,-0.002459540031850338,-0.0020903339609503746,-0.0017211278900504112,-0.0013519218191504478,-0.0009827157482504845,-0.0006135096773505211,-0.0002443036064505577,0.00012490246444940567,0.000494108535349369,0.000863315537571907,0.0012325216084718704,0.0016017276793718338,0.001970933750271797,0.0023401398211717606,0.002709345892071724,0.0030785519629716873,0.0034477580338716507,0.003816964104771614,0.0041861701756715775,0.004555376246571541,0.004924582317471504,0.005293788388371468,0.005662994459271431,0.006032200530171394,0.006401406601071358,0.006770612671971321,0.0071398187428712845,0.007509024813771248,0.007878230884671211,0.008247436955571175,0.008616643026471138,0.008985849097371101,0.009355055168271065,0.009724261239171028,0.010093467310070992,0.010462673380970955,0.010831879451870918,0.011201085522770882,0.011570291593670845,0.011939497664570808,0.012308703735470772,0.012677909806370735],"_type":"histogram","values":[2,0,1,1,2,0,0,3,1,0,5,3,3,4,3,5,5,4,5,8,9,7,4,9,7,3,5,3,6,8,5,10,9,4,8,7,5,5,6,9,0,6,4,10,6,2,4,5,7,3,5,3,3,1,3,1,4,0,2,2,0,0,0,1]},"_step":49,"lr":0.002773895626887679,"epoch":24,"graph_0":{"path":"media/graph/graph_0_summary_f4b1234e4e000bea8893.graph.json","_type":"graph-file","sha256":"f4b1234e4e000bea8893b5507524c379793c5b9f2f8f5d66031067f7c4f811d0","size":1076},"gradients/output_layer.weight":{"values":[2,0,0,1,2,3,2,5,7,16,17,24,34,41,68,84,173,237,340,478,661,956,1345,1760,2340,2922,3328,2815,2295,1655,1245,931,671,495,374,247,184,124,98,65,55,25,26,13,8,8,5,4,3,2,0,1,1,0,1,0,1,0,1,0,0,0,0,1],