{"_step":3,"lr":0.000980100012384355,"train_loss":0.14119285345077515,"_wandb":{"runtime":12},"epoch":1,"_runtime":12,"val_loss":0.13655021786689758,"trainer/global_step":29,"_timestamp":1.7607111860651727e+09,"graph_0":{"_type":"graph-file","sha256":"bf9855c7bf866e34b534655ddc6d2a5afd5dec3d15f6aeec7843651f13b7037a","size":1423,"path":"media/graph/graph_0_summary_bf9855c7bf866e34b534.graph.json"}}