{"_step":49,"graph_0":{"_type":"graph-file","sha256":"59c336cb95a0fc26b849853f59eb5d4dfc6b0c1b18be4b5d82466f689590ea9f","size":1076,"path":"media/graph/graph_0_summary_59c336cb95a0fc26b849.graph.json"},"trainer/global_step":374,"val_loss":0.13558009266853333,"_wandb":{"runtime":108},"gradients/hidden_layers.1.weight":{"_type":"histogram","values":[5,2,9,8,8,14,17,9,17,17,24,29,36,31,38,62,70,76,90,96,161,156,187,246,394,500,681,1196,8107,497,404,402,322,289,248,208,209,169,157,136,129,104,82,89,67,69,67,63,52,48,35,33,30,36,41,34,27,16,13,9,7,3,1,2],"bins":[-0.030689017847180367,-0.02959531918168068,-0.02850162237882614,-0.027407923713326454,-0.026314226910471916,-0.02522052824497223,-0.02412683144211769,-0.023033132776618004,-0.021939434111118317,-0.02084573730826378,-0.01975203864276409,-0.018658341839909554,-0.017564643174409866,-0.01647094637155533,-0.015377247706055641,-0.014283549971878529,-0.013189852237701416,-0.012096154503524303,-0.01100245676934719,-0.009908759035170078,-0.008815061300992966,-0.007721363101154566,-0.006627664901316166,-0.005533967167139053,-0.004440269432961941,-0.003346571698784828,-0.002252873731777072,-0.0011591758811846375,-6.547803059220314e-05,0.0010282198200002313,0.0021219176705926657,0.003215615637600422,0.004309311509132385,0.005403009243309498,0.00649670697748661,0.00759040517732501,0.008684102445840836,0.009777801111340523,0.010871498845517635,0.011965196579694748,0.01305889431387186,0.014152592048048973,0.015246289782226086,0.016339987516403198,0.017433686181902885,0.018527382984757423,0.01962108165025711,0.02071477845311165,0.021808477118611336,0.022902175784111023,0.02399587258696556,0.025089571252465248,0.026183268055319786,0.027276966720819473,0.02837066352367401,0.0294643621891737,0.030558060854673386,0.031651757657527924,0.03274545446038246,0.0338391549885273,0.034932851791381836,0.036026548594236374,0.03712024539709091,0.03821394592523575,0.039307642728090286]},"gradients/hidden_layers.1.bias":{"values":[1,0,2,1,0,0,1,0,2,3,1,2,1,2,2,2,3,5,4,2,3,3,4,1,2,4,3,6,1,2,1,2,0,1,1,1,1,3,2,2,4,2,3,3,5,0,2,0,2,2,3,4,1,2,2,2,2,1,1,3,1,3,1,2],"bins":[-0.03151541203260422,-0.03039015457034111,-0.029264897108078003,-0.028139641508460045,-0.027014384046196938,-0.02588912658393383,-0.024763870984315872,-0.023638613522052765,-0.022513356059789658,-0.02138809859752655,-0.020262841135263443,-0.019137585535645485,-0.018012328073382378,-0.01688707061111927,-0.015761815011501312,-0.014636557549238205,-0.013511300086975098,-0.01238604262471199,-0.011260786093771458,-0.010135529562830925,-0.009010272100567818,-0.00788501463830471,-0.006759758107364178,-0.005634501110762358,-0.004509244114160538,-0.0033839871175587177,-0.0022587301209568977,-0.0011334731243550777,-8.216127753257751e-06,0.0011170408688485622,0.0022422978654503822,0.0033675548620522022,0.004492811858654022,0.005618068855255842,0.006743325851857662,0.007868582382798195,0.008993839845061302,0.01011909730732441,0.011244353838264942,0.012369610369205475,0.013494867831468582,0.01462012529373169,0.015745382755994797,0.016870638355612755,0.017995895817875862,0.01912115328013897,0.020246408879756927,0.021371666342020035,0.022496923804283142,0.02362218126654625,0.024747438728809357,0.025872694328427315,0.026997951790690422,0.02812320925295353,0.029248464852571487,0.030373722314834595,0.0314989797770977,0.03262423723936081,0.03374949470162392,0.034874752163887024,0.03600000590085983,0.03712526336312294,0.03825052082538605,0.039375778287649155,0.04050103574991226],"_type":"histogram"},"gradients/output_layer.weight":{"_type":"histogram","values":[1,0,0,0,0,0,0,0,0,1,0,0,2,5,10,2,5,9,30,32,47,90,113,191,246,401,514,668,870,1183,1626,1751,1590,1190,891,615,421,316,206,122,92,44,26,26,14,14,8,7,6,4,3,2,1,1,2,0,1,0,0,0,0,0,0,1],"bins":[-0.004548928700387478,-0.00440417043864727,-0.0042594121769070625,-0.004114654380828142,-0.0039698961190879345,-0.003825137857347727,-0.003680379828438163,-0.003535621799528599,-0.003390863537788391,-0.0032461052760481834,-0.0031013472471386194,-0.0029565892182290554,-0.0028118309564888477,-0.00266707269474864,-0.002522314665839076,-0.002377556636929512,-0.0022327983751893044,-0.0020880401134490967,-0.0019432820845395327,-0.0017985239392146468,-0.001653765793889761,-0.0015090076485648751,-0.0013642495032399893,-0.0012194913579151034,-0.0010747332125902176,-0.0009299750672653317,-0.0007852169219404459,-0.0006404587766155601,-0.0004957006312906742,-0.00035094248596578836,-0.00020618434064090252,-6.142619531601667e-05,8.333195000886917e-05,0.00022809009533375502,0.00037284824065864086,0.0005176063859835267,0.0006623645313084126,0.0008071226766332984,0.0009518808219581842,0.00109663896728307,0.001241397112607956,0.0013861552579328418,0.0015309134032577276,0.0016756715485826135,0.0018204296939074993,0.001965187955647707,0.002109945984557271,0.002254704013466835,0.0023994622752070427,0.0025442205369472504,0.0026889785658568144,0.0028337365947663784,0.002978494856506586,0.0031232531182467937,0.0032680111471563578,0.003412769176065922,0.0035575274378061295,0.003702285699546337,0.003847043728455901,0.003991801757365465,0.004136560019105673,0.0042813182808458805,0.004426076076924801,0.0045708343386650085,0.004715592600405216]},"_runtime":108,"epoch":24,"_timestamp":1.7607785065118706e+09,"lr":0.002773895626887679,"gradients/hidden_layers.0.bias":{"_type":"histogram","values":[1,0,0,0,1,1,0,0,0,0,2,0,1,2,1,1,5,1,4,3,5,4,48,7,3,4,3,5,2,2,0,2,0,1,2,1,3,2,2,2,0,2,1,0,1,0,2,0,0,0,0,0,0,0,0,0,0,0,0,0,0,0,0,1],"bins":[-0.16262397170066833,-0.15532459318637848,-0.14802521467208862,-0.14072583615779877,-0.1334264576435089,-0.12612707912921906,-0.1188277080655098,-0.11152832955121994,-0.10422895103693008,-0.09692957252264023,-0.08963019400835037,-0.08233081549406052,-0.07503144443035126,-0.0677320659160614,-0.060432687401771545,-0.05313330888748169,-0.045833930373191833,-0.03853455185890198,-0.03123517520725727,-0.023935798555612564,-0.016636420041322708,-0.009337042458355427,-0.0020376648753881454,0.005261712707579136,0.012561090290546417,0.019860468804836273,0.02715984545648098,0.03445922210812569,0.04175860062241554,0.0490579791367054,0.056357353925704956,0.06365673243999481,0.07095611095428467,0.07825548946857452,0.08555486798286438,0.09285424649715424,0.10015362501144409,0.10745299607515335,0.1147523745894432,0.12205175310373306,0.12935113906860352,0.13665050268173218,0.14394988119602203,0.1512492597103119,0.15854863822460175,0.1658480167388916,0.17314739525318146,0.1804467737674713,0.18774615228176117,0.19504553079605103,0.20234490931034088,0.20964428782463074,0.2169436663389206,0.22424304485321045,0.2315424233675003,0.23884180188179016,0.24614116549491882,0.2534405589103699,0.26073992252349854,0.2680393159389496,0.27533867955207825,0.2826380729675293,0.28993743658065796,0.297236829996109,0.30453619360923767]},"train_loss":0.13504697382450104,