{"trainer/global_step":29,"_step":3,"_timestamp":1.760711096397134e+09,"_runtime":21,"lr":0.000980100012384355,"val_loss":0.13168728351593018,"train_loss":0.13455966114997864,"graph_0":{"_type":"graph-file","sha256":"ebe3265b5870ca8a54c6927669db611100c4e033fb4c0ec39f828b0663569fee","size":1423,"path":"media/graph/graph_0_summary_ebe3265b5870ca8a54c6.graph.json"},"_wandb":{"runtime":21},"epoch":1}