{"val_loss":0.10768541693687439,"gradients/hidden_layers.1.weight":{"_type":"histogram","values":[3,1,1,3,3,0,3,0,1,2,3,1,2,2,3,7,13,13,13,17,18,11,14,25,25,21,27,28,48,46,15647,158,53,43,19,12,7,17,12,5,8,5,6,7,6,4,7,2,0,1,1,1,0,1,1,0,1,1,2,0,0,0,1,2],"bins":[-0.07114244252443314,-0.06883297115564346,-0.0665234923362732,-0.06421402096748352,-0.06190454214811325,-0.05959507077932358,-0.05728559568524361,-0.054976120591163635,-0.052666645497083664,-0.05035717040300369,-0.04804769530892372,-0.04573822021484375,-0.04342874884605408,-0.041119273751974106,-0.038809798657894135,-0.03650032356381416,-0.03419084846973419,-0.03188137337565422,-0.02957189828157425,-0.027262425050139427,-0.024952949956059456,-0.022643474861979485,-0.020334001630544662,-0.01802452653646469,-0.01571505144238472,-0.013405576348304749,-0.011096102185547352,-0.008786628022789955,-0.006477152928709984,-0.0041676783002913,-0.0018582036718726158,0.0004512709565460682,0.0027607381343841553,0.005070212762802839,0.007379687391221523,0.00968916155397892,0.011998636648058891,0.014308111742138863,0.016617584973573685,0.018927060067653656,0.021236535161733627,0.0235460102558136,0.02585548534989357,0.028164958581328392,0.030474433675408363,0.032783906906843185,0.03509338200092316,0.03740285709500313,0.0397123321890831,0.04202180728316307,0.04433128237724304,0.04664075747132301,0.048950232565402985,0.05125970393419266,0.05356917902827263,0.0558786541223526,0.05818812921643257,0.06049760431051254,0.06280707567930222,0.06511655449867249,0.06742602586746216,0.06973550468683243,0.0720449760556221,0.07435445487499237,0.07666392624378204]},"trainer/global_step":724,"gradients/hidden_layers.0.weight":{"_type":"histogram","values":[2,1,2,2,0,1,1,0,0,3,3,0,0,1,0,0,0,1,0,0,0,1,2,1,0,1,5,50,5,5,1,3,3,4,2,3,0,5,1,1,1,2,3,3,0,1,0,0,0,0,2,0,0,1,0,1,1,0,1,0,1,0,0,1],"bins":[-0.1546841263771057,-0.14908641576766968,-0.14348870515823364,-0.1378910094499588,-0.13229329884052277,-0.12669558823108673,-0.12109788507223129,-0.11550018191337585,-0.10990247130393982,-0.10430476069450378,-0.09870705753564835,-0.09310935437679291,-0.08751164376735687,-0.08191393315792084,-0.0763162299990654,-0.07071852684020996,-0.06512081623077393,-0.05952310934662819,-0.05392540246248245,-0.048327695578336716,-0.04272998869419098,-0.03713228181004524,-0.031534574925899506,-0.02593686804175377,-0.020339161157608032,-0.014741454273462296,-0.009143747389316559,-0.003546040505170822,0.0020516663789749146,0.007649373263120651,0.013247080147266388,0.018844787031412125,0.024442508816719055,0.030040215700864792,0.03563792258501053,0.041235629469156265,0.046833336353302,0.05243104323744774,0.058028750121593475,0.06362645328044891,0.06922416388988495,0.07482187449932098,0.08041957765817642,0.08601728081703186,0.0916149914264679,0.09721270203590393,0.10281040519475937,0.10840810835361481,0.11400581896305084,0.11960352957248688,0.12520122528076172,0.13079893589019775,0.1363966464996338,0.14199435710906982,0.14759206771850586,0.1531897634267807,0.15878747403621674,0.16438518464565277,0.1699828803539276,0.17558059096336365,0.18117830157279968,0.18677601218223572,0.19237372279167175,0.1979714184999466,0.20356912910938263]},"_runtime":292,"gradients/hidden_layers.2.bias":{"values":[1,0,0,1,0,0,0,0,0,1,1,0,0,1,2,1,2,2,3,0,1,2,0,1,1,4,10,76,4,2,4,1,3,1,0,0,0,0,0,0,0,1,0,0,0,0,0,0,0,0,1,0,0,0,0,0,0,0,0,0,0,0,0,1],"bins":[-0.030881410464644432,-0.029748128727078438,-0.028614846989512444,-0.0274815633893013,-0.026348281651735306,-0.02521499991416931,-0.024081718176603317,-0.022948436439037323,-0.02181515470147133,-0.020681871101260185,-0.01954858936369419,-0.018415307626128197,-0.017282025888562202,-0.016148744150996208,-0.01501546148210764,-0.01388217881321907,-0.012748897075653076,-0.011615615338087082,-0.010482332669198513,-0.009349050931632519,-0.00821576826274395,-0.007082486525177956,-0.005949204787611961,-0.00481592258438468,-0.0036826403811573982,-0.0025493581779301167,-0.0014160762075334787,-0.000282794120721519,0.0008504879660904408,0.0019837701693177223,0.0031170521397143602,0.004250334110110998,0.0053836144506931305,0.006516896653920412,0.007650178857147694,0.008783460594713688,0.009916743263602257,0.011050025001168251,0.012183306738734245,0.013316589407622814,0.014449871145188808,0.015583152882754803,0.01671643555164337,0.017849717289209366,0.01898299902677536,0.020116280764341354,0.021249564364552498,0.022382846102118492,0.023516127839684486,0.02464940957725048,0.025782691314816475,0.02691597491502762,0.028049256652593613,0.029182538390159607,0.0303158201277256,0.031449101865291595,0.03258238360285759,0.033715665340423584,0.03484894707798958,0.03598223254084587,0.037115514278411865,0.03824879601597786,0.039382077753543854,0.04051535949110985,0.04164864122867584],"_type":"histogram"},"lr":0.0077782138250768185,"_timestamp":1.760787191687605e+09,"gradients/hidden_layers.0.bias":{"values":[3,1,0,1,2,0,1,0,1,0,2,4,0,0,1,0,1,0,0,0,1,2,1,0,0,3,4,46,8,3,3,3,4,6,1,4,2,2,4,2,1,2,0,0,0,2,0,0,1,0,1,0,0,0,0,1,1,0,1,0,1,0,0,1],"bins":[-0.3843878507614136,-0.370586633682251,-0.3567854166030884,-0.34298422932624817,-0.32918301224708557,-0.315381795167923,-0.3015805780887604,-0.28777939081192017,-0.27397817373275757,-0.26017695665359497,-0.24637573957443237,-0.23257453739643097,-0.21877332031726837,-0.20497211813926697,-0.19117090106010437,-0.17736969888210297,-0.16356848180294037,-0.14976726472377777,-0.13596606254577637,-0.12216485291719437,-0.10836364328861237,-0.09456242620944977,-0.08076121658086777,-0.06696000695228577,-0.053158797323703766,-0.039357587695121765,-0.025556376203894615,-0.01175516564399004,0.0020460449159145355,0.015847254544496536,0.029648466035723686,0.043449677526950836,0.05725088715553284,0.07105209678411484,0.08485330641269684,0.09865451604127884,0.11245572566986084,0.12625694274902344,0.14005814492702484,0.15385936200618744,0.16766056418418884,0.18146178126335144,0.19526299834251404,0.20906420052051544,0.22286541759967804,0.23666661977767944,0.25046783685684204,0.26426905393600464,0.27807027101516724,0.29187145829200745,0.30567267537117004,0.31947389245033264,0.33327510952949524,0.34707629680633545,0.36087751388549805,0.37467873096466064,0.38847994804382324,0.40228116512298584,0.41608235239982605,0.42988356947898865,0.44368478655815125,0.45748600363731384,0.47128719091415405,0.48508840799331665,0.49888962507247925],"_type":"histogram"},"gradients/output_layer.weight":{"_type":"histogram","values":[1,2,1,1,1,2,1,3,4,4,6,7,9,17,8,12,19,29,27,26,37,81,87,113,172,289,464,884,2042,3449,2525,1265,596,334,198,163,109,65,69,60,42,35,14,19,13,16,11,10,11,8,5,6,3,6,1,6,1,6,0,2,0,1,1,1],