{"gradients/output_layer.bias":{"values":[1,0,0,0,1,0,1,0,1,1,0,2,3,0,1,3,3,2,0,3,3,0,2,2,6,2,2,2,4,3,2,5,4,3,2,4,2,1,4,3,2,1,2,4,1,3,0,3,0,1,1,2,0,0,0,0,0,0,0,0,1,0,0,1],"bins":[-0.0011555503588169813,-0.0011195417027920485,-0.0010835330467671156,-0.0010475245071575046,-0.0010115158511325717,-0.0009755071951076388,-0.0009394985972903669,-0.0009034899994730949,-0.0008674813434481621,-0.0008314726874232292,-0.0007954640896059573,-0.0007594554917886853,-0.0007234468357637525,-0.0006874381797388196,-0.0006514295819215477,-0.0006154209841042757,-0.0005794123280793428,-0.00054340367205441,-0.000507395074237138,-0.00047138644731603563,-0.0004353778203949332,-0.0003993691934738308,-0.0003633605665527284,-0.000327351939631626,-0.0002913433127105236,-0.0002553346857894212,-0.0002193260588683188,-0.0001833174319472164,-0.000147308805026114,-0.00011130017810501158,-7.529155118390918e-05,-3.928292426280677e-05,-3.2742973417043686e-06,3.2734329579398036e-05,6.874295650050044e-05,0.00010475158342160285,0.00014076021034270525,0.00017676883726380765,0.00021277746418491006,0.00024878609110601246,0.00028479471802711487,0.00032080334494821727,0.0003568119718693197,0.0003928205987904221,0.0004288292257115245,0.0004648378526326269,0.0005008464795537293,0.0005368550773710012,0.0005728637333959341,0.000608872389420867,0.0006448809872381389,0.0006808895850554109,0.0007168982410803437,0.0007529068971052766,0.0007889154949225485,0.0008249240927398205,0.0008609327487647533,0.0008969414047896862,0.0009329500026069582,0.0009689586004242301,0.001004967256449163,0.0010409759124740958,0.0010769844520837069,0.0011129931081086397,0.0011490017641335726],"_type":"histogram"},"gradients/output_layer.weight":{"_type":"histogram","values":[1,0,1,0,0,1,0,1,5,0,2,7,4,8,2,16,11,18,35,40,39,73,86,110,175,266,379,527,604,810,967,1101,1197,1183,989,891,839,642,520,425,326,243,220,130,128,89,63,52,51,33,20,13,18,9,12,4,3,2,2,3,2,0,0,2],"bins":[-0.002764221979305148,-0.0026815973687916994,-0.002598972525447607,-0.0025163479149341583,-0.0024337233044207096,-0.002351098693907261,-0.002268474083393812,-0.00218584924004972,-0.002103224629536271,-0.0020206000190228224,-0.0019379752920940518,-0.0018553505651652813,-0.0017727259546518326,-0.0016901013441383839,-0.0016074766172096133,-0.0015248518902808428,-0.001442227279767394,-0.0013596026692539454,-0.0012769779423251748,-0.0011943532153964043,-0.0011117286048829556,-0.0010291039943695068,-0.0009464792674407363,-0.0008638545987196267,-0.000781229929998517,-0.0006986052612774074,-0.0006159805925562978,-0.0005333559238351882,-0.0004507312551140785,-0.0003681065863929689,-0.00028548191767185926,-0.00020285724895074964,-0.00012023281306028366,-3.760814433917403e-05,4.5016524381935596e-05,0.00012764119310304523,0.00021026586182415485,0.0002928905305452645,0.0003755151992663741,0.00045813986798748374,0.0005407645367085934,0.000623389205429703,0.0007060138741508126,0.0007886385428719223,0.0008712632115930319,0.0009538878803141415,0.0010365125490352511,0.0011191372759640217,0.0012017618864774704,0.0012843864969909191,0.0013670112239196897,0.0014496359508484602,0.001532260561361909,0.0016148851718753576,0.0016975098988041282,0.0017801346257328987,0.0018627592362463474,0.0019453838467597961,0.002028008457273245,0.0021106333006173372,0.002193257911130786,0.0022758825216442347,0.002358507364988327,0.0024411319755017757,0.0025237565860152245]},"graph_0":{"_type":"graph-file","sha256":"bfc9bd94e7b068be61120302802f6f0d4967437d0875d6ed83b15e6dd1c3e31a","size":1876,"path":"media/graph/graph_0_summary_bfc9bd94e7b068be6112.graph.json"},"gradients/hidden_layers.0.weight":{"values":[1,0,0,0,0,0,0,1,0,0,0,3,2,0,1,0,1,3,1,2,2,1,1,3,1,0,1,5,4,3,2,1,0,10,36,4,3,1,4,2,1,1,0,4,3,0,1,2,2,0,3,3,1,2,0,2,1,0,0,0,0,0,0,3],"bins":[-0.43663468956947327,-0.42380982637405396,-0.41098496317863464,-0.39816009998321533,-0.38533520698547363,-0.3725103437900543,-0.359685480594635,-0.3468606173992157,-0.3340357542037964,-0.3212108910083771,-0.30838602781295776,-0.29556116461753845,-0.28273630142211914,-0.26991140842437744,-0.25708654522895813,-0.24426168203353882,-0.2314368188381195,-0.2186119556427002,-0.20578709244728088,-0.19296221435070038,-0.18013735115528107,-0.16731248795986176,-0.15448760986328125,-0.14166274666786194,-0.12883788347244263,-0.11601302027702332,-0.10318814963102341,-0.0903632789850235,-0.07753841578960419,-0.06471355259418488,-0.05188868194818497,-0.03906381502747536,-0.026238977909088135,-0.013414110988378525,-0.0005892440676689148,0.012235622853040695,0.025060489773750305,0.037885356694459915,0.050710223615169525,0.06353509426116943,0.07635995745658875,0.08918482065200806,0.10200969129800797,0.11483456194400787,0.12765942513942719,0.1404842883348465,0.153309166431427,0.1661340296268463,0.17895889282226562,0.19178375601768494,0.20460861921310425,0.21743349730968475,0.23025836050510406,0.24308322370052338,0.2559081017971039,0.2687329649925232,0.2815578281879425,0.2943826913833618,0.30720755457878113,0.32003241777420044,0.33285731077194214,0.34568217396736145,0.35850703716278076,0.3713319003582001,0.3841567635536194],"_type":"histogram"},"_wandb":{"runtime":291},"gradients/hidden_layers.1.bias":{"_type":"histogram","values":[1,0,0,1,1,0,0,0,0,2,1,0,0,0,0,1,1,0,1,1,2,3,1,1,1,1,1,1,0,6,63,7,2,6,4,4,2,1,1,3,0,0,1,0,0,2,2,0,0,0,0,0,0,1,0,0,0,0,0,0,1,0,0,1],"bins":[-0.2810479998588562,-0.2718155086040497,-0.26258301734924316,-0.25335052609443665,-0.24411801993846893,-0.23488552868366241,-0.2256530225276947,-0.21642053127288818,-0.20718804001808167,-0.19795554876327515,-0.18872305750846863,-0.17949055135250092,-0.1702580600976944,-0.16102556884288788,-0.15179306268692017,-0.14256057143211365,-0.13332808017730713,-0.12409558892250061,-0.1148630902171135,-0.10563059151172638,-0.09639810025691986,-0.08716560900211334,-0.07793311029672623,-0.06870061159133911,-0.05946812033653259,-0.050235625356435776,-0.04100313037633896,-0.03177063539624214,-0.022538140416145325,-0.013305645436048508,-0.004073150455951691,0.005159344524145126,0.014391839504241943,0.02362433448433876,0.03285682946443558,0.042089324444532394,0.05132181942462921,0.06055431440472603,0.06978680938482285,0.07901930809020996,0.08825179934501648,0.097484290599823,0.10671678930521011,0.11594928801059723,0.12518177926540375,0.13441427052021027,0.14364677667617798,0.1528792679309845,0.16211175918579102,0.17134425044059753,0.18057674169540405,0.18980924785137177,0.19904173910617828,0.2082742303609848,0.21750673651695251,0.22673922777175903,0.23597171902656555,0.24520421028137207,0.2544367015361786,0.2636691927909851,0.272901713848114,0.28213420510292053,0.29136669635772705,0.30059918761253357,0.3098316788673401]},"train_loss":0.14216111600399017,"lr":0.002773895626887679,"trainer/global_step":724,"_runtime":291,"_timestamp":1.7607908511399207e+09,"_step":49,