{"gradients/hidden_layers.3.bias":{"_type":"histogram","values":[2,0,0,0,1,0,2,0,3,2,2,2,1,3,1,1,1,2,4,1,2,1,4,3,4,0,7,2,2,5,0,5,1,1,3,5,6,6,4,1,1,1,6,0,3,0,7,2,0,0,3,3,1,0,2,1,0,1,0,1,3,1,0,2],"bins":[-0.027299094945192337,-0.02638249658048153,-0.025465896353125572,-0.024549297988414764,-0.023632697761058807,-0.022716099396348,-0.021799499168992043,-0.020882900804281235,-0.019966300576925278,-0.01904970221221447,-0.018133103847503662,-0.017216503620147705,-0.016299905255436897,-0.015383305959403515,-0.014466706663370132,-0.01355010736733675,-0.012633508071303368,-0.011716908775269985,-0.010800309479236603,-0.00988371018320322,-0.008967110887169838,-0.00805051252245903,-0.007133913226425648,-0.006217313930392265,-0.005300714634358883,-0.0043841153383255005,-0.0034675162751227617,-0.002550917211920023,-0.0016343179158866405,-0.00071771873626858,0.00019888044334948063,0.0011154796229675412,0.002032078802585602,0.0029486780986189842,0.003865277161821723,0.004781876225024462,0.005698475521057844,0.006615074817091227,0.007531673647463322,0.008448272943496704,0.009364872239530087,0.010281471535563469,0.011198070831596851,0.012114670127630234,0.013031268492341042,0.013947867788374424,0.014864467084407806,0.015781067311763763,0.01669766567647457,0.01761426404118538,0.018530864268541336,0.019447462633252144,0.0203640628606081,0.02128066122531891,0.022197261452674866,0.023113859817385674,0.02403045818209648,0.02494705840945244,0.025863656774163246,0.026780257001519203,0.02769685536623001,0.028613455593585968,0.029530053958296776,0.030446654185652733,0.03136325255036354]},"gradients/hidden_layers.0.weight":{"_type":"histogram","values":[1,0,0,0,0,0,0,1,1,0,0,0,0,0,0,0,1,0,0,1,0,2,1,1,4,1,1,1,2,5,4,71,12,7,4,2,2,1,0,0,0,0,1,0,0,0,0,0,0,0,0,0,0,0,0,0,0,0,0,0,0,0,0,1],"bins":[-0.4842637777328491,-0.46908560395240784,-0.45390740036964417,-0.4387292265892029,-0.4235510230064392,-0.4083728492259979,-0.39319467544555664,-0.37801647186279297,-0.3628382980823517,-0.3476601243019104,-0.33248192071914673,-0.31730374693870544,-0.30212557315826416,-0.2869473695755005,-0.2717691957950592,-0.25659099221229553,-0.24141281843185425,-0.22623462975025177,-0.2110564410686493,-0.195878267288208,-0.18070007860660553,-0.16552188992500305,-0.15034371614456177,-0.1351655274629593,-0.11998733878135681,-0.10480915009975433,-0.08963096886873245,-0.07445278763771057,-0.05927459895610809,-0.044096413999795914,-0.028918229043483734,-0.013740044087171555,0.0014381706714630127,0.016616355627775192,0.03179454058408737,0.04697272554039955,0.06215091049671173,0.07732909917831421,0.09250728040933609,0.10768546164035797,0.12286365032196045,0.13804183900356293,0.1532200276851654,0.1683982014656067,0.18357639014720917,0.19875457882881165,0.21393275260925293,0.2291109412908554,0.24428912997245789,0.25946730375289917,0.27464550733566284,0.2898236811161041,0.3050018548965454,0.3201800584793091,0.33535823225975037,0.35053643584251404,0.3657146096229553,0.3808927834033966,0.3960709869861603,0.41124916076660156,0.42642736434936523,0.4416055381298065,0.4567837119102478,0.4719619154930115,0.48714008927345276]},"_step":49,"train_loss":0.11709301173686981,"_timestamp":1.760786520937618e+09,"gradients/hidden_layers.2.weight":{"bins":[-0.049275435507297516,-0.047336921095848083,-0.04539840668439865,-0.04345989227294922,-0.04152137413620949,-0.039582859724760056,-0.03764434531331062,-0.03570583090186119,-0.03376731649041176,-0.031828802078962326,-0.029890285804867744,-0.027951771393418312,-0.02601325511932373,-0.024074740707874298,-0.022136226296424866,-0.020197710022330284,-0.018259195610880852,-0.01632068119943142,-0.014382165856659412,-0.012443650513887405,-0.010505136102437973,-0.008566620759665966,-0.006628105416893959,-0.004689590539783239,-0.0027510756626725197,-0.0008125606691464782,0.0011259543243795633,0.0030644694343209267,0.005002984311431646,0.006941499188542366,0.008880014531314373,0.010818528942763805,0.012757044285535812,0.01469555962830782,0.016634074971079826,0.01857258938252926,0.02051110379397869,0.022449620068073273,0.024388134479522705,0.026326648890972137,0.02826516330242157,0.03020367957651615,0.03214219585061073,0.034080710262060165,0.0360192246735096,0.03795773908495903,0.03989625349640846,0.041834767907857895,0.043773286044597626,0.04571180045604706,0.04765031486749649,0.04958882927894592,0.051527343690395355,0.05346585810184479,0.05540437251329422,0.05734289065003395,0.05928140506148338,0.061219919472932816,0.06315843760967255,0.06509695202112198,0.06703546643257141,0.06897398084402084,0.07091249525547028,0.07285100966691971,0.07478952407836914],"_type":"histogram","values":[1,0,0,0,0,0,1,0,0,0,2,2,1,2,4,7,3,9,6,2,1,2,6,29,74,15945,167,42,15,0,1,1,2,4,2,5,3,5,6,2,4,5,1,3,2,0,1,2,0,0,1,0,1,3,2,3,0,1,2,0,0,0,0,1]},"gradients/output_layer.bias":{"bins":[-0.002013213001191616,-0.0019561515655368567,-0.001899090362712741,-0.0018420289270579815,-0.001784967607818544,-0.0017279062885791063,-0.0016708449693396688,-0.0016137836501002312,-0.0015567222144454718,-0.0014996608952060342,-0.0014425995759665966,-0.001385538256727159,-0.0013284769374877214,-0.0012714156182482839,-0.0012143541825935245,-0.0011572928633540869,-0.0011002315441146493,-0.0010431702248752117,-0.0009861089056357741,-0.0009290475281886756,-0.0008719861507415771,-0.0008149248315021396,-0.000757863512262702,-0.0007008021348156035,-0.0006437408155761659,-0.0005866794963367283,-0.0005296181188896298,-0.00047255679965019226,-0.0004154954513069242,-0.0003584341029636562,-0.0003013727837242186,-0.00024431143538095057,-0.0001872499706223607,-0.00013018862227909267,-7.312728848773986e-05,-1.606594742042944e-05,4.0995393646880984e-05,9.805673471419141e-05,0.00015511807578150183,0.00021217940957285464,0.0002692407579161227,0.0003263021062593907,0.00038336345460265875,0.00044042477384209633,0.0004974860930815339,0.0005545474705286324,0.00061160878976807,0.0006686701672151685,0.0007257314864546061,0.0007827928056940436,0.0008398541831411421,0.0008969155023805797,0.0009539768798276782,0.0010110381990671158,0.0010680995183065534,0.001125160837545991,0.0011822222732007504,0.001239283592440188,0.0012963449116796255,0.001353406230919063,0.0014104675501585007,0.0014675288693979383,0.0015245903050526977,0.0015816516242921352,0.0016387129435315728],"_type":"histogram","values":[1,0,0,0,0,0,0,0,0,0,0,1,0,1,0,1,0,0,1,1,2,2,1,4,3,1,0,3,1,1,4,5,5,3,4,5,6,4,5,3,1,3,3,1,5,7,2,3,1,2,1,1,0,0,0,1,0,0,0,0,0,0,0,1]},"graph_0":{"path":"media/graph/graph_0_summary_4087afdd18c8af3ff392.graph.json","_type":"graph-file","sha256":"4087afdd18c8af3ff392fa8dbffdf421061a5b8c2dc6ed5502dbf6508725e5f6","size":1876},