{"val_loss":0.13736383616924286,"trainer/global_step":29,"_step":3,"train_loss":0.15005366504192352,"_wandb":{"runtime":8},"graph_0":{"path":"media/graph/graph_0_summary_be2a58cf661c12a6529c.graph.json","_type":"graph-file","sha256":"be2a58cf661c12a6529ce08161f7761d2e567523e476a20c64ae84494f2b1153","size":1392},"lr":0.009025000035762787,"_timestamp":1.7607115465168571e+09,"epoch":1,"_runtime":8}