{"train_loss":0.3449656367301941,"lr":0.0009025000035762787,"_wandb":{"runtime":0},"val_loss":0.28920820355415344,"trainer/global_step":29,"_timestamp":1.7607076426944373e+09,"epoch":1,"_step":3,"graph_0":{"_type":"graph-file","sha256":"4438e5080a2a24c218dd683fb922aeace65628356a1879d5b9097b6770e105ff","size":785,"path":"media/graph/graph_0_summary_4438e5080a2a24c218dd.graph.json"},"_runtime":0}