{"gradients/output_layer.bias":{"values":[1,0,0,0,0,0,0,0,1,0,0,2,1,1,0,1,2,0,1,2,3,1,2,3,2,3,5,1,6,3,2,3,3,2,6,0,2,3,0,0,4,3,2,3,1,3,2,2,2,0,2,1,3,3,0,0,2,0,0,0,2,2,0,1],"bins":[-0.0009173831786029041,-0.0008954365039244294,-0.0008734898292459548,-0.0008515431545674801,-0.0008295964798890054,-0.0008076498052105308,-0.0007857031305320561,-0.0007637564558535814,-0.0007418097811751068,-0.0007198631064966321,-0.0006979164318181574,-0.0006759697571396828,-0.0006540230824612081,-0.0006320764077827334,-0.0006101297331042588,-0.0005881830584257841,-0.0005662363837473094,-0.0005442897090688348,-0.0005223430343903601,-0.0005003963597118855,-0.0004784496850334108,-0.0004565030103549361,-0.00043455633567646146,-0.0004126096609979868,-0.00039066298631951213,-0.00036871631164103746,-0.0003467696369625628,-0.00032482296228408813,-0.00030287628760561347,-0.0002809296129271388,-0.00025898293824866414,-0.00023703626357018948,-0.00021508955978788435,-0.0001931428851094097,-0.00017119621043093503,-0.00014924953575246036,-0.0001273028610739857,-0.00010535618639551103,-8.340951171703637e-05,-6.14628370385617e-05,-3.951616236008704e-05,-1.7569487681612372e-05,4.377186996862292e-06,2.6323861675336957e-05,4.827053635381162e-05,7.021721103228629e-05,9.216388571076095e-05,0.00011411056038923562,0.00013605723506771028,0.00015800390974618495,0.0001799505844246596,0.00020189725910313427,0.00022384393378160894,0.0002457906084600836,0.00026773728313855827,0.00028968395781703293,0.0003116306324955076,0.00033357730717398226,0.00035552398185245693,0.0003774706565309316,0.00039941733120940626,0.0004213640058878809,0.0004433106805663556,0.00046525735524483025,0.0004872040299233049],"_type":"histogram"},"_wandb":{"runtime":21},"gradients/hidden_layers.0.weight":{"bins":[-0.013060638681054115,-0.012532588094472885,-0.012004537507891655,-0.011476487852633,-0.01094843726605177,-0.010420386679470539,-0.009892336092889309,-0.009364285506308079,-0.008836235851049423,-0.008308185264468193,-0.007780134677886963,-0.007252084091305733,-0.0067240335047245026,-0.00619598338380456,-0.0056679327972233295,-0.005139882676303387,-0.0046118320897221565,-0.004083781503140926,-0.0035557313822209835,-0.0030276807956397533,-0.002499630441889167,-0.0019715800881385803,-0.001443529617972672,-0.0009154792060144246,-0.00038742879405617714,0.00014062161790207028,0.0006686720298603177,0.001196722500026226,0.0017247728537768126,0.002252823207527399,0.0027808737941086292,0.0033089241478592157,0.0038369745016098022,0.004365025088191032,0.004893075209110975,0.005421125795692205,0.005949175916612148,0.0064772265031933784,0.007005277089774609,0.0075333272106945515,0.008061377331614494,0.008589427918195724,0.009117478504776955,0.009645529091358185,0.010173579677939415,0.010701630264520645,0.0112296799197793,0.01175773050636053,0.012285781092941761,0.012813831679522991,0.013341882266104221,0.013869931921362877,0.014397982507944107,0.014926033094525337,0.015454083681106567,0.015982134267687798,0.016510184854269028,0.017038235440850258,0.017566286027431488,0.01809433475136757,0.0186223853379488,0.01915043592453003,0.01967848651111126,0.02020653709769249,0.02073458768427372],"_type":"histogram","values":[2,0,0,0,0,0,0,1,0,0,0,2,0,0,1,1,1,1,0,0,1,2,1,2,1,1,2,0,0,1,1,1,0,0,2,0,2,0,1,0,1,0,1,0,1,0,1,0,0,0,0,0,0,0,0,0,0,0,0,0,0,0,0,1]},"epoch":24,"train_loss":0.15875226259231567,"_timestamp":1.7607720137072434e+09,"lr":0.002773895626887679,"gradients/output_layer.weight":{"_type":"histogram","values":[2,1,0,0,3,1,0,1,2,2,4,5,9,7,12,8,10,13,22,21,44,39,80,94,139,149,221,654,813,301,221,167,138,97,84,79,56,46,49,33,31,28,27,13,10,7,11,6,6,7,5,3,6,1,2,0,1,2,1,1,1,1,0,3],"bins":[-0.014971649274230003,-0.014443591237068176,-0.01391553319990635,-0.013387476094067097,-0.01285941805690527,-0.012331360019743443,-0.01180330291390419,-0.011275244876742363,-0.010747186839580536,-0.010219128802418709,-0.009691070765256882,-0.00916301365941763,-0.008634955622255802,-0.008106897585093975,-0.007578840013593435,-0.0070507824420928955,-0.006522724404931068,-0.005994666367769241,-0.0054666087962687016,-0.004938551224768162,-0.004410493187606335,-0.0038824353832751513,-0.003354377578943968,-0.0028263197746127844,-0.002298261970281601,-0.0017702041659504175,-0.001242146361619234,-0.0007140885572880507,-0.00018603075295686722,0.0003420270513743162,0.0008700848557054996,0.001398142660036683,0.0019262023270130157,0.002454260131344199,0.0029823179356753826,0.003510375740006566,0.0040384335443377495,0.004566491581499577,0.005094549153000116,0.005622606724500656,0.006150664761662483,0.00667872279882431,0.00720678037032485,0.00773483794182539,0.008262895978987217,0.008790954016149044,0.009319011121988297,0.009847069159150124,0.01037512719631195,0.010903185233473778,0.011431243270635605,0.011959300376474857,0.012487358413636684,0.013015416450798512,0.013543473556637764,0.014071531593799591,0.014599589630961418,0.015127647668123245,0.015655705705285072,0.0161837637424469,0.016711819916963577,0.017239877954125404,0.01776793599128723,0.01829599402844906,0.018824052065610886]},"graph_0":{"_type":"graph-file","sha256":"c7db70ebf4b997763b261b6c8b5a4438e47f21c7985feb86aa26d50427fd7c8b","size":665,"path":"media/graph/graph_0_summary_c7db70ebf4b997763b26.graph.json"},"trainer/global_step":724,"gradients/hidden_layers.0.bias":{"_type":"histogram","values":[1,2,1,0,0,1,0,1,1,0,1,2,0,0,1,1,0,2,2,2,0,1,2,2,0,1,1,0,1,0,0,1,0,1,1,1,0,1,0,0,0,0,0,0,0,0,0,0,0,0,0,0,0,0,0,0,0,0,0,0,0,0,0,1],"bins":[-0.010097675956785679,-0.009535497054457664,-0.008973317220807076,-0.008411138318479061,-0.007848958484828472,-0.007286779582500458,-0.006724600214511156,-0.006162420846521854,-0.005600241478532553,-0.005038062110543251,-0.004475882742553949,-0.003913703374564648,-0.0033515242394059896,-0.002789344871416688,-0.00222716573625803,-0.0016649863682687283,-0.0011028070002794266,-0.0005406276904977858,2.155161928385496e-05,0.0005837309290654957,0.0011459102388471365,0.0017080896068364382,0.002270268741995096,0.002832448109984398,0.0033946274779736996,0.003956806845963001,0.004518986213952303,0.005081165581941605,0.005643344484269619,0.006205523852258921,0.006767703220248222,0.007329882588237524,0.0078920628875494,0.008454241789877415,0.009016421623528004,0.009578600525856018,0.010140780359506607,0.010702959261834621,0.01126513909548521,0.011827317997813225,0.012389497831463814,0.012951676733791828,0.013513855636119843,0.014076035469770432,0.014638214372098446,0.015200394205749035,0.01576257310807705,0.016324752941727638,0.016886930912733078,0.017449110746383667,0.018011290580034256,0.018573470413684845,0.019135648384690285,0.019697828218340874,0.020260008051991463,0.02082218788564205,0.02138436585664749,0.02194654569029808,0.02250872552394867,0.02307090349495411,0.023633083328604698,0.024195263162255287,0.024757442995905876,0.025319620966911316,0.025881800800561905]},"val_loss":0.1585095226764679,"_runtime":21,"_step":49}