{"gradients/hidden_layers.2.bias":{"_type":"histogram","values":[1,0,1,0,0,0,0,0,0,0,0,0,0,0,0,0,0,0,0,1,0,1,0,1,4,3,3,4,15,44,113,14,4,5,4,4,4,2,7,3,3,4,2,2,3,0,0,0,0,0,0,0,0,0,0,1,0,1,0,1,0,0,0,1],"bins":[-0.01780780777335167,-0.017222972586750984,-0.01663813553750515,-0.016053300350904465,-0.015468464232981205,-0.014883628115057945,-0.01429879292845726,-0.013713956810534,-0.01312912069261074,-0.012544284574687481,-0.011959448456764221,-0.011374613270163536,-0.010789777152240276,-0.010204941034317017,-0.009620105847716331,-0.009035269729793072,-0.008450433611869812,-0.007865597493946552,-0.00728076184168458,-0.006695926189422607,-0.006111090071499348,-0.005526253953576088,-0.0049414183013141155,-0.004356582649052143,-0.0037717465311288834,-0.0031869106460362673,-0.002602074760943651,-0.002017238875851035,-0.001432402990758419,-0.000847567105665803,-0.0002627312205731869,0.0003221046645194292,0.0009069424122571945,0.0014917782973498106,0.0020766141824424267,0.0026614500675350428,0.003246285952627659,0.003831121837720275,0.004415957722812891,0.0050007933750748634,0.005585629492998123,0.006170465610921383,0.006755301263183355,0.007340136915445328,0.007924973033368587,0.008509809151291847,0.009094644337892532,0.009679480455815792,0.010264316573739052,0.010849152691662312,0.011433988809585571,0.012018823996186256,0.012603660114109516,0.013188496232032776,0.013773331418633461,0.01435816753655672,0.01494300365447998,0.01552783977240324,0.0161126758903265,0.016697511076927185,0.01728234812617302,0.017867183312773705,0.01845201849937439,0.019036855548620224,0.01962169073522091]},"_timestamp":1.7607753213846233e+09,"gradients/hidden_layers.1.weight":{"bins":[-0.030253244563937187,-0.029252661392092705,-0.02825208008289337,-0.02725149691104889,-0.026250913739204407,-0.025250332430005074,-0.02424974925816059,-0.02324916608631611,-0.022248584777116776,-0.021248001605272293,-0.02024741843342781,-0.019246835261583328,-0.018246253952383995,-0.017245670780539513,-0.01624508760869503,-0.015244505368173122,-0.014243923127651215,-0.013243340887129307,-0.012242757715284824,-0.011242175474762917,-0.010241592302918434,-0.009241010062396526,-0.008240427821874619,-0.007239845115691423,-0.006239262409508228,-0.005238679703325033,-0.004238096997141838,-0.0032375147566199303,-0.002236932050436735,-0.0012363494606688619,-0.00023576687090098858,0.0007648157188668847,0.0017653964459896088,0.002765979152172804,0.0037665616255253553,0.004767144098877907,0.005767726805061102,0.006768309511244297,0.007768891751766205,0.008769474923610687,0.009770057164132595,0.010770639404654503,0.011771222576498985,0.012771804817020893,0.013772387057542801,0.014772970229387283,0.015773553401231766,0.0167741347104311,0.01777471788227558,0.018775301054120064,0.019775882363319397,0.02077646553516388,0.021777048707008362,0.022777630016207695,0.023778213188052177,0.02477879635989666,0.025779377669095993,0.026779960840940475,0.027780544012784958,0.02878112718462944,0.029781708493828773,0.030782291665673256,0.03178287297487259,0.03278345614671707,0.033784039318561554],"_type":"histogram","values":[4,5,5,6,2,8,5,3,5,8,8,9,7,14,20,17,31,28,33,35,32,49,43,57,58,63,96,157,164,482,61922,516,283,182,146,144,105,107,83,109,64,82,49,47,57,38,27,18,16,18,11,14,12,4,11,4,3,2,0,2,0,1,1,4]},"_runtime":686,"trainer/global_step":724,"val_loss":0.10525302588939667,"gradients/hidden_layers.0.bias":{"_type":"histogram","values":[1,3,2,0,0,0,0,2,0,0,2,0,1,2,1,2,1,2,1,0,3,6,15,5,7,2,6,9,9,97,7,4,10,5,5,7,2,0,9,1,1,4,4,3,1,4,2,1,1,0,1,1,1,1,0,0,0,1,0,0,0,0,0,1],"bins":[-0.1702590137720108,-0.164520725607872,-0.15878243744373322,-0.15304413437843323,-0.14730584621429443,-0.14156755805015564,-0.13582926988601685,-0.13009096682071686,-0.12435267865657806,-0.11861439049243927,-0.11287610232830048,-0.10713780671358109,-0.10139951854944229,-0.0956612229347229,-0.0899229347705841,-0.08418463915586472,-0.07844635099172592,-0.07270806282758713,-0.06696976721286774,-0.061231475323438644,-0.05549318343400955,-0.04975489526987076,-0.044016603380441666,-0.03827831149101257,-0.03254001960158348,-0.02680172771215439,-0.021063435822725296,-0.015325145795941353,-0.00958685390651226,-0.0038485624827444553,0.0018897289410233498,0.007628020364791155,0.01336631178855896,0.019104603677988052,0.024842895567417145,0.030581185594201088,0.03631947934627533,0.042057767510414124,0.047796059399843216,0.05353435128927231,0.0592726431787014,0.0650109350681305,0.07074922323226929,0.07648751884698868,0.08222580701112747,0.08796410262584686,0.09370239078998566,0.09944068640470505,0.10517897456884384,0.11091726273298264,0.11665555834770203,0.12239384651184082,0.12813213467597961,0.1338704377412796,0.1396087259054184,0.1453470140695572,0.15108530223369598,0.15682359039783478,0.16256189346313477,0.16830018162727356,0.17403846979141235,0.17977675795555115,0.18551506102085114,0.19125334918498993,0.19699163734912872]},"_wandb":{"runtime":686},"gradients/hidden_layers.3.bias":{"bins":[-0.007836241275072098,-0.007580980192869902,-0.0073257191106677055,-0.007070457562804222,-0.006815196480602026,-0.00655993539839983,-0.0063046738505363464,-0.00604941276833415,-0.005794151686131954,-0.005538890603929758,-0.005283629521727562,-0.0050283679738640785,-0.004773106891661882,-0.004517845809459686,-0.004262584261596203,-0.004007323179394007,-0.0037520620971918106,-0.0034968010149896145,-0.0032415396999567747,-0.002986278384923935,-0.002731017302721739,-0.0024757562205195427,-0.002220494905486703,-0.001965233590453863,-0.001709972508251667,-0.001454711309634149,-0.0011994501110166311,-0.0009441889123991132,-0.0006889277137815952,-0.0004336665151640773,-0.00017840531654655933,7.685588207095861e-05,0.00033211614936590195,0.0005873773479834199,0.0008426385466009378,0.0010978997452184558,0.0013531609438359737,0.0016084221424534917,0.0018636833410710096,0.0021189446561038494,0.0023742057383060455,0.0026294668205082417,0.0028847281355410814,0.003139989450573921,0.0033952505327761173,0.0036505116149783134,0.0039057729300111532,0.004161034245043993,0.004416295327246189,0.004671556409448385,0.004926817491650581,0.005182079039514065,0.005437340121716261,0.005692601203918457,0.0059478627517819405,0.006203123833984137,0.006458384916186333,0.006713645998388529,0.006968907080590725,0.007224168628454208,0.0074794297106564045,0.007734690792858601,0.007989952340722084,0.008245212957262993,0.008500474505126476],"_type":"histogram","values":[1,0,0,0,0,0,0,0,0,0,1,0,0,1,3,1,2,2,1,4,0,2,1,7,4,6,14,7,25,15,24,22,25,25,10,11,10,5,4,2,2,1,4,1,3,1,0,0,1,0,0,0,0,1,0,1,2,1,0,1,0,0,0,2]},"gradients/hidden_layers.3.weight":{"values":[1,0,1,1,0,0,1,0,1,1,3,6,1,5,8,7,6,6,13,19,39,64,81,150,399,1732,60484,1451,449,192,134,69,55,27,22,22,15,17,10,6,6,6,1,1,0,3,4,1,3,4,1,0,2,0,0,0,3,0,1,0,0,1,0,1],