{"gradients/hidden_layers.1.bias":{"_type":"histogram","values":[1,0,0,0,0,0,0,0,0,0,0,0,0,0,0,0,0,0,1,0,0,0,0,0,0,0,1,0,0,0,0,0,0,0,0,0,0,0,0,0,0,0,0,0,0,0,0,0,0,3,0,1,5,242,0,1,0,0,0,0,0,0,0,1],"bins":[-0.054701145738363266,-0.05366942286491394,-0.052637699991464615,-0.05160597711801529,-0.050574254244565964,-0.04954253137111664,-0.04851080849766731,-0.04747908562421799,-0.04644736647605896,-0.045415643602609634,-0.04438392072916031,-0.04335219785571098,-0.04232047498226166,-0.04128875210881233,-0.04025702923536301,-0.03922530636191368,-0.038193583488464355,-0.03716186061501503,-0.036130137741565704,-0.03509841486811638,-0.03406669199466705,-0.03303496912121773,-0.0320032462477684,-0.030971525236964226,-0.0299398023635149,-0.028908079490065575,-0.02787635661661625,-0.026844633743166924,-0.025812912732362747,-0.02478118985891342,-0.023749466985464096,-0.02271774411201477,-0.021686021238565445,-0.02065430022776127,-0.019622577354311943,-0.018590854480862617,-0.017559131607413292,-0.016527408733963966,-0.01549568586051464,-0.01446396391838789,-0.013432241044938564,-0.012400518171489239,-0.011368796229362488,-0.010337073355913162,-0.009305350482463837,-0.008273627609014511,-0.007241905201226473,-0.006210182793438435,-0.005178459919989109,-0.0041467370465397835,-0.0031150146387517452,-0.0020832919981330633,-0.0010515693575143814,-1.98467168956995e-05,0.0010118759237229824,0.0020435985643416643,0.0030753212049603462,0.004107044078409672,0.00513876648619771,0.006170488893985748,0.007202211767435074,0.0082339346408844,0.009265657514333725,0.010297379456460476,0.011329102329909801]},"lr":0.0077782138250768185,"graph_0":{"size":1876,"path":"media/graph/graph_0_summary_4d604292c1bc4e83abbf.graph.json","_type":"graph-file","sha256":"4d604292c1bc4e83abbfbc5ab6119d42c7b674e9b5b3f1e21e396edd00e30d14"},"epoch":24,"train_loss":0.11155971139669418,"val_loss":0.11086062341928482,"gradients/hidden_layers.2.bias":{"values":[1,0,0,0,0,0,0,1,3,2,6,5,3,13,19,77,109,5,2,2,0,0,0,0,0,1,0,1,0,0,1,0,0,0,0,0,0,0,2,0,0,0,0,0,0,2,0,0,0,0,0,0,0,0,0,0,0,0,0,0,0,0,0,1],"bins":[-0.026445088908076286,-0.02481069415807724,-0.023176301270723343,-0.021541906520724297,-0.0199075136333704,-0.018273118883371353,-0.016638725996017456,-0.01500433124601841,-0.013369937427341938,-0.011735543608665466,-0.010101149789988995,-0.008466755971312523,-0.006832361686974764,-0.005197967868298292,-0.003563573816791177,-0.0019291798816993833,-0.0002947859466075897,0.0013396079884842038,0.0029740019235759974,0.004608395975083113,0.006242789793759584,0.007877184078097343,0.009511577896773815,0.011145971715450287,0.012780365534126759,0.01441475935280323,0.016049154102802277,0.017683546990156174,0.01931794174015522,0.020952334627509117,0.022586729377508163,0.02422112226486206,0.025855515152215958,0.027489909902215004,0.0291243027895689,0.030758697539567947,0.032393090426921844,0.03402748331427574,0.03566187992691994,0.037296272814273834,0.03893066570162773,0.04056506231427193,0.042199455201625824,0.04383384808897972,0.04546824097633362,0.047102637588977814,0.04873703047633171,0.05037142336368561,0.0520058199763298,0.0536402128636837,0.0552746057510376,0.056908998638391495,0.05854339525103569,0.06017778813838959,0.061812181025743484,0.06344657391309738,0.06508097052574158,0.06671536713838577,0.06834975630044937,0.06998415291309357,0.07161854207515717,0.07325293868780136,0.07488733530044556,0.07652172446250916,0.07815612107515335],"_type":"histogram"},"gradients/output_layer.bias":{"bins":[-0.0015511326491832733,-0.001511767623014748,-0.0014724027132615447,-0.0014330376870930195,-0.001393672777339816,-0.0013543077511712909,-0.0013149428414180875,-0.0012755778152495623,-0.0012362129054963589,-0.0011968478793278337,-0.0011574828531593084,-0.001118117943406105,-0.0010787529172375798,-0.0010393880074843764,-0.0010000229813158512,-0.0009606580133549869,-0.0009212930453941226,-0.0008819280774332583,-0.000842563109472394,-0.0008031981415115297,-0.0007638331735506654,-0.0007244681473821402,-0.0006851031794212759,-0.0006457382114604115,-0.0006063732434995472,-0.0005670082755386829,-0.0005276433075778186,-0.00048827831051312387,-0.00044891334255225956,-0.00040954837459139526,-0.0003701833775267005,-0.0003308184095658362,-0.0002914534416049719,-0.0002520884736441076,-0.00021272349113132805,-0.0001733585086185485,-0.0001339935406576842,-9.462856542086229e-05,-5.526359018404037e-05,-1.5898614947218448e-05,2.3466360289603472e-05,6.283133552642539e-05,0.00010219631076324731,0.00014156129327602684,0.00018092626123689115,0.00022029122919775546,0.0002596562262624502,0.0002990211942233145,0.00033838616218417883,0.00037775113014504313,0.00041711609810590744,0.0004564810951706022,0.000495846034027636,0.0005352110601961613,0.0005745760281570256,0.0006139409961178899,0.0006533059640787542,0.0006926709320396185,0.0007320359000004828,0.0007714008679613471,0.0008107658941298723,0.0008501308620907366,0.0008894958300516009,0.0009288607980124652,0.0009682257659733295],"_type":"histogram","values":[1,0,0,0,0,0,1,0,0,1,1,0,2,2,0,0,4,0,1,1,3,1,1,4,3,4,3,2,1,3,1,3,6,5,1,5,3,3,2,2,0,2,2,2,3,3,2,1,2,3,1,1,2,0,1,1,0,0,1,1,1,0,0,1]},"gradients/hidden_layers.3.bias":{"_type":"histogram","values":[1,0,0,1,0,0,3,2,1,1,2,5,8,2,1,2,9,5,4,5,7,5,3,6,1,15,1,7,6,6,10,7,5,6,5,6,8,6,8,7,10,6,4,6,5,8,2,9,4,4,7,1,4,0,1,3,2,1,0,0,0,0,1,1],"bins":[-0.0091743478551507,-0.008881093002855778,-0.00858783908188343,-0.008294584229588509,-0.008001329377293587,-0.007708074990659952,-0.007414820604026318,-0.007121566217392683,-0.0068283118307590485,-0.006535056978464127,-0.006241802591830492,-0.0059485482051968575,-0.005655293352901936,-0.005362038966268301,-0.0050687845796346664,-0.004775529727339745,-0.00448227534070611,-0.004189020954072475,-0.003895766334608197,-0.003602511715143919,-0.0033092573285102844,-0.003016002709046006,-0.002722748089581728,-0.0024294937029480934,-0.002136239083483815,-0.0018429845804348588,-0.0015497300773859024,-0.0012564754579216242,-0.0009632209548726678,-0.0006699664518237114,-0.0003767118905670941,-8.345735841430724e-05,0.00020979717373847961,0.000503051676787436,0.0007963062380440533,0.0010895607993006706,0.001382815302349627,0.0016760698053985834,0.0019693244248628616,0.002262578811496496,0.0025558334309607744,0.0028490880504250526,0.003142342437058687,0.0034355970565229654,0.0037288516759872437,0.004022106062620878,0.004315360449254513,0.004608615301549435,0.004901869688183069,0.005195124074816704,0.005488378927111626,0.00578163331374526,0.006074887700378895,0.006368142552673817,0.006661396939307451,0.006954651325941086,0.007247906178236008,0.007541160564869642,0.007834414951503277,0.008127669803798199,0.008420923724770546,0.008714178577065468,0.00900743342936039,0.009300687350332737,0.009593942202627659]},"_runtime":325,"gradients/hidden_layers.1.weight":{"values":[2,0,1,0,1,0,1,1,1,2,1,2,0,0,1,1,0,2,0,3,1,1,1,2,3,1,2,2,6,3,7,2,8,4,11,7,10,8,9,13,9,11,8,14,12,8,17,14,14,9,15,47,56,90,251,64673,62,34,17,14,10,10,11,10],