{"gradients/output_layer.weight":{"bins":[-0.0015242076478898525,-0.0014771247515454888,-0.0014300418552011251,-0.0013829589588567615,-0.0013358760625123978,-0.001288793282583356,-0.0012417103862389922,-0.0011946274898946285,-0.0011475445935502648,-0.0011004616972059011,-0.0010533788008615375,-0.0010062959045171738,-0.000959213066380471,-0.0009121301700361073,-0.0008650473318994045,-0.0008179644355550408,-0.0007708815392106771,-0.0007237986428663135,-0.0006767157465219498,-0.000629632908385247,-0.0005825500120408833,-0.0005354671156965196,-0.0004883842775598168,-0.00044130138121545315,-0.00039421848487108946,-0.00034713558852672577,-0.00030005272128619254,-0.0002529698540456593,-0.00020588695770129561,-0.00015880407590884715,-0.00011172119411639869,-6.463831232395023e-05,-1.7555314116179943e-05,2.9527567676268518e-05,7.661044946871698e-05,0.00012369333126116544,0.0001707762130536139,0.00021785909484606236,0.0002649419766385108,0.00031202484387904406,0.00035910774022340775,0.00040619063656777143,0.00045327350380830467,0.0005003563710488379,0.0005474392673932016,0.0005945221637375653,0.0006416050018742681,0.0006886878982186317,0.0007357707945629954,0.0007828536909073591,0.0008299365872517228,0.0008770194253884256,0.0009241023217327893,0.000971185218077153,0.0010182680562138557,0.0010653509525582194,0.0011124338489025831,0.0011595167452469468,0.0012065996415913105,0.0012536825379356742,0.0013007654342800379,0.0013478482142090797,0.0013949311105534434,0.0014420140068978071,0.0014890969032421708],"_type":"histogram","values":[3,4,5,8,9,14,9,9,7,13,20,16,30,35,42,62,97,116,157,191,235,287,355,406,449,538,607,760,1009,1339,2023,2560,27208,2876,2159,1467,1043,811,629,486,477,395,398,301,259,240,195,112,127,130,108,84,69,47,40,25,25,22,16,8,7,6,12,3]},"gradients/lif_layers.1.rnn.weight_ih_l0":{"values":[3,4,14,3,4,3,5,1,1,5,4,8,18,38,6,4,6,15,18,45,54,82,60,75,93,161,177,280,268,408,510,791,925,1654,2594,238388,8107,2077,1428,800,640,456,381,370,277,195,171,87,81,57,62,61,39,27,22,20,20,16,11,2,2,3,2,5],"bins":[-0.0015303019899874926,-0.0014876899076625705,-0.0014450777089223266,-0.0014024656265974045,-0.0013598534278571606,-0.0013172413455322385,-0.0012746291467919946,-0.0012320170644670725,-0.0011894048657268286,-0.0011467927834019065,-0.0011041807010769844,-0.0010615685023367405,-0.0010189564200118184,-0.0009763442794792354,-0.0009337321389466524,-0.0008911199984140694,-0.0008485078578814864,-0.0008058957173489034,-0.0007632835768163204,-0.0007206714362837374,-0.0006780592957511544,-0.0006354472134262323,-0.0005928350728936493,-0.0005502229323610663,-0.0005076107918284833,-0.00046499865129590034,-0.00042238651076331735,-0.0003797743993345648,-0.0003371622588019818,-0.0002945501182693988,-0.00025193800684064627,-0.00020932586630806327,-0.00016671372577548027,-0.00012410158524289727,-8.14894592622295e-05,-3.887732600560412e-05,3.734807251021266e-06,4.634694050764665e-05,8.895907376427203e-05,0.0001315711997449398,0.0001741833402775228,0.0002167954808101058,0.0002594076213426888,0.00030201973277144134,0.00034463187330402434,0.00038724401383660734,0.0004298561252653599,0.0004724682657979429,0.0005150804063305259,0.0005576925468631089,0.0006003046873956919,0.0006429168279282749,0.0006855289684608579,0.00072814105078578,0.000770753191318363,0.000813365331850946,0.000855977472383529,0.000898589612916112,0.0009412017534486949,0.000983813893981278,0.0010264259763062,0.001069038175046444,0.001111650257371366,0.00115426245611161,0.001196874538436532],"_type":"histogram"},"trainer/global_step":199,"_step":49,"gradients/lif_layers.0.rnn.bias_hh_l0":{"_type":"histogram","values":[1,0,1,0,0,1,0,0,0,0,1,0,0,0,0,0,2,3,2,4,5,9,8,13,11,11,23,47,253,38,20,19,10,5,5,5,4,2,3,0,0,0,2,2,0,0,0,0,0,0,1,0,0,0,0,0,0,0,0,0,0,0,0,1],"bins":[-0.003353516338393092,-0.003235185518860817,-0.0031168546993285418,-0.0029985238797962666,-0.0028801928274333477,-0.0027618620079010725,-0.0026435311883687973,-0.002525200368836522,-0.002406869549304247,-0.0022885387297719717,-0.0021702079102396965,-0.0020518770907074213,-0.0019335461547598243,-0.001815215335227549,-0.001696884399279952,-0.0015785535797476768,-0.0014602227602154016,-0.0013418919406831264,-0.0012235611211508512,-0.0011052301852032542,-0.000986899365670979,-0.0008685685461387038,-0.0007502376683987677,-0.0006319067906588316,-0.0005135759711265564,-0.00039524512249045074,-0.0002769142738543451,-0.00015858342521823943,-4.025257658213377e-05,7.807827205397189e-05,0.00019640912069007754,0.0003147399693261832,0.0004330710507929325,0.0005514018703252077,0.0006697327480651438,0.0007880636258050799,0.0009063944453373551,0.0010247252648696303,0.0011430562008172274,0.0012613870203495026,0.0013797178398817778,0.001498048659414053,0.0016163794789463282,0.0017347104148939252,0.0018530412344262004,0.0019713721703737974,0.0020897029899060726,0.002208033809438348,0.002326364628970623,0.002444695448502898,0.0025630262680351734,0.0026813570875674486,0.002799687907099724,0.0029180189594626427,0.003036349778994918,0.003154680598527193,0.0032730114180594683,0.0033913422375917435,0.0035096730571240187,0.003628003876656294,0.0037463349290192127,0.003864665748551488,0.003982996568083763,0.004101327154785395,0.0042196582071483135]},"_wandb":{"runtime":562},"train_loss":0.10970215499401093,"lr":0.00038891067379154265,"gradients/lif_layers.0.rnn.bias_ih_l0":{"_type":"histogram","values":[1,0,1,0,0,1,0,0,0,0,1,0,0,0,0,0,2,3,2,4,5,9,8,13,11,11,23,47,253,38,20,19,10,5,5,5,4,2,3,0,0,0,2,2,0,0,0,0,0,0,1,0,0,0,0,0,0,0,0,0,0,0,0,1],"bins":[-0.003353515872731805,-0.0032351850531995296,-0.0031168542336672544,-0.0029985234141349792,-0.0028801923617720604,-0.002761861542239785,-0.00264353072270751,-0.002525199903175235,-0.0024068690836429596,-0.0022885382641106844,-0.002170207444578409,-0.002051876625046134,-0.001933545689098537,-0.0018152148695662618,-0.0016968839336186647,-0.0015785531140863895,-0.0014602222945541143,-0.0013418914750218391,-0.001223560655489564,-0.001105229719541967,-0.0009868989000096917,-0.0008685680804774165,-0.0007502372027374804,-0.0006319063249975443,-0.0005135755054652691,-0.00039524465682916343,-0.0002769138081930578,-0.00015858295955695212,-4.025211092084646e-05,7.80787377152592e-05,0.00019640958635136485,0.0003147404349874705,0.0004330710507929325,0.0005514018703252077,0.0006697327480651438,0.0007880636258050799,0.0009063944453373551,0.0010247252648696303,0.0011430562008172274,0.0012613870203495026,0.0013797178398817778,0.001498048659414053,0.0016163794789463282,0.0017347104148939252,0.0018530412344262004,0.0019713721703737974,0.0020897029899060726,0.002208033809438348,0.002326364628970623,0.002444695448502898,0.0025630262680351734,0.0026813570875674486,0.002799687907099724,0.0029180189594626427,0.003036349778994918,0.003154680598527193,0.0032730114180594683,0.0033913422375917435,0.0035096730571240187,0.003628003876656294,0.0037463349290192127,0.003864665748551488,0.003982996568083763,0.004101327154785395,0.0042196582071483135]},