{"val_loss":0.9912064075469971,"gradients/hidden_layers.0.bias":{"bins":[-0.2658896744251251,-0.25812771916389465,-0.2503657937049866,-0.2426038384437561,-0.23484188318252563,-0.22707994282245636,-0.2193179875612259,-0.21155604720115662,-0.20379409193992615,-0.19603215157985687,-0.1882702112197876,-0.18050825595855713,-0.17274631559848785,-0.16498436033725739,-0.1572224199771881,-0.14946046471595764,-0.14169852435588837,-0.1339365839958191,-0.12617462873458862,-0.11841268092393875,-0.11065073311328888,-0.1028887927532196,-0.09512684494256973,-0.08736489713191986,-0.07960294932126999,-0.07184100151062012,-0.06407905369997025,-0.05631710961461067,-0.0485551618039608,-0.04079321399331093,-0.033031269907951355,-0.025269322097301483,-0.017507389187812805,-0.009745442308485508,-0.0019834954291582108,0.0057784514501690865,0.013540398329496384,0.021302346140146255,0.029064292088150978,0.0368262380361557,0.04458818584680557,0.052350133657455444,0.060112081468105316,0.06787402927875519,0.07563596963882446,0.08339791744947433,0.0911598652601242,0.09892181307077408,0.10668376088142395,0.11444570869207382,0.1222076565027237,0.12996959686279297,0.13773155212402344,0.1454934924840927,0.15325544774532318,0.16101738810539246,0.16877934336662292,0.1765412837266922,0.18430322408676147,0.19206517934799194,0.19982711970806122,0.2075890749692917,0.21535101532936096,0.22311297059059143,0.2308749109506607],"_type":"histogram","values":[1,1,0,0,0,0,2,0,0,0,0,0,1,1,2,1,1,1,0,1,1,0,1,2,0,0,1,0,1,0,4,0,2,1,1,0,0,0,0,0,0,0,0,0,2,0,0,1,0,0,1,0,0,0,0,0,1,0,0,0,0,0,0,1]},"gradients/output_layer.weight":{"bins":[-0.33116182684898376,-0.32074829936027527,-0.3103347718715668,-0.2999212443828583,-0.2895076870918274,-0.2790941596031189,-0.2686806321144104,-0.2582671046257019,-0.2478535771369934,-0.2374400496482849,-0.22702652215957642,-0.21661297976970673,-0.20619945228099823,-0.19578592479228973,-0.18537238240242004,-0.17495885491371155,-0.16454532742500305,-0.15413179993629456,-0.14371827244758606,-0.13330473005771637,-0.12289120256900787,-0.11247767508029938,-0.10206414014101028,-0.09165060520172119,-0.0812370777130127,-0.0708235502243042,-0.060410015285015106,-0.04999648407101631,-0.03958295285701752,-0.029169421643018723,-0.018755890429019928,-0.008342359215021133,0.002071171998977661,0.012484703212976456,0.02289823442697525,0.033311765640974045,0.04372529685497284,0.054138828068971634,0.06455235928297043,0.07496589422225952,0.08537942171096802,0.09579294919967651,0.1062064841389656,0.1166200190782547,0.1270335465669632,0.1374470740556717,0.14786061644554138,0.15827414393424988,0.16868767142295837,0.17910119891166687,0.18951472640037537,0.19992826879024506,0.21034179627895355,0.22075532376766205,0.23116886615753174,0.24158239364624023,0.25199592113494873,0.2624094486236572,0.2728229761123657,0.2832365036010742,0.2936500310897827,0.3040635883808136,0.3144771158695221,0.3248906433582306,0.3353041708469391],"_type":"histogram","values":[1,0,0,0,1,2,1,1,2,0,1,3,5,6,7,2,10,7,7,3,9,16,18,34,32,44,59,85,127,335,551,734,610,306,223,109,78,61,35,41,28,24,21,21,20,21,17,11,15,12,11,11,4,6,3,0,4,1,2,1,0,0,0,1]},"train_loss":1.0156768560409546,"gradients/output_layer.bias":{"bins":[-0.046173952519893646,-0.04470238834619522,-0.043230824172496796,-0.04175925627350807,-0.04028769209980965,-0.03881612792611122,-0.037344563752412796,-0.03587299957871437,-0.03440143167972565,-0.03292986750602722,-0.031458303332328796,-0.02998673915863037,-0.028515174984931946,-0.02704360894858837,-0.025572044774889946,-0.02410047873854637,-0.022628914564847946,-0.02115735039114952,-0.019685784354805946,-0.01821422018110752,-0.016742654144763947,-0.015271089971065521,-0.013799525797367096,-0.012327960692346096,-0.010856395587325096,-0.009384830482304096,-0.007913265377283096,-0.006441701203584671,-0.004970136098563671,-0.003498571226373315,-0.0020270063541829586,-0.0005554414819926023,0.0009161233901977539,0.00238768826238811,0.0038592531345784664,0.005330817773938179,0.006802382878959179,0.008273947983980179,0.009745512157678604,0.011217077262699604,0.012688642367720604,0.014160207472741604,0.015631772577762604,0.01710333675146103,0.018574900925159454,0.02004646696150303,0.021518031135201454,0.02298959717154503,0.024461161345243454,0.02593272551894188,0.027404291555285454,0.02887585572898388,0.030347421765327454,0.03181898593902588,0.033290550112724304,0.03476211428642273,0.036233678460121155,0.03770524635910988,0.039176810532808304,0.04064837470650673,0.042119938880205154,0.04359150305390358,0.0450630709528923,0.04653463512659073,0.048006199300289154],"_type":"histogram","values":[1,0,0,0,0,0,0,1,1,1,1,3,2,0,0,4,3,1,3,0,3,4,4,3,2,3,4,5,0,2,6,1,1,4,7,4,6,1,3,2,2,1,0,1,2,0,0,3,1,0,1,0,0,0,1,1,0,0,0,0,0,0,0,1]},"gradients/hidden_layers.0.weight":{"_type":"histogram","values":[2,0,0,1,0,0,0,1,1,0,0,0,0,3,0,0,1,1,2,1,1,1,0,0,0,1,0,1,2,1,2,0,1,0,0,1,1,0,1,0,0,1,1,0,0,0,0,1,1,0,1,0,0,0,0,0,0,0,0,0,0,0,0,1],"bins":[-0.21676459908485413,-0.20933762192726135,-0.20191065967082977,-0.1944836974143982,-0.18705672025680542,-0.17962974309921265,-0.17220278084278107,-0.1647758185863495,-0.1573488414287567,-0.14992186427116394,-0.14249490201473236,-0.13506793975830078,-0.127640962600708,-0.12021399289369583,-0.11278702318668365,-0.10536005347967148,-0.0979330837726593,-0.09050611406564713,-0.08307914435863495,-0.07565217465162277,-0.0682252049446106,-0.06079823523759842,-0.05337126553058624,-0.045944295823574066,-0.03851732611656189,-0.031090356409549713,-0.023663386702537537,-0.01623641699552536,-0.008809447288513184,-0.001382477581501007,0.006044492125511169,0.013471461832523346,0.020898431539535522,0.0283254012465477,0.035752370953559875,0.04317934066057205,0.05060631036758423,0.058033280074596405,0.06546024978160858,0.07288721948862076,0.08031418919563293,0.08774115890264511,0.09516812860965729,0.10259509831666946,0.11002206802368164,0.11744903773069382,0.124876007437706,0.13230296969413757,0.13972994685173035,0.14715692400932312,0.1545838862657547,0.16201084852218628,0.16943782567977905,0.17686480283737183,0.1842917650938034,0.19171872735023499,0.19914570450782776,0.20657268166542053,0.2139996439218521,0.2214266061782837,0.22885358333587646,0.23628056049346924,0.24370752274990082,0.2511344850063324,0.25856146216392517]},"_runtime":24,"_step":49,"epoch":24,"lr":0.000138694784254767,"_wandb":{"runtime":24},"graph_0":{"_type":"graph-file","sha256":"700f7cdb6bc9d7264d601218000053b95ac795f460b0c93773fdcfd81556dd01","size":665,"path":"media/graph/graph_0_summary_700f7cdb6bc9d7264d60.graph.json"},"trainer/global_step":374,"_timestamp":1.7607772088936174e+09}