{"gradients/hidden_layers.1.weight":{"values":[4,0,0,1,1,2,3,0,4,0,6,4,5,4,9,4,5,10,8,6,8,14,13,15,16,12,21,25,20,29,33,49,81,122,15394,265,19,11,8,12,12,12,10,8,16,6,9,5,9,2,7,2,9,4,4,8,4,2,2,2,1,3,3,1],"bins":[-1.1395716667175293,-1.1068671941757202,-1.0741627216339111,-1.041458249092102,-1.008753776550293,-0.9760493636131287,-0.9433449506759644,-0.9106404781341553,-0.8779360055923462,-0.8452315330505371,-0.812527060508728,-0.7798226475715637,-0.7471181750297546,-0.7144137024879456,-0.6817092895507812,-0.6490048170089722,-0.6163003444671631,-0.583595871925354,-0.5508913993835449,-0.5181869864463806,-0.48548251390457153,-0.45277804136276245,-0.42007359862327576,-0.38736915588378906,-0.35466468334198,-0.3219602108001709,-0.2892557680606842,-0.2565513253211975,-0.22384685277938843,-0.19114239513874054,-0.15843793749809265,-0.12573347985744476,-0.09302908182144165,-0.06032462418079376,-0.027620166540145874,0.005084291100502014,0.0377887487411499,0.07049320638179779,0.10319766402244568,0.13590212166309357,0.16860657930374146,0.20131103694438934,0.23401549458503723,0.2667199373245239,0.299424409866333,0.3321288824081421,0.3648333251476288,0.3975377678871155,0.43024224042892456,0.46294671297073364,0.49565115571022034,0.528355598449707,0.5610600709915161,0.5937645435333252,0.6264690160751343,0.6591734290122986,0.6918779015541077,0.7245823740959167,0.757286787033081,0.7899912595748901,0.8226957321166992,0.8554002046585083,0.8881046772003174,0.9208090901374817,0.9535135626792908],"_type":"histogram"},"gradients/output_layer.bias":{"_type":"histogram","values":[2,0,0,1,0,0,1,1,1,2,2,1,1,1,2,2,4,0,2,4,2,2,4,3,1,2,0,3,1,1,3,2,4,2,3,4,5,2,1,0,3,3,1,3,0,2,0,1,2,1,0,4,1,0,0,3,0,1,0,0,0,1,0,2],"bins":[-0.0008753488073125482,-0.0008348235278390348,-0.0007942982483655214,-0.0007537729688920081,-0.0007132476894184947,-0.0006727223517373204,-0.0006321970722638071,-0.0005916717927902937,-0.0005511465133167803,-0.000510621233843267,-0.0004700959543697536,-0.0004295706457924098,-0.0003890453663188964,-0.00034852008684538305,-0.0003079947782680392,-0.00026746949879452586,-0.0002269442193210125,-0.00018641893984749913,-0.00014589364582207054,-0.00010536835907259956,-6.484307232312858e-05,-2.4317785573657602e-05,1.6207501175813377e-05,5.6732787925284356e-05,9.725807467475533e-05,0.0001377833541482687,0.0001783086481736973,0.00021883394219912589,0.00025935922167263925,0.0002998845011461526,0.00034040980972349644,0.0003809350891970098,0.000421460485085845,0.00046198576455935836,0.0005025110440328717,0.0005430363235063851,0.0005835616029798985,0.0006240869406610727,0.0006646122201345861,0.0007051374996080995,0.0007456627790816128,0.0007861880585551262,0.0008267133380286396,0.0008672386175021529,0.0009077639551833272,0.0009482892346568406,0.000988814514130354,0.0010293397353962064,0.0010698650730773807,0.001110390410758555,0.0011509156320244074,0.0011914409697055817,0.0012319661909714341,0.0012724915286526084,0.0013130167499184608,0.0013535420875996351,0.0013940674252808094,0.0014345926465466619,0.0014751179842278361,0.0015156432054936886,0.0015561685431748629,0.0015966937644407153,0.0016372191021218896,0.001677744323387742,0.0017182696610689163]},"gradients/hidden_layers.0.bias":{"values":[2,0,0,2,1,1,1,0,1,3,0,2,5,2,1,2,3,0,2,0,3,0,2,1,52,7,3,1,2,2,3,0,3,1,3,2,0,1,1,1,1,1,1,0,2,3,0,0,1,0,0,1,1,0,0,0,0,0,0,0,0,0,0,1],"bins":[-3.724363327026367,-3.57138991355896,-3.4184165000915527,-3.2654430866241455,-3.1124696731567383,-2.959496021270752,-2.8065226078033447,-2.6535491943359375,-2.5005757808685303,-2.347602367401123,-2.194628953933716,-2.0416555404663086,-1.8886820077896118,-1.7357085943222046,-1.5827350616455078,-1.4297616481781006,-1.2767882347106934,-1.1238148212432861,-0.9708413481712341,-0.8178678750991821,-0.6648944616317749,-0.5119210481643677,-0.3589475750923157,-0.20597413182258606,-0.053000688552856445,0.09997275471687317,0.2529461979866028,0.4059196412563324,0.558893084526062,0.7118664979934692,0.8648399710655212,1.0178134441375732,1.1707873344421387,1.323760747909546,1.4767341613769531,1.62970769405365,1.7826811075210571,1.9356545209884644,2.088628053665161,2.2416014671325684,2.3945748805999756,2.547548294067383,2.70052170753479,2.8534951210021973,3.0064687728881836,3.159442186355591,3.312415599822998,3.4653890132904053,3.6183624267578125,3.7713358402252197,3.924309253692627,4.077282905578613,4.230256080627441,4.383229732513428,4.536202907562256,4.689176559448242,4.84214973449707,4.995123386383057,5.148097038269043,5.301070213317871,5.454043865203857,5.6070170402526855,5.759990692138672,5.9129638671875,6.065937519073486],"_type":"histogram"},"gradients/output_layer.weight":{"_type":"histogram","values":[1,0,0,0,0,2,2,1,0,0,1,2,2,1,1,1,2,4,11,7,9,11,20,35,51,58,69,93,130,159,242,356,396,600,843,1018,1305,1576,1534,1260,1028,741,541,351,249,166,149,91,77,50,32,27,24,14,18,8,8,9,6,1,0,2,4,1],"bins":[-0.002059012418612838,-0.002004453679546714,-0.0019498950568959117,-0.0018953363178297877,-0.0018407776951789856,-0.0017862189561128616,-0.0017316602170467377,-0.0016771015943959355,-0.0016225428553298116,-0.0015679842326790094,-0.0015134254936128855,-0.0014588667545467615,-0.0014043081318959594,-0.0013497493928298354,-0.0012951907701790333,-0.0012406320311129093,-0.0011860732920467854,-0.0011315146693959832,-0.0010769559303298593,-0.0010223973076790571,-0.0009678385686129332,-0.0009132798877544701,-0.0008587212068960071,-0.000804162526037544,-0.000749603845179081,-0.000695045106112957,-0.000640486425254494,-0.0005859277443960309,-0.0005313690635375679,-0.00047681035357527435,-0.0004222516727168113,-0.0003676929627545178,-0.00031313428189605474,-0.0002585756010375917,-0.0002040168910752982,-0.00014945821021683514,-9.489951480645686e-05,-4.0340823034057394e-05,1.4217868738342077e-05,6.877655687276274e-05,0.00012333525228314102,0.0001778939476935193,0.00023245264310389757,0.0002870113239623606,0.00034157000482082367,0.0003961287147831172,0.0004506873956415802,0.0005052461056038737,0.0005598047864623368,0.0006143634673207998,0.0006689221481792629,0.0007234808872453868,0.0007780395681038499,0.0008325982489623129,0.000887156929820776,0.000941715610679239,0.000996274291537702,0.001050833030603826,0.0011053916532546282,0.0011599503923207521,0.001214509131386876,0.0012690677540376782,0.0013236264931038022,0.0013781851157546043,0.0014327438548207283]},"epoch":24,"gradients/hidden_layers.3.weight":{"bins":[-0.01219473872333765,-0.011764689348638058,-0.01133463904261589,-0.010904589667916298,-0.010474540293216705,-0.010044490918517113,-0.00961444154381752,-0.009184391237795353,-0.00875434186309576,-0.008324292488396168,-0.007894242182374,-0.007464192807674408,-0.007034143432974815,-0.006604094058275223,-0.006174044217914343,-0.005743994377553463,-0.00531394500285387,-0.004883895628154278,-0.004453845787793398,-0.004023795947432518,-0.0035937465727329254,-0.003163696965202689,-0.002733647357672453,-0.0023035977501422167,-0.0018735481426119804,-0.0014434985350817442,-0.001013448927551508,-0.0005833993200212717,-0.00015334971249103546,0.0002766998950392008,0.000706749502569437,0.0011367991100996733,0.0015668487176299095,0.0019968983251601458,0.002426947932690382,0.0028569975402206182,0.0032870471477508545,0.0037170967552810907,0.004147146362811327,0.004577196203172207,0.0050072455778717995,0.005437294952571392,0.005867344792932272,0.006297394633293152,0.0067274440079927444,0.007157493382692337,0.007587543223053217,0.008017593063414097,0.00844764243811369,0.008877691812813282,0.00930774211883545,0.009737791493535042,0.010167840868234634,0.010597890242934227,0.01102793961763382,0.011457989923655987,0.01188803929835558,0.012318088673055172,0.01274813897907734,0.013178188353776932,0.013608237728476524,0.014038287103176117,0.01446833647787571,0.014898386783897877,0.01532843615859747],"_type":"histogram","values":[1,0,1,0,2,1,1,2,4,4,1,6,2,9,7,15,8,16,21,24,35,37,61,75,116,143,249,610,13837,456,206,110,85,63,39,28,18,18,16,11,11,4,6,5,7,1,1,1,1,1,0,1,3,0,2,0,0,0,0,0,0,0,0,2]},