{"_runtime":315,"gradients/hidden_layers.3.weight":{"values":[1,1,0,0,0,0,1,0,0,1,0,4,1,6,4,5,4,8,11,13,16,40,44,79,89,141,174,247,364,566,820,1312,2317,4559,39870,7501,2874,1535,887,553,374,292,193,148,109,73,57,63,39,33,23,18,14,15,12,9,4,3,1,0,4,1,2,1],"bins":[-0.013614039868116379,-0.01322244107723236,-0.012830841355025768,-0.01243924256414175,-0.012047642841935158,-0.01165604405105114,-0.011264445260167122,-0.01087284553796053,-0.010481246747076511,-0.010089647956192493,-0.009698048233985901,-0.009306449443101883,-0.008914850652217865,-0.008523250930011272,-0.008131652139127254,-0.007740052882581949,-0.007348453626036644,-0.006956854369491339,-0.0065652551129460335,-0.0061736563220620155,-0.00578205706551671,-0.005390457808971405,-0.004998859018087387,-0.004607259761542082,-0.004215660504996777,-0.0038240612484514713,-0.0034324622247368097,-0.003040863201022148,-0.002649263944476843,-0.0022576646879315376,-0.001866065664216876,-0.0014744665240868926,-0.0010828683152794838,-0.0006912691751495004,-0.00029967003501951694,9.192910511046648e-05,0.0004835282452404499,0.0008751273853704333,0.0012667265255004168,0.0016583256656304002,0.0020499248057603836,0.002441524062305689,0.0028331230860203505,0.003224722109735012,0.0036163213662803173,0.0040079206228256226,0.0043995194137096405,0.004791118670254946,0.005182717926800251,0.005574317183345556,0.0059659164398908615,0.0063575152307748795,0.006749114487320185,0.00714071374386549,0.007532312534749508,0.0079239122569561,0.008315511047840118,0.008707109838724136,0.009098709560930729,0.009490308351814747,0.00988190807402134,0.010273506864905357,0.010665105655789375,0.011056705377995968,0.011448304168879986],"_type":"histogram"},"_timestamp":1.7607853545130837e+09,"gradients/hidden_layers.0.weight":{"values":[1,0,0,1,0,0,2,0,2,0,3,4,5,4,1,2,0,2,4,4,4,7,9,10,79,7,6,6,6,5,4,3,6,4,8,5,3,6,4,2,3,2,5,3,1,3,2,2,4,0,4,1,0,1,1,2,0,0,0,0,1,1,0,1],"bins":[-0.6157081127166748,-0.5905472636222839,-0.5653863549232483,-0.5402255058288574,-0.5150646567344666,-0.4899037778377533,-0.46474289894104004,-0.43958204984664917,-0.4144211709499359,-0.38926029205322266,-0.3640994429588318,-0.33893856406211853,-0.3137776851654053,-0.2886168360710144,-0.26345595717430115,-0.23829509317874908,-0.21313422918319702,-0.18797336518764496,-0.1628125011920929,-0.13765162229537964,-0.11249075829982758,-0.08732989430427551,-0.06216902285814285,-0.03700815513730049,-0.01184728741645813,0.013313580304384232,0.03847444802522659,0.06363531947135925,0.08879618346691132,0.11395704746246338,0.13911792635917664,0.1642787903547287,0.189439594745636,0.21460045874118805,0.2397613227367401,0.26492220163345337,0.29008305072784424,0.3152439296245575,0.34040480852127075,0.3655656576156616,0.3907265365123749,0.41588741540908813,0.441048264503479,0.46620914340019226,0.4913700222969055,0.5165308713912964,0.5416917204856873,0.5668526291847229,0.5920134782791138,0.6171743273735046,0.6423352360725403,0.6674960851669312,0.692656934261322,0.7178178429603577,0.7429786920547485,0.7681395411491394,0.7933003902435303,0.8184612989425659,0.8436221480369568,0.8687829971313477,0.8939439058303833,0.9191047549247742,0.944265604019165,0.9694265127182007,0.9945873618125916],"_type":"histogram"},"train_loss":0.14034278690814972,"gradients/hidden_layers.3.bias":{"bins":[-0.021116148680448532,-0.020502658560872078,-0.019889168441295624,-0.01927567832171917,-0.018662188202142715,-0.01804869994521141,-0.017435209825634956,-0.016821719706058502,-0.016208229586482048,-0.015594739466905594,-0.01498124934732914,-0.01436776015907526,-0.013754270039498806,-0.013140779919922352,-0.012527290731668472,-0.011913800612092018,-0.011300310492515564,-0.01068682037293911,-0.010073330253362656,-0.009459841065108776,-0.008846350945532322,-0.008232860825955868,-0.007619371172040701,-0.007005881518125534,-0.00639239139854908,-0.005778901278972626,-0.005165411625057459,-0.004551921971142292,-0.003938431851565838,-0.0033249419648200274,-0.002711452078074217,-0.0020979621913284063,-0.0014844723045825958,-0.0008709824178367853,-0.0002574925310909748,0.0003559973556548357,0.0009694872424006462,0.0015829771291464567,0.0021964670158922672,0.0028099569026380777,0.0034234467893838882,0.004036936908960342,0.004650426562875509,0.005263916216790676,0.00587740633636713,0.0064908964559435844,0.007104386109858751,0.007717875763773918,0.008331365883350372,0.008944856002926826,0.00955834612250328,0.01017183531075716,0.010785325430333614,0.011398815549910069,0.012012304738163948,0.012625794857740402,0.013239284977316856,0.01385277509689331,0.014466265216469765,0.015079754404723644,0.015693243592977524,0.016306733712553978,0.016920223832130432,0.017533713951706886,0.01814720407128334],"_type":"histogram","values":[1,0,0,0,0,0,0,0,1,0,0,2,1,3,0,1,0,3,4,1,1,8,3,7,4,6,10,13,14,8,17,8,8,7,10,12,10,9,6,8,9,9,5,4,9,7,3,2,3,1,1,2,1,2,2,2,5,0,1,0,0,0,0,2]},"_wandb":{"runtime":315},"gradients/output_layer.bias":{"bins":[-0.0012331826146692038,-0.0011786231771111488,-0.001124063739553094,-0.001069504301995039,-0.001014944864436984,-0.0009603854268789291,-0.0009058259893208742,-0.0008512665517628193,-0.0007967071142047644,-0.0007421477348543704,-0.0006875882972963154,-0.0006330288597382605,-0.0005784694221802056,-0.0005239099846221507,-0.00046935054706409574,-0.0004147911095060408,-0.0003602316719479859,-0.00030567223438993096,-0.00025111279683187604,-0.00019655337382573634,-0.00014199393626768142,-8.74344987096265e-05,-3.2875068427529186e-05,2.168436549254693e-05,7.624379941262305e-05,0.00013080323697067797,0.0001853626745287329,0.0002399220975348726,0.0002944815205410123,0.0003490409580990672,0.00040360039565712214,0.00045815983321517706,0.000512719270773232,0.0005672787083312869,0.0006218381458893418,0.0006763975834473968,0.0007309570210054517,0.0007855164585635066,0.0008400758961215615,0.0008946353336796165,0.0009491947712376714,0.0010037542087957263,0.0010583136463537812,0.0011128730839118361,0.001167432521469891,0.001221991959027946,0.001276551396586001,0.0013311108341440558,0.001385670155286789,0.0014402295928448439,0.0014947890304028988,0.0015493484679609537,0.0016039079055190086,0.0016584673430770636,0.0017130267806351185,0.0017675862181931734,0.0018221456557512283,0.0018767050933092833,0.0019312645308673382,0.001985823968425393,0.002040383405983448,0.002094942843541503,0.002149502281099558,0.002204061718657613,0.0022586211562156677],"_type":"histogram","values":[1,0,0,1,0,2,1,0,0,2,1,4,0,1,1,1,1,4,1,1,1,2,4,2,2,3,5,3,1,3,1,9,4,3,2,2,1,2,2,3,4,4,1,2,0,0,3,2,3,1,1,1,0,0,0,0,0,0,0,0,0,0,0,1]},"graph_0":{"sha256":"ac99912bddff556764b2b48be39f9f8aa27ecee048ff4d25f156ad747d65b830","size":1876,"path":"media/graph/graph_0_summary_ac99912bddff556764b2.graph.json","_type":"graph-file"},"_step":49,"gradients/hidden_layers.2.weight":{"values":[2,3,1,4,6,7,7,9,14,14,22,20,18,21,36,40,65,112,88,123,215,235,265,316,370,443,632,926,2967,52926,1386,790,639,500,388,303,250,234,190,135,135,101,87,94,82,49,52,40,26,23,27,28,17,15,9,5,5,3,6,2,4,2,1,1],