{"lr":0.0038891069125384092,"gradients/hidden_layers.2.weight":{"_type":"histogram","values":[1,0,0,0,0,1,0,1,1,1,1,1,1,2,3,4,1,6,9,4,8,10,19,23,23,33,34,74,156,14575,860,132,77,76,52,25,31,21,15,12,19,15,7,9,5,2,4,6,3,4,3,2,1,0,3,0,2,1,1,0,0,1,1,2],"bins":[-0.02914278209209442,-0.028170626610517502,-0.02719847299158573,-0.02622631937265396,-0.02525416389107704,-0.024282008409500122,-0.023309854790568352,-0.02233770117163658,-0.021365545690059662,-0.020393390208482742,-0.019421236589550972,-0.0184490829706192,-0.017476927489042282,-0.016504772007465363,-0.015532618388533592,-0.014560463838279247,-0.013588309288024902,-0.012616154737770557,-0.011644000187516212,-0.010671845637261868,-0.009699691087007523,-0.008727536536753178,-0.007755381986498833,-0.006783227436244488,-0.005811072885990143,-0.004838918335735798,-0.003866763785481453,-0.002894609235227108,-0.001922454684972763,-0.0009503001347184181,2.185441553592682e-05,0.0009940089657902718,0.0019661635160446167,0.0029383180662989616,0.003910472616553307,0.0048826271668076515,0.0058547817170619965,0.006826936267316341,0.007799090817570686,0.008771245367825031,0.009743399918079376,0.010715554468333721,0.011687709018588066,0.012659863568842411,0.013632018119096756,0.014604172669351101,0.015576327219605446,0.016548480838537216,0.017520636320114136,0.018492791801691055,0.019464945420622826,0.020437099039554596,0.021409254521131516,0.022381410002708435,0.023353563621640205,0.024325717240571976,0.025297872722148895,0.026270028203725815,0.027242181822657585,0.028214335441589355,0.029186490923166275,0.030158646404743195,0.031130800023674965,0.032102953642606735,0.033075109124183655]},"gradients/hidden_layers.0.weight":{"_type":"histogram","values":[1,0,0,0,0,1,0,0,0,0,0,0,0,0,0,0,0,0,0,0,0,1,1,0,0,1,0,0,0,0,1,1,3,2,5,0,1,2,1,4,1,2,1,2,3,6,53,9,3,2,1,4,2,0,2,4,1,0,3,2,1,0,0,1],"bins":[-0.3356609344482422,-0.32851341366767883,-0.32136592268943787,-0.3142184019088745,-0.30707088112831116,-0.2999233901500702,-0.29277586936950684,-0.2856283485889435,-0.2784808576107025,-0.27133333683013916,-0.2641858160495758,-0.25703832507133484,-0.24989080429077148,-0.24274329841136932,-0.23559579253196716,-0.2284482717514038,-0.22130076587200165,-0.2141532599925995,-0.20700573921203613,-0.19985823333263397,-0.1927107274532318,-0.18556320667266846,-0.1784157007932663,-0.17126819491386414,-0.16412067413330078,-0.15697316825389862,-0.14982566237449646,-0.1426781564950943,-0.13553063571453094,-0.12838312983512878,-0.12123561650514603,-0.11408811062574387,-0.10694058984518051,-0.09979307651519775,-0.0926455706357956,-0.08549805730581284,-0.07835054397583008,-0.07120303809642792,-0.06405552476644516,-0.0569080151617527,-0.04976050555706024,-0.04261299595236778,-0.035465486347675323,-0.028317973017692566,-0.021170463413000107,-0.014022952876985073,-0.006875442340970039,0.00027206819504499435,0.007419578731060028,0.014567089267075062,0.021714599803090096,0.028862111270427704,0.03600962087512016,0.04315713047981262,0.05030464380979538,0.05745215341448784,0.0645996630191803,0.07174717634916306,0.07889468222856522,0.08604219555854797,0.09318970143795013,0.10033721476793289,0.10748472809791565,0.11463223397731781,0.12177974730730057]},"train_loss":0.11009529232978821,"gradients/output_layer.bias":{"values":[1,0,0,0,0,0,0,1,1,0,1,0,1,0,1,1,3,1,1,1,0,4,0,3,1,2,2,0,1,1,6,1,2,5,4,1,4,4,2,2,1,1,5,3,5,4,2,1,1,2,6,0,1,1,0,3,1,1,0,1,0,2,0,1],"bins":[-0.0018929357174783945,-0.0018493096577003598,-0.0018056834815070033,-0.0017620574217289686,-0.001718431245535612,-0.0016748051857575774,-0.0016311791259795427,-0.0015875529497861862,-0.0015439268900081515,-0.0015003008302301168,-0.0014566746540367603,-0.0014130485942587256,-0.001369422534480691,-0.0013257963582873344,-0.0012821702985092998,-0.0012385441223159432,-0.0011949180625379086,-0.0011512920027598739,-0.0011076658265665174,-0.0010640397667884827,-0.0010204135905951262,-0.0009767875308170915,-0.0009331614710390568,-0.0008895353530533612,-0.0008459092350676656,-0.00080228311708197,-0.0007586569990962744,-0.0007150309393182397,-0.0006714048213325441,-0.0006277787033468485,-0.0005841526435688138,-0.0005405265255831182,-0.0004969002911821008,-0.00045327417319640517,-0.00040964808431454003,-0.0003660219954326749,-0.0003223958774469793,-0.0002787697594612837,-0.00023514367057941854,-0.00019151756714563817,-0.0001478914637118578,-0.00010426536027807742,-6.063925684429705e-05,-1.701315341051668e-05,2.6612950023263693e-05,7.023905345704406e-05,0.00011386515689082444,0.0001574912603246048,0.00020111736375838518,0.0002447434817440808,0.0002883695706259459,0.00033199565950781107,0.00037562177749350667,0.00041924789547920227,0.0004628739843610674,0.0005065000732429326,0.0005501261912286282,0.0005937523092143238,0.0006373784272000194,0.000681004486978054,0.0007246306049637496,0.0007682567229494452,0.0008118827827274799,0.0008555089007131755,0.0008991350186988711],"_type":"histogram"},"trainer/global_step":199,"gradients/hidden_layers.3.bias":{"bins":[-0.011183515191078186,-0.010843192227184772,-0.010502868331968784,-0.01016254536807537,-0.009822221472859383,-0.009481898508965969,-0.009141574613749981,-0.008801251649856567,-0.00846092775464058,-0.008120604790747166,-0.007780281361192465,-0.007439957931637764,-0.007099634502083063,-0.006759311072528362,-0.006418987642973661,-0.006078664213418961,-0.00573834078386426,-0.005398017354309559,-0.005057693924754858,-0.004717370495200157,-0.004377047065645456,-0.0040367236360907555,-0.0036964004393666983,-0.0033560770098119974,-0.0030157535802572966,-0.0026754301507025957,-0.002335106721147895,-0.001994783291593194,-0.001654459978453815,-0.0013141365488991141,-0.0009738131775520742,-0.0006334898062050343,-0.0002931663766503334,4.715702380053699e-05,0.0003874804242514074,0.0007278037955984473,0.0010681272251531482,0.001408450654707849,0.001748773967847228,0.002089097397401929,0.0024294208269566298,0.0027697442565113306,0.0031100676860660315,0.0034503911156207323,0.0037907143123447895,0.00413103774189949,0.004471361171454191,0.004811684601008892,0.005152008030563593,0.005492331460118294,0.005832654889672995,0.0061729783192276955,0.006513301748782396,0.006853625178337097,0.007193948607891798,0.007534272037446499,0.007874595001339912,0.0082149188965559,0.008555241860449314,0.008895565755665302,0.009235888719558716,0.009576212614774704,0.009916535578668118,0.010256859473884106,0.01059718243777752],"_type":"histogram","values":[1,0,1,0,0,1,0,0,0,1,2,0,2,1,0,2,2,4,2,4,3,5,3,1,1,4,2,2,6,2,3,6,5,5,3,5,3,4,0,0,2,3,4,1,4,6,1,2,1,1,0,0,1,0,3,2,0,1,2,1,1,1,1,4]},"gradients/hidden_layers.0.bias":{"values":[1,0,0,0,0,1,0,0,0,0,0,0,1,0,0,0,0,0,1,0,0,0,1,0,0,0,1,0,0,0,0,1,0,2,1,7,5,2,2,1,2,5,9,55,2,4,5,3,0,0,2,3,1,2,0,0,2,0,2,1,1,1,0,1],