{"_step":49,"trainer/global_step":724,"_timestamp":1.760777315086875e+09,"gradients/hidden_layers.1.bias":{"_type":"histogram","values":[1,0,0,0,0,0,0,0,0,0,1,0,1,0,0,1,0,0,2,2,1,1,2,1,3,0,1,2,1,5,3,2,4,1,2,4,0,1,3,0,1,5,2,2,1,3,0,0,1,0,2,0,0,0,0,0,0,0,0,0,0,0,1,1],"bins":[-0.008111813105642796,-0.007854639552533627,-0.00759746553376317,-0.007340291980654001,-0.007083117961883545,-0.006825944408774376,-0.006568770855665207,-0.006311596836894751,-0.006054423283785582,-0.005797249730676413,-0.005540075711905956,-0.005282902158796787,-0.005025728605687618,-0.004768554586917162,-0.004511381033807993,-0.004254207015037537,-0.003997033461928368,-0.003739859675988555,-0.0034826858900487423,-0.0032255123369395733,-0.0029683385509997606,-0.002711164765059948,-0.002453991211950779,-0.0021968174260109663,-0.0019396436400711536,-0.001682469854131341,-0.0014252961846068501,-0.0011681225150823593,-0.0009109487291425467,-0.0006537750014103949,-0.00039660127367824316,-0.0001394275459460914,0.00011774711310863495,0.0003749208408407867,0.0006320945685729384,0.0008892682963050902,0.001146442024037242,0.0014036158099770546,0.0016607894795015454,0.0019179631490260363,0.002175136934965849,0.0024323107209056616,0.0026894845068454742,0.0029466580599546432,0.003203831845894456,0.0034610056318342686,0.0037181791849434376,0.003975353203713894,0.004232526756823063,0.004489700309932232,0.004746874328702688,0.005004047881811857,0.0052612219005823135,0.0055183954536914825,0.0057755690068006516,0.006032743025571108,0.006289916578680277,0.006547090131789446,0.006804264150559902,0.007061437703669071,0.00731861125677824,0.0075757852755486965,0.007832959294319153,0.008090132847428322,0.00834730640053749]},"gradients/output_layer.bias":{"values":[1,0,0,0,1,0,3,0,1,1,0,1,1,0,3,3,0,2,2,2,2,2,10,2,3,6,0,4,2,3,1,1,3,1,1,2,4,4,1,0,3,2,2,2,2,2,0,1,0,1,0,0,0,1,0,3,1,0,3,1,0,0,1,2],"bins":[-0.0005988077609799802,-0.0005783695378340781,-0.0005579313146881759,-0.0005374930915422738,-0.0005170548683963716,-0.0004966166452504694,-0.00047617845120839775,-0.0004557402280624956,-0.00043530200491659343,-0.0004148637817706913,-0.0003944255586247891,-0.00037398733547888696,-0.00035354914143681526,-0.0003331109182909131,-0.00031267269514501095,-0.0002922344719991088,-0.00027179624885320663,-0.0002513580257073045,-0.00023091980256140232,-0.0002104815939674154,-0.00019004337082151324,-0.00016960514767561108,-0.00014916693908162415,-0.000128728715935722,-0.00010829049278981984,-8.785226964391768e-05,-6.741405377397314e-05,-4.697583426604979e-05,-2.6537614758126438e-05,-6.099395250203088e-06,1.4338824257720262e-05,3.477704376564361e-05,5.5215321481227875e-05,7.565354462713003e-05,9.609176049707457e-05,0.00011652997636701912,0.00013696819951292127,0.00015740642265882343,0.00017784463125281036,0.00019828285439871252,0.00021872107754461467,0.00023915930069051683,0.000259597523836419,0.00028003574698232114,0.00030047394102439284,0.000320912164170295,0.00034135038731619716,0.0003617886104620993,0.00038222683360800147,0.00040266505675390363,0.0004231032798998058,0.00044354150304570794,0.0004639797261916101,0.0004844179202336818,0.0005048561724834144,0.0005252943956293166,0.0005457325605675578,0.00056617078371346,0.0005866090068593621,0.0006070472300052643,0.0006274854531511664,0.0006479236762970686,0.0006683618994429708,0.0006888001225888729,0.0007092383457347751],"_type":"histogram"},"train_loss":0.12100576609373093,"epoch":24,"lr":0.0007178980158641934,"gradients/hidden_layers.0.bias":{"_type":"histogram","values":[1,0,0,0,0,0,0,0,0,0,0,0,0,0,1,0,0,0,0,0,0,1,2,1,0,1,1,1,0,1,4,2,3,1,1,2,2,17,3,5,0,2,2,0,0,0,1,1,0,2,0,0,1,0,1,0,0,0,1,1,0,0,0,2],"bins":[-0.03185213729739189,-0.03101039119064808,-0.030168645083904266,-0.029326900839805603,-0.02848515473306179,-0.027643408626317978,-0.026801662519574165,-0.025959916412830353,-0.02511817216873169,-0.024276426061987877,-0.023434679955244064,-0.022592933848500252,-0.02175118774175644,-0.020909441635012627,-0.020067697390913963,-0.01922595128417015,-0.018384205177426338,-0.017542459070682526,-0.016700712963938713,-0.01585896871984005,-0.015017222613096237,-0.014175476506352425,-0.013333730399608612,-0.012491985224187374,-0.011650239117443562,-0.010808493010699749,-0.009966747835278511,-0.009125001728534698,-0.008283255621790886,-0.007441510446369648,-0.006599764339625835,-0.00575801869854331,-0.004916271194815636,-0.00407452555373311,-0.0032327796798199415,-0.0023910338059067726,-0.0015492881648242474,-0.0007075424073264003,0.0001342033501714468,0.0009759491076692939,0.001817694865167141,0.002659440506249666,0.003501186380162835,0.004342932254076004,0.005184677895158529,0.0060264235362410545,0.006868169642984867,0.007709915284067392,0.008551660925149918,0.00939340703189373,0.010235152207314968,0.01107689831405878,0.011918643489480019,0.012760389596223831,0.013602135702967644,0.014443880878388882,0.015285626985132694,0.016127372160553932,0.016969118267297745,0.017810864374041557,0.01865261048078537,0.019494356587529182,0.020336100831627846,0.02117784693837166,0.02201959304511547]},"gradients/hidden_layers.1.weight":{"_type":"histogram","values":[3,1,0,0,0,0,0,0,0,0,0,1,1,4,5,0,1,9,9,10,3,6,14,18,19,41,48,85,126,185,349,2000,439,213,158,92,74,42,32,23,20,16,13,9,6,3,1,1,2,5,1,0,0,0,1,1,2,0,0,0,0,0,1,3],"bins":[-0.008093499578535557,-0.00783345103263855,-0.007573401555418968,-0.007313352543860674,-0.00705330353230238,-0.006793254986405373,-0.006533205974847078,-0.006273156963288784,-0.00601310795173049,-0.0057530589401721954,-0.005493009928613901,-0.005232960917055607,-0.0049729123711586,-0.0047128633596003056,-0.004452814348042011,-0.004192765336483717,-0.003932716324925423,-0.0036726673133671284,-0.003412618301808834,-0.0031525695230811834,-0.002892520511522889,-0.002632471499964595,-0.002372422721236944,-0.00211237370967865,-0.0018523246981203556,-0.0015922756865620613,-0.0013322267914190888,-0.0010721778962761164,-0.0008121288847178221,-0.0005520799313671887,-0.0002920309780165553,-3.1982024665921926e-05,0.00022806786000728607,0.00048811681335791945,0.0007481657667085528,0.0010082146618515253,0.0012682636734098196,0.001528312684968114,0.0017883615801110864,0.002048410475254059,0.002308459486812353,0.0025685084983706474,0.0028285575099289417,0.0030886062886565924,0.0033486553002148867,0.003608704311773181,0.0038687530905008316,0.004128802102059126,0.00438885111361742,0.0046489001251757145,0.004908949136734009,0.005168998148292303,0.005429047159850597,0.005689095705747604,0.005949144717305899,0.006209193728864193,0.006469242740422487,0.0067292917519807816,0.006989340763539076,0.00724938977509737,0.007509438320994377,0.007769487332552671,0.008029536344110966,0.008289585821330547,0.008549634367227554]},"graph_0":{"path":"media/graph/graph_0_summary_ce563694262e3590758e.graph.json","_type":"graph-file","sha256":"ce563694262e3590758ee1606805ade15ed7d1a2f0deaff19f47c4615bbd95a2","size":1055},"gradients/output_layer.weight":{"values":[1,1,2,1,4,1,4,5,1,5,4,3,3,5,4,15,11,14,26,27,39,48,49,65,73,94,104,152,200,200,265,326,382,510,584,629,545,515,421,322,257,196,168,142,101,97,72,60,38,50,37,37,23,16,17,13,6,2,3,2,1,1,0,1],