{"_step":49,"epoch":24,"graph_0":{"_type":"graph-file","sha256":"8dcaa642e359a8c917e5fba8a88d30fb6323f5b3f57ede480a82aa371cd714fb","size":1076,"path":"media/graph/graph_0_summary_8dcaa642e359a8c917e5.graph.json"},"lr":7.178980013122782e-05,"gradients/hidden_layers.0.weight":{"_type":"histogram","values":[1,0,0,0,0,1,0,1,0,0,2,1,2,2,2,0,0,2,3,5,0,4,4,5,8,2,6,10,6,15,13,92,8,10,7,4,6,2,4,5,1,2,5,4,1,1,1,1,2,0,2,0,1,0,0,1,0,0,0,0,0,0,0,1],"bins":[-0.07345794141292572,-0.07111766934394836,-0.06877739727497101,-0.06643713265657425,-0.0640968605875969,-0.06175658851861954,-0.05941631644964218,-0.057076048105955124,-0.05473577603697777,-0.05239550396800041,-0.050055235624313354,-0.047714963555336,-0.04537469148635864,-0.043034423142671585,-0.04069415107369423,-0.03835388273000717,-0.036013610661029816,-0.03367333859205246,-0.0313330702483654,-0.028992798179388046,-0.02665252797305584,-0.024312257766723633,-0.021971985697746277,-0.01963171549141407,-0.017291445285081863,-0.014951175078749657,-0.012610903941094875,-0.010270632803440094,-0.007930362597107887,-0.005590091925114393,-0.003249821253120899,-0.0009095505811274052,0.0014307200908660889,0.003770990762859583,0.006111261434853077,0.008451532572507858,0.010791802778840065,0.013132072985172272,0.015472344122827053,0.017812615260481834,0.02015288546681404,0.022493155673146248,0.024833425879478455,0.02717369794845581,0.029513968154788017,0.031854238361120224,0.03419451043009758,0.03653477877378464,0.03887505084276199,0.04121532291173935,0.04355559125542641,0.04589586332440376,0.04823613166809082,0.050576403737068176,0.05291667580604553,0.05525694414973259,0.057597216218709946,0.0599374882876873,0.06227775663137436,0.06461802870035172,0.06695830076932907,0.06929857283830643,0.07163883745670319,0.07397910952568054,0.0763193815946579]},"train_loss":0.1393832266330719,"_wandb":{"runtime":163},"_timestamp":1.7607721871722932e+09,"gradients/output_layer.bias":{"bins":[-0.0023197613190859556,-0.0022537633776664734,-0.0021877652034163475,-0.0021217672619968653,-0.002055769320577383,-0.001989771146327257,-0.001923773204907775,-0.0018577751470729709,-0.0017917770892381668,-0.0017257790314033628,-0.0016597809735685587,-0.0015937830321490765,-0.0015277849743142724,-0.0014617869164794683,-0.0013957889750599861,-0.001329790917225182,-0.001263792859390378,-0.001197794801555574,-0.0011317967437207699,-0.0010657988023012877,-0.0009998007444664836,-0.0009338026866316795,-0.0008678046870045364,-0.0008018066873773932,-0.0007358086295425892,-0.0006698105717077851,-0.000603812572080642,-0.0005378145724534988,-0.0004718165146186948,-0.0004058184858877212,-0.0003398204571567476,-0.000273822428425774,-0.00020782439969480038,-0.00014182637096382678,-7.582834223285317e-05,-9.830313501879573e-06,5.616771522909403e-05,0.00012216574396006763,0.00018816377269104123,0.00025416180142201483,0.00032015983015298843,0.00038615785888396204,0.00045215588761493564,0.0005181538872420788,0.0005841519450768828,0.0006501500029116869,0.00071614800253883,0.0007821460021659732,0.0008481440600007772,0.0009141421178355813,0.0009801401756703854,0.0010461381170898676,0.0011121361749246716,0.0011781342327594757,0.001244132174178958,0.001310130232013762,0.001376128289848566,0.0014421263476833701,0.0015081244055181742,0.0015741223469376564,0.0016401204047724605,0.0017061184626072645,0.0017721164040267467,0.0018381144618615508,0.0019041125196963549],"_type":"histogram","values":[1,0,1,0,0,0,1,0,0,0,0,0,0,4,0,2,2,1,0,1,5,1,0,3,3,2,0,3,5,4,4,4,3,3,6,2,3,2,2,1,2,1,3,0,3,3,4,4,2,1,1,1,1,1,2,1,0,0,0,0,0,0,0,1]},"_runtime":163,"gradients/hidden_layers.1.bias":{"bins":[-0.01710493117570877,-0.016609087586402893,-0.016113243997097015,-0.015617402270436287,-0.01512155868113041,-0.014625715091824532,-0.014129872433841228,-0.013634029775857925,-0.013138186186552048,-0.01264234259724617,-0.012146499939262867,-0.011650657281279564,-0.011154813691973686,-0.010658970102667809,-0.010163127444684505,-0.009667284786701202,-0.009171441197395325,-0.008675597608089447,-0.008179754950106144,-0.007683911826461554,-0.007188068702816963,-0.006692225579172373,-0.0061963824555277824,-0.005700539331883192,-0.005204696208238602,-0.004708853084594011,-0.004213009960949421,-0.0037171668373048306,-0.00322132371366024,-0.00272548059001565,-0.0022296374663710594,-0.001733794342726469,-0.0012379493564367294,-0.000742106232792139,-0.0002462631091475487,0.0002495800144970417,0.0007454231381416321,0.0012412662617862225,0.0017371093854308128,0.002232952509075403,0.0027287956327199936,0.003224638756364584,0.0037204818800091743,0.004216325003653765,0.004712168127298355,0.0052080112509429455,0.005703854374587536,0.006199697498232126,0.006695540621876717,0.007191383745521307,0.007687226869165897,0.0081830695271492,0.008678913116455078,0.009174756705760956,0.009670599363744259,0.010166442021727562,0.01066228561103344,0.011158129200339317,0.01165397185832262,0.012149814516305923,0.012645658105611801,0.013141501694917679,0.013637344352900982,0.014133187010884285,0.014629030600190163],"_type":"histogram","values":[1,0,0,1,1,0,0,0,1,0,4,4,1,0,1,3,1,4,2,3,4,5,10,4,6,4,3,5,5,8,10,11,8,11,8,9,11,9,8,1,6,9,10,8,7,6,7,4,2,6,4,2,2,3,2,1,1,1,1,4,1,0,0,2]},"val_loss":0.14008307456970215,"trainer/global_step":374,"gradients/hidden_layers.1.weight":{"bins":[-0.01666027121245861,-0.016172166913747787,-0.015684062615036964,-0.015195959247648716,-0.014707854948937893,-0.014219751581549644,-0.013731647282838821,-0.013243542984127998,-0.012755438685417175,-0.012267335318028927,-0.011779231019318104,-0.01129112672060728,-0.010803023353219032,-0.01031491905450821,-0.009826814755797386,-0.009338711388409138,-0.008850607089698315,-0.008362502790987492,-0.007874399423599243,-0.00738629512488842,-0.006898190826177597,-0.006410086993128061,-0.0059219831600785255,-0.0054338788613677025,-0.004945775028318167,-0.004457671195268631,-0.003969566896557808,-0.003481463063508272,-0.0029933589976280928,-0.0025052549317479134,-0.0020171510986983776,-0.0015290470328181982,-0.0010409429669380188,-0.0005528389592655003,-6.473495159298182e-05,0.0004233690560795367,0.0009114730637520552,0.0013995771296322346,0.0018876810790970922,0.0023757850285619497,0.002863889094442129,0.0033519931603223085,0.003840097226202488,0.004328201059252024,0.0048163048923015594,0.0053044091910123825,0.005792513024061918,0.006280617322772741,0.006768721155822277,0.007256824988871813,0.007744929287582636,0.008233033120632172,0.008721137419342995,0.009209240786731243,0.009697345085442066,0.01018544938415289,0.010673552751541138,0.01116165705025196,0.011649761348962784,0.012137865647673607,0.012625969015061855,0.013114073313772678,0.013602177612483501,0.01409028097987175,0.014578385278582573],"_type":"histogram","values":[3,1,5,7,8,15,14,10,15,15,30,47,63,70,61,63,80,116,141,175,182,219,312,374,458,504,588,751,999,1254,1602,2341,3352,6491,29275,3962,2661,1846,1334,1090,894,820,614,503,456,354,238,233,179,116,117,96,68,52,62,44,49,32,26,15,16,5,8,5]},"gradients/output_layer.weight":{"_type":"histogram","values":[1,0,1,0,2,1,1,1,3,5,4,6,17,10,23,14,34,45,54,77,117,180,358,714,1778,3920,7007,6007,3206,1186,488,263,177,116,85,68,40,43,25,20,17,19,14,11,8,6,8,4,3,2,2,2,1,0,1,0,2,2,0,0,0,0,0,1],