{"lr":0.009801000356674194,"_runtime":12,"trainer/global_step":29,"train_loss":0.15098387002944946,"_step":3,"epoch":1,"_wandb":{"runtime":12},"_timestamp":1.7607116769883416e+09,"val_loss":0.1373249739408493,"graph_0":{"_type":"graph-file","sha256":"dedd6a5f1a1e840555dc687983743e02667c2095187e1bf50c6dd4aaf403da3d","size":1423,"path":"media/graph/graph_0_summary_dedd6a5f1a1e840555dc.graph.json"}}