{"gradients/_orig_mod.linear1.bias":{"_type":"histogram","values":[1,0,1,0,0,0,0,0,0,0,1,0,0,0,0,0,0,0,1,1,0,1,1,1,1,0,1,3,0,1,3,4,3,4,1,5,3,3,5,0,3,4,10,191,11,1,6,3,3,1,3,2,7,0,1,3,2,0,1,1,1,0,0,1],"bins":[-0.006428494118154049,-0.006280625704675913,-0.0061327568255364895,-0.005984888412058353,-0.00583701953291893,-0.005689151119440794,-0.005541282705962658,-0.0053934138268232346,-0.0052455454133450985,-0.005097676534205675,-0.004949808120727539,-0.004801939707249403,-0.00465407082810998,-0.004506202414631844,-0.00435833353549242,-0.004210465122014284,-0.004062596708536148,-0.003914727829396725,-0.003766859183087945,-0.003618990769609809,-0.003471122123301029,-0.0033232534769922495,-0.0031753848306834698,-0.00302751618437469,-0.0028796475380659103,-0.0027317791245877743,-0.0025839104782789946,-0.002436041831970215,-0.002288173185661435,-0.0021403045393526554,-0.0019924361258745193,-0.0018445674795657396,-0.00169669883325696,-0.0015488301869481802,-0.0014009616570547223,-0.0012530930107459426,-0.0011052244808524847,-0.000957355834543705,-0.0008094871882349253,-0.0006616186001338065,-0.0005137500120326877,-0.00036588142393156886,-0.0002180128067266196,-7.014420407358557e-05,7.772439857944846e-05,0.0002255930012324825,0.0003734616038855165,0.0005213302210904658,0.0006691988091915846,0.0008170673972927034,0.0009649359853938222,0.001112804631702602,0.0012606731615960598,0.0014085418079048395,0.0015564104542136192,0.0017042789841070771,0.0018521476304158568,0.0020000161603093147,0.0021478848066180944,0.002295753452926874,0.002443622099235654,0.0025914907455444336,0.0027393591590225697,0.0028872278053313494,0.003035096451640129]},"gradients/_orig_mod.linear0.weight":{"bins":[-0.0507233589887619,-0.04958389326930046,-0.04844442382454872,-0.04730495810508728,-0.04616548866033554,-0.0450260229408741,-0.04388655722141266,-0.04274708777666092,-0.04160762205719948,-0.04046815261244774,-0.0393286868929863,-0.03818922117352486,-0.03704975172877312,-0.035910286009311676,-0.034770816564559937,-0.033631350845098495,-0.032491885125637054,-0.031352415680885315,-0.030212948098778725,-0.029073482379317284,-0.027934014797210693,-0.026794547215104103,-0.025655079632997513,-0.024515612050890923,-0.023376144468784332,-0.02223667874932289,-0.0210972111672163,-0.01995774358510971,-0.01881827600300312,-0.01767880842089653,-0.01653934270143509,-0.015399875119328499,-0.014260409399867058,-0.013120941817760468,-0.011981475166976452,-0.010842007584869862,-0.009702540934085846,-0.008563073351979256,-0.007423605769872665,-0.0062841386534273624,-0.0051446715369820595,-0.0040052044205367565,-0.00286573707126081,-0.001726269838400185,-0.0005868026055395603,0.0005526646273210645,0.0016921318601816893,0.002831599209457636,0.003971066325902939,0.005110533442348242,0.006250000558793545,0.007389468140900135,0.00852893479168415,0.009668402373790741,0.010807869955897331,0.011947336606681347,0.013086804188787937,0.014226271770894527,0.015365738421678543,0.016505206003785133,0.017644673585891724,0.018784141167998314,0.019923606887459755,0.021063074469566345,0.022202542051672935],"_type":"histogram","values":[1,0,0,0,0,0,0,0,0,0,0,0,0,0,0,1,0,1,1,0,0,1,0,1,0,0,0,2,1,2,0,3,4,0,2,4,7,10,5,10,7,9,12,26,115,18,9,7,8,7,3,3,2,3,5,1,2,3,0,0,0,0,0,4]},"gradients/_orig_mod.linear0.bias":{"_type":"histogram","values":[1,0,0,0,0,0,0,0,0,0,0,0,0,0,0,0,0,0,0,0,1,0,1,0,0,0,0,1,0,1,1,2,0,0,1,2,5,4,8,1,9,16,8,10,19,19,124,18,14,9,8,6,3,1,3,0,1,1,1,0,0,0,0,1],"bins":[-0.062071532011032104,-0.06073135510087013,-0.05939117446541786,-0.05805099755525589,-0.05671082064509392,-0.055370643734931946,-0.054030463099479675,-0.0526902861893177,-0.05135010927915573,-0.05000992864370346,-0.04866975173354149,-0.04732957482337952,-0.045989397913217545,-0.044649217277765274,-0.0433090403676033,-0.04196886345744133,-0.04062868654727936,-0.03928850591182709,-0.037948329001665115,-0.03660815209150314,-0.03526797145605087,-0.0339277945458889,-0.03258761763572693,-0.031247438862919807,-0.029907260090112686,-0.028567083179950714,-0.027226904407143593,-0.02588672749698162,-0.0245465487241745,-0.023206371814012527,-0.021866193041205406,-0.020526016131043434,-0.019185839220881462,-0.01784566044807434,-0.01650548353791237,-0.015165305696427822,-0.013825127854943275,-0.012484949082136154,-0.011144771240651608,-0.00980459339916706,-0.008464415557682514,-0.0071242377161979675,-0.005784059874713421,-0.004443881567567587,-0.0031037037260830402,-0.0017635257681831717,-0.00042334781028330326,0.0009168301476165652,0.0022570081055164337,0.0035971859470009804,0.004937363788485527,0.006277542095631361,0.007617719937115908,0.008957898244261742,0.010298076085746288,0.011638253927230835,0.012978431768715382,0.014318609610199928,0.01565878838300705,0.01699896529316902,0.018339144065976143,0.019679320976138115,0.021019499748945236,0.022359676659107208,0.02369985543191433]},"gradients/_orig_mod.linear3.weight":{"values":[2,0,3,0,0,3,2,6,6,13,15,28,44,45,73,111,163,208,295,430,569,757,1066,1451,1858,2367,3033,3290,3238,2839,2303,1766,1281,991,697,544,333,241,162,116,56,48,40,33,19,12,13,5,7,1,5,2,2,3,1,1,1,0,0,0,0,1,0,1],"bins":[-0.0006085563218221068,-0.0005867932923138142,-0.0005650302628055215,-0.0005432671750895679,-0.0005215041455812752,-0.0004997411160729825,-0.0004779780574608594,-0.0004562149988487363,-0.0004344519693404436,-0.00041268893983215094,-0.0003909258812200278,-0.00036916282260790467,-0.000347399793099612,-0.0003256367635913193,-0.0003038737049791962,-0.00028211064636707306,-0.0002603476168587804,-0.00023858457279857248,-0.00021682152873836458,-0.00019505848467815667,-0.00017329544061794877,-0.00015153239655774087,-0.00012976935249753296,-0.00010800630843732506,-8.624326437711716e-05,-6.448022031690925e-05,-4.271717625670135e-05,-2.0954132196493447e-05,8.089118637144566e-07,2.257195592392236e-05,4.433499998413026e-05,6.609804404433817e-05,8.786114631220698e-05,0.00010962419037241489,0.0001313872344326228,0.0001531502784928307,0.0001749133225530386,0.0001966763666132465,0.0002184394106734544,0.0002402024547336623,0.0002619654987938702,0.0002837285283021629,0.000305491586914286,0.00032725464552640915,0.0003490176750347018,0.0003707807045429945,0.00039254376315511763,0.00041430682176724076,0.00043606985127553344,0.0004578328807838261,0.00047959593939594924,0.0005013589980080724,0.000523122027516365,0.0005448850570246577,0.0005666480865329504,0.000588411174248904,0.0006101742037571967,0.0006319372332654893,0.0006537003209814429,0.0006754633504897356,0.0006972263799980283,0.000718989409506321,0.0007407524390146136,0.0007625155267305672,0.0007842785562388599],"_type":"histogram"},"graph_0":{"path":"media/graph/graph_0_summary_291b6327ca820b1f32d5.graph.json","_type":"graph-file","sha256":"291b6327ca820b1f32d520fcec4cd5ff35e97857a46827bf5aacca3d4ea0cf09","size":809},"trainer/global_step":1094,"train_loss":0.11201481521129608,"_timestamp":1.7607074309597456e+09,"gradients/_orig_mod.linear2.weight":{"values":[1,0,0,0,0,0,0,0,2,0,3,3,2,5,5,4,10,8,14,18,21,37,49,61,71,135,137,219,330,409,594,979,1622,3307,69344,6214,2446,1331,794,518,363,251,198,132,95,66,53,45,23,17,11,15,8,8,4,2,4,2,4,1,2,0,1,2],