{"_runtime":32,"_step":49,"gradients/hidden_layers.0.weight":{"_type":"histogram","values":[1,2,0,0,1,0,0,0,4,0,0,0,0,0,0,2,3,2,2,1,4,2,1,1,3,2,4,0,4,1,0,1,1,2,0,2,0,0,2,0,1,3,0,0,1,1,0,1,2,0,4,0,0,1,1,0,0,0,0,0,0,0,0,1],"bins":[-0.011286601424217224,-0.010881599970161915,-0.010476598516106606,-0.010071597062051296,-0.009666595607995987,-0.009261594153940678,-0.008856592699885368,-0.008451591245830059,-0.00804658979177475,-0.007641587872058153,-0.007236586418002844,-0.0068315849639475346,-0.006426583044230938,-0.006021581590175629,-0.005616580136120319,-0.00521157868206501,-0.004806577228009701,-0.0044015757739543915,-0.003996574319899082,-0.0035915726330131292,-0.00318657117895782,-0.0027815697249025106,-0.0023765680380165577,-0.0019715665839612484,-0.001566565129905939,-0.0011615636758506298,-0.0007565621053799987,-0.0003515605931170285,5.3440919145941734e-05,0.00045844243140891194,0.0008634439436718822,0.0012684455141425133,0.001673446036875248,0.0020784474909305573,0.0024834489449858665,0.0028884506318718195,0.003293452085927129,0.003698453539982438,0.004103455226868391,0.0045084566809237,0.00491345813497901,0.005318459589034319,0.005723461043089628,0.0061284624971449375,0.006533464416861534,0.006938465870916843,0.007343467324972153,0.007748468779027462,0.008153470233082771,0.00855847168713808,0.00896347314119339,0.0093684745952487,0.009773476049304008,0.010178477503359318,0.010583478957414627,0.010988480411469936,0.011393481865525246,0.01179848425090313,0.012203485704958439,0.012608487159013748,0.013013488613069057,0.013418490067124367,0.013823491521179676,0.014228492975234985,0.014633494429290295]},"val_loss":0.12596233189105988,"_wandb":{"runtime":32},"gradients/output_layer.weight":{"values":[1,0,0,1,0,0,1,3,0,2,2,0,3,5,4,7,2,13,12,19,11,19,22,23,26,43,56,53,72,75,114,130,159,251,386,703,2030,1708,486,164,89,69,56,28,30,27,22,16,8,10,6,4,8,3,3,1,3,3,4,2,0,0,0,2],"bins":[-0.025939589366316795,-0.025234350934624672,-0.024529114365577698,-0.023823875933885574,-0.02311863750219345,-0.022413400933146477,-0.021708162501454353,-0.02100292593240738,-0.020297687500715256,-0.019592449069023132,-0.018887212499976158,-0.018181974068284035,-0.01747673749923706,-0.016771499067544937,-0.016066260635852814,-0.015361023135483265,-0.014655785635113716,-0.013950548134744167,-0.013245310634374619,-0.012540072202682495,-0.011834834702312946,-0.011129597201943398,-0.010424358770251274,-0.009719121269881725,-0.009013883769512177,-0.008308646269142628,-0.007603408303111792,-0.0068981703370809555,-0.006192932836711407,-0.005487695336341858,-0.004782457370311022,-0.004077219404280186,-0.0033719800412654877,-0.0026667423080652952,-0.0019615045748651028,-0.0012562668416649103,-0.0005510291084647179,0.0001542086247354746,0.000859446357935667,0.0015646840911358595,0.002269921824336052,0.0029751595575362444,0.003680397290736437,0.004385635256767273,0.005090872757136822,0.0057961102575063705,0.006501348223537207,0.007206586189568043,0.007911823689937592,0.00861706119030714,0.00932229869067669,0.010027537122368813,0.010732774622738361,0.01143801212310791,0.012143250554800034,0.012848488055169582,0.013553725555539131,0.01425896305590868,0.014964200556278229,0.015669438987970352,0.016374677419662476,0.01707991398870945,0.017785152420401573,0.018490388989448547,0.01919562742114067],"_type":"histogram"},"lr":0.002773895626887679,"gradients/output_layer.bias":{"_type":"histogram","values":[1,0,0,0,1,2,1,0,0,0,1,1,0,0,3,3,3,0,0,2,3,2,2,4,3,3,3,2,1,3,3,6,4,1,2,3,2,3,4,1,7,3,2,2,0,3,1,2,1,1,1,1,1,0,0,0,1,0,0,0,0,0,0,1],"bins":[-0.001058086403645575,-0.0010154267074540257,-0.0009727670112624764,-0.0009301072568632662,-0.0008874475606717169,-0.0008447878644801676,-0.0008021281100809574,-0.0007594684138894081,-0.0007168087176978588,-0.0006741490215063095,-0.0006314893253147602,-0.00058882957091555,-0.0005461698747240007,-0.0005035101785324514,-0.00046085045323707163,-0.0004181907279416919,-0.0003755310317501426,-0.0003328713355585933,-0.0002902116102632135,-0.00024755188496783376,-0.00020489218877628446,-0.00016223247803281993,-0.0001195727672893554,-7.691305654589087e-05,-3.425334580242634e-05,8.406364941038191e-06,5.106607568450272e-05,9.372578642796725e-05,0.00013638549717143178,0.0001790452079148963,0.00022170491865836084,0.0002643646439537406,0.00030702422372996807,0.00034968391992151737,0.00039234364521689713,0.0004350033705122769,0.0004776630667038262,0.0005203227628953755,0.0005629825172945857,0.000605642213486135,0.0006483019096776843,0.0006909616058692336,0.0007336213020607829,0.0007762810564599931,0.0008189407526515424,0.0008616004488430917,0.0009042602032423019,0.0009469198994338512,0.0009895795956254005,0.0010322392918169498,0.0010748989880084991,0.0011175586842000484,0.0011602183803915977,0.0012028781929984689,0.0012455378891900182,0.0012881975853815675,0.0013308572815731168,0.001373516977764666,0.0014161766739562154,0.0014588363701477647,0.0015014961827546358,0.0015441558789461851,0.0015868155751377344,0.0016294752713292837,0.001672134967520833]},"graph_0":{"_type":"graph-file","sha256":"bfe0b700b347cd4bce6fe3cc30281d0915020adf6cf4033ec971f8785e182b70","size":665,"path":"media/graph/graph_0_summary_bfe0b700b347cd4bce6f.graph.json"},"train_loss":0.1265420764684677,"trainer/global_step":374,"gradients/hidden_layers.0.bias":{"_type":"histogram","values":[1,0,0,0,0,1,1,0,2,1,2,1,0,0,2,2,0,2,3,4,4,2,3,4,1,1,1,1,4,1,2,1,0,1,0,3,1,2,3,0,0,0,1,2,1,0,0,1,0,1,0,0,0,0,0,0,0,0,0,0,0,0,0,1],"bins":[-0.01187690906226635,-0.011402125470340252,-0.010927342809736729,-0.01045255921781063,-0.009977775625884533,-0.009502992033958435,-0.009028209373354912,-0.008553425781428814,-0.008078642189502716,-0.0076038590632379055,-0.007129075936973095,-0.006654292345046997,-0.0061795092187821865,-0.005704725626856089,-0.005229942500591278,-0.00475515890866518,-0.00428037578240037,-0.0038055924233049154,-0.003330809064209461,-0.002856025705114007,-0.0023812423460185528,-0.0019064591033384204,-0.001431675860658288,-0.0009568925015628338,-0.00048210914246737957,-7.325812475755811e-06,0.00046745751751586795,0.0009422408184036613,0.0014170241774991155,0.0018918075365945697,0.002366590779274702,0.0028413741383701563,0.0033161574974656105,0.0037909408565610647,0.004265724215656519,0.0047405073419213295,0.005215290933847427,0.005690074060112238,0.006164857652038336,0.006639640778303146,0.007114424370229244,0.007589207496494055,0.008063990622758865,0.008538774214684963,0.009013557806611061,0.009488340467214584,0.009963124059140682,0.01043790765106678,0.010912690311670303,0.011387473903596401,0.011862257495522499,0.012337041087448597,0.01281182374805212,0.013286607339978218,0.013761390931904316,0.014236174523830414,0.014710957184433937,0.015185740776360035,0.015660524368286133,0.016135307028889656,0.01661009155213833,0.017084874212741852,0.017559656873345375,0.018034441396594048,0.01850922405719757]},"epoch":24,"_timestamp":1.7607775174300768e+09}