{"gradients/hidden_layers.3.weight":{"values":[2,1,1,1,1,2,3,1,1,3,5,6,8,9,14,17,10,16,32,27,37,55,64,75,98,124,176,208,343,345,490,563,770,1027,1624,3200,49422,2091,1265,855,615,487,351,243,199,164,106,96,67,63,35,37,19,15,16,7,8,5,4,2,1,1,2,1],"bins":[-0.006449227686971426,-0.006271640304476023,-0.006094052921980619,-0.005916465539485216,-0.005738878156989813,-0.0055612907744944096,-0.005383703391999006,-0.005206116009503603,-0.005028529092669487,-0.004850941710174084,-0.00467335432767868,-0.004495766945183277,-0.004318179562687874,-0.0041405921801924706,-0.003963004797697067,-0.003785417415201664,-0.0036078300327062607,-0.0034302426502108574,-0.003252655267715454,-0.003075067885220051,-0.0028974805027246475,-0.002719893353059888,-0.0025423059705644846,-0.0023647185880690813,-0.002187131205573678,-0.0020095438230782747,-0.0018319564405828714,-0.00165436917450279,-0.0014767817920073867,-0.0012991944095119834,-0.001121607143431902,-0.0009440197609364986,-0.0007664323784410954,-0.0005888449959456921,-0.0004112576716579497,-0.00023367031826637685,-5.608296487480402e-05,0.00012150438851676881,0.00029909174190834165,0.0004766790952999145,0.0006542664486914873,0.0008318538311868906,0.001009441213682294,0.0011870284797623754,0.0013646158622577786,0.001542203244753182,0.0017197905108332634,0.0018973778933286667,0.00207496527582407,0.0022525526583194733,0.0024301400408148766,0.00260772742331028,0.002785314805805683,0.0029629019554704428,0.003140489337965846,0.0033180767204612494,0.0034956641029566526,0.003673251485452056,0.0038508388679474592,0.004028426017612219,0.004206013400107622,0.0043836007826030254,0.004561188165098429,0.004738775547593832,0.004916362930089235],"_type":"histogram"},"_timestamp":1.7607758880599463e+09,"_runtime":285,"trainer/global_step":199,"_wandb":{"runtime":285},"gradients/hidden_layers.0.weight":{"values":[1,0,2,1,1,0,0,1,0,2,0,1,6,0,1,4,4,3,4,4,7,5,3,5,7,3,3,8,0,5,7,7,88,11,5,4,2,5,4,2,9,6,0,3,1,2,5,3,2,1,3,0,0,1,0,0,2,0,0,0,0,1,0,1],"bins":[-0.0738605484366417,-0.07157081365585327,-0.06928107142448425,-0.06699133664369583,-0.06470159441232681,-0.06241185963153839,-0.06012212112545967,-0.05783238261938095,-0.05554264411330223,-0.05325290560722351,-0.05096316710114479,-0.04867342859506607,-0.04638369381427765,-0.04409395530819893,-0.04180421680212021,-0.03951447829604149,-0.03722473978996277,-0.03493500128388405,-0.03264526277780533,-0.030355526134371758,-0.028065787628293037,-0.025776049122214317,-0.023486312478780746,-0.021196573972702026,-0.018906835466623306,-0.016617096960544586,-0.01432735938578844,-0.012037621811032295,-0.009747883304953575,-0.007458145264536142,-0.0051684072241187096,-0.0028786691837012768,-0.000588931143283844,0.0017008068971335888,0.003990544937551022,0.006280282977968454,0.008570021018385887,0.010859759524464607,0.013149497099220753,0.015439234673976898,0.01772897318005562,0.02001871168613434,0.02230845019221306,0.02459818683564663,0.02688792534172535,0.02917766384780407,0.03146740049123764,0.03375713899731636,0.03604687750339508,0.0383366160094738,0.04062635451555252,0.04291609302163124,0.04520583152770996,0.04749556630849838,0.0497853048145771,0.05207504332065582,0.05436478182673454,0.05665452033281326,0.05894425883889198,0.0612339973449707,0.06352373212575912,0.06581347435712814,0.06810320913791656,0.07039295136928558,0.072682686150074],"_type":"histogram"},"gradients/hidden_layers.2.bias":{"_type":"histogram","values":[2,0,0,1,1,0,1,1,2,1,1,0,2,0,3,0,3,1,1,3,2,1,2,4,4,11,13,18,53,45,21,5,6,4,4,4,4,2,5,2,0,3,4,1,0,3,2,2,3,0,0,1,0,3,0,0,0,0,0,0,0,0,0,1],"bins":[-0.019010938704013824,-0.018352534621953964,-0.017694130539894104,-0.017035726457834244,-0.016377322375774384,-0.015718918293714523,-0.015060513280332088,-0.014402109198272228,-0.013743704184889793,-0.013085300102829933,-0.012426896020770073,-0.011768491938710213,-0.011110087856650352,-0.010451683774590492,-0.009793278761208057,-0.009134874679148197,-0.008476470597088337,-0.007818066515028477,-0.007159661967307329,-0.006501257885247469,-0.005842853337526321,-0.005184449255466461,-0.004526045173406601,-0.003867640858516097,-0.003209236543625593,-0.0025508322287350893,-0.0018924280302599072,-0.0012340238317847252,-0.0005756195168942213,8.278473978862166e-05,0.0007411889964714646,0.0013995931949466467,0.0020579975098371506,0.0027164018247276545,0.0033748061396181583,0.004033210221678019,0.004691614769399166,0.005350018851459026,0.0060084229335188866,0.006666827481240034,0.007325231563299894,0.007983636111021042,0.008642040193080902,0.009300444275140762,0.009958848357200623,0.010617252439260483,0.011275657452642918,0.011934061534702778,0.012592465616762638,0.013250869698822498,0.013909273780882359,0.014567678794264793,0.015226082876324654,0.015884486958384514,0.016542891040444374,0.017201295122504234,0.017859699204564095,0.018518103286623955,0.019176507368683815,0.019834913313388824,0.020493317395448685,0.021151721477508545,0.021810125559568405,0.022468529641628265,0.023126933723688126]},"gradients/hidden_layers.2.weight":{"values":[8,6,1,3,9,17,8,12,14,16,28,39,34,29,36,37,41,42,49,53,55,54,68,103,111,144,168,213,333,500,836,1348,3580,51904,2049,926,664,489,342,260,202,125,96,83,55,62,45,41,33,20,31,20,15,11,11,9,11,9,10,1,3,5,8,1],"bins":[-0.017861219123005867,-0.017324654385447502,-0.016788089647889137,-0.016251524910330772,-0.015714960172772408,-0.015178395435214043,-0.014641830697655678,-0.014105265960097313,-0.013568701222538948,-0.013032136484980583,-0.012495571747422218,-0.011959007009863853,-0.011422442272305489,-0.010885877534747124,-0.010349312797188759,-0.009812748059630394,-0.009276183322072029,-0.008739618584513664,-0.0082030538469553,-0.0076664891093969345,-0.00712992437183857,-0.006593359634280205,-0.00605679489672184,-0.005520230159163475,-0.00498366542160511,-0.004447100684046745,-0.00391053594648838,-0.0033739712089300156,-0.0028374064713716507,-0.002300841733813286,-0.001764276996254921,-0.001227712258696556,-0.000691145658493042,-0.00015458092093467712,0.00038198381662368774,0.0009185485541820526,0.0014551132917404175,0.0019916780292987823,0.002528242766857147,0.003064807504415512,0.003601372241973877,0.004137936979532242,0.004674501717090607,0.0052110664546489716,0.005747631192207336,0.006284195929765701,0.006820760667324066,0.007357325404882431,0.007893890142440796,0.00843045487999916,0.008967019617557526,0.00950358435511589,0.010040149092674255,0.01057671383023262,0.011113278567790985,0.01164984330534935,0.012186408042907715,0.01272297278046608,0.013259537518024445,0.01379610225558281,0.014332666993141174,0.01486923173069954,0.015405796468257904,0.01594236120581627,0.016478925943374634],"_type":"histogram"},"gradients/output_layer.bias":{"values":[1,0,0,0,0,0,0,0,0,0,0,0,0,0,2,0,0,0,1,1,3,1,1,2,5,3,2,4,4,2,4,3,2,3,4,5,5,3,3,2,2,0,6,3,2,2,4,0,0,2,2,4,0,3,0,0,0,1,1,1,0,0,0,1],