{"lr":0.009801000356674194,"_wandb":{"runtime":8},"trainer/global_step":29,"_timestamp":1.76071162608864e+09,"graph_0":{"_type":"graph-file","sha256":"8dc8a0bb0df18123b0e02ad5023ddd6cd418cc2af96c98fc6b2586d695bc14f7","size":1392,"path":"media/graph/graph_0_summary_8dc8a0bb0df18123b0e0.graph.json"},"train_loss":0.13186490535736084,"epoch":1,"_step":3,"_runtime":8,"val_loss":0.12732066214084625}