{"val_loss":0.11012788116931915,"_step":49,"lr":0.0038891069125384092,"_runtime":130,"_wandb":{"runtime":130},"gradients/output_layer.weight":{"bins":[-0.0016521267825737596,-0.0016031924169510603,-0.0015542581677436829,-0.0015053238021209836,-0.0014563895529136062,-0.001407455187290907,-0.0013585209380835295,-0.0013095865724608302,-0.0012606523232534528,-0.0012117179576307535,-0.001162783708423376,-0.0011138493428006768,-0.0010649150935932994,-0.0010159807279706001,-0.0009670464205555618,-0.0009181121131405234,-0.0008691778057254851,-0.0008202434983104467,-0.0007713091908954084,-0.00072237488348037,-0.0006734405760653317,-0.0006245062686502934,-0.000575571961235255,-0.0005266376538202167,-0.00047770331730134785,-0.0004287690098863095,-0.00037983470247127116,-0.0003309003950562328,-0.000281966058537364,-0.0002330317656742409,-0.0001840974437072873,-0.00013516313629224896,-8.622882887721062e-05,-3.729451782419346e-05,1.1639793228823692e-05,6.0574104281840846e-05,0.000109508415334858,0.00015844272274989635,0.00020737704471684992,0.00025631135213188827,0.0003052456595469266,0.00035417996696196496,0.0004031142743770033,0.00045204858179204166,0.0005009829183109105,0.0005499172257259488,0.0005988515331409872,0.0006477858405560255,0.0006967201479710639,0.0007456544553861022,0.0007945887628011405,0.0008435230702161789,0.0008924573776312172,0.0009413916850462556,0.0009903260506689548,0.0010392602998763323,0.0010881946654990315,0.001137128914706409,0.0011860632803291082,0.0012349975295364857,0.001283931895159185,0.0013328661443665624,0.0013818005099892616,0.001430734759196639,0.0014796691248193383],"_type":"histogram","values":[3,1,0,0,1,3,4,11,11,8,16,11,14,18,25,24,21,35,36,39,50,57,66,64,82,108,120,156,180,243,306,309,476,20343,499,339,357,294,202,177,129,106,100,95,80,69,60,41,35,42,21,17,26,11,8,5,7,4,8,10,7,1,4,5]},"_timestamp":1.7609774216163836e+09,"trainer/global_step":199,"epoch":24,"train_loss":0.11087416112422943,"gradients/lif_layers.0.rnn.weight_ih_l0":{"_type":"histogram","values":[1,0,0,0,0,0,0,0,0,0,0,0,0,0,0,0,0,1,0,2,0,1,0,2,6,1,4,4,4,6,5,9,11,15,29,57,1400,63,34,30,18,24,14,12,9,3,9,1,5,0,3,4,0,1,0,1,1,0,1,0,0,0,0,1],"bins":[-0.00800233706831932,-0.007784872315824032,-0.00756740802899003,-0.0073499432764947414,-0.007132478523999453,-0.006915014237165451,-0.006697549484670162,-0.006480084732174873,-0.006262620445340872,-0.006045155692845583,-0.005827690940350294,-0.005610226653516293,-0.005392761901021004,-0.005175297148525715,-0.004957832861691713,-0.0047403681091964245,-0.004522903822362423,-0.004305439069867134,-0.004087974317371845,-0.0038705097977072,-0.003653045278042555,-0.003435580525547266,-0.003218116005882621,-0.0030006514862179756,-0.0027831867337226868,-0.0025657222140580416,-0.0023482576943933964,-0.002130793174728751,-0.0019133284222334623,-0.0016958639025688171,-0.0014783992664888501,-0.001260934746824205,-0.001043470110744238,-0.0008260055328719318,-0.0006085409549996257,-0.00039107631891965866,-0.00017361174104735255,4.3852851376868784e-05,0.0002613174438010901,0.0004787820507772267,0.0006962466286495328,0.0009137112065218389,0.001131175784394145,0.001348640420474112,0.001566105056554079,0.0017835695762187243,0.0020010340958833694,0.0022184988483786583,0.0024359633680433035,0.0026534278877079487,0.0028708926402032375,0.0030883571598678827,0.003305821679532528,0.0035232864320278168,0.003740750951692462,0.003958215471357107,0.004175680223852396,0.0043931445106863976,0.004610609263181686,0.004828074015676975,0.005045538302510977,0.005263003055006266,0.0054804678075015545,0.005697932094335556,0.005915396846830845]},"gradients/lif_layers.0.rnn.bias_ih_l0":{"bins":[-0.01811610721051693,-0.017607305198907852,-0.017098501324653625,-0.016589699313044548,-0.01608089730143547,-0.015572094358503819,-0.015063291415572166,-0.014554489403963089,-0.014045686461031437,-0.013536883518099785,-0.013028081506490707,-0.012519278563559055,-0.012010475620627403,-0.011501673609018326,-0.010992870666086674,-0.010484068654477596,-0.009975265711545944,-0.009466462768614292,-0.008957660757005215,-0.008448857814073563,-0.007940055802464485,-0.007431252859532833,-0.006922449916601181,-0.006413647439330816,-0.0059048449620604515,-0.005396042484790087,-0.004887240007519722,-0.00437843706458807,-0.003869634587317705,-0.0033608321100473404,-0.002852029399946332,-0.0023432266898453236,-0.0018344251438975334,-0.0013256225502118468,-0.0008168199565261602,-0.00030801736284047365,0.00020078523084521294,0.0007095878245308995,0.0012183904182165861,0.0017271930119022727,0.0022359956055879593,0.002744798082858324,0.0032536007929593325,0.003762403503060341,0.004271205980330706,0.00478000845760107,0.0052888114005327225,0.005797613877803087,0.006306416355073452,0.006815218832343817,0.0073240213096141815,0.007832824252545834,0.008341627195477486,0.008850429207086563,0.009359232150018215,0.009868034161627293,0.010376837104558945,0.010885640047490597,0.011394442059099674,0.011903245002031326,0.012412047013640404,0.012920849956572056,0.013429652899503708,0.013938454911112785,0.014447257854044437],"_type":"histogram","values":[1,0,0,0,0,0,0,0,0,0,0,0,0,0,0,0,0,0,1,1,0,0,2,1,2,1,1,1,4,1,2,2,4,9,8,184,8,4,6,4,3,1,1,0,0,0,0,1,1,0,0,0,0,0,0,1,0,0,0,0,0,0,0,1]},"graph_0":{"sha256":"801d25fbbe8414adfef4a7f58f4c03701df8d8e8dd4c08855e1824aa1fadf955","size":603,"path":"media/graph/graph_0_summary_801d25fbbe8414adfef4.graph.json","_type":"graph-file"},"gradients/output_layer.bias":{"bins":[-0.0019048447720706463,-0.001859593903645873,-0.0018143430352210999,-0.0017690921667963266,-0.0017238412983715534,-0.0016785903135314584,-0.0016333394451066852,-0.001588088576681912,-0.0015428377082571387,-0.0014975868398323655,-0.0014523359714075923,-0.001407085102982819,-0.001361834118142724,-0.0013165832497179508,-0.0012713323812931776,-0.0012260815128684044,-0.0011808306444436312,-0.001135579776018858,-0.0010903289075940847,-0.0010450780391693115,-0.0009998271707445383,-0.0009545762441121042,-0.00090932531747967,-0.0008640744490548968,-0.0008188235806301236,-0.0007735727122053504,-0.0007283218437805772,-0.000683070917148143,-0.0006378200487233698,-0.0005925691802985966,-0.0005473182536661625,-0.0005020673852413893,-0.00045681651681661606,-0.00041156564839184284,-0.00036631475086323917,-0.0003210638533346355,-0.0002758129849098623,-0.00023056210193317384,-0.0001853112189564854,-0.00014006033597979695,-9.48094530031085e-05,-4.955857002642006e-05,-4.307687049731612e-06,4.094319592695683e-05,8.619407890364528e-05,0.00013144496188033372,0.00017669584485702217,0.0002219467278337106,0.00026719761081039906,0.00031244847923517227,0.00035769937676377594,0.0004029502742923796,0.00044820114271715283,0.000493452011141926,0.0005387029377743602,0.0005839538061991334,0.0006292046746239066,0.0006744555430486798,0.000719706411473453,0.0007649573381058872,0.0008102082065306604,0.0008554590749554336,0.0009007100015878677,0.000945960870012641,0.0009912117384374142],"_type":"histogram","values":[1,1,0,0,0,0,1,0,1,1,1,0,0,0,1,1,0,0,1,2,0,1,0,2,0,1,1,2,1,0,0,2,2,3,1,2,2,3,1,1,2,3,5,8,3,3,5,3,2,6,6,1,2,2,5,1,2,3,0,0,1,0,0,1]},