{"gradients/output_layer.weight":{"_type":"histogram","values":[4,4,2,0,5,3,2,7,14,10,16,30,28,47,55,68,102,121,183,199,290,424,530,769,1326,2143,3512,6463,10630,10494,6616,3301,1561,830,540,326,263,182,150,119,87,79,56,45,41,25,21,18,15,8,10,4,8,2,2,1,2,2,0,1,3,0,0,1],"bins":[-0.011691256426274776,-0.011287207715213299,-0.010883158072829247,-0.010479109361767769,-0.010075060650706291,-0.009671011939644814,-0.009266963228583336,-0.008862913586199284,-0.008458864875137806,-0.008054816164076328,-0.007650766987353563,-0.007246717810630798,-0.006842669099569321,-0.006438620388507843,-0.006034571211785078,-0.005630522035062313,-0.005226473324000835,-0.004822424612939358,-0.004418375436216593,-0.004014326259493828,-0.00361027754843235,-0.003206228604540229,-0.0028021796606481075,-0.002398130716755986,-0.001994081772863865,-0.0015900328289717436,-0.0011859838850796223,-0.000781934941187501,-0.00037788599729537964,2.6162946596741676e-05,0.000430211890488863,0.0008342608343809843,0.0012383107095956802,0.0016423596534878016,0.002046408597379923,0.002450457541272044,0.0028545064851641655,0.003258555429056287,0.003662604372948408,0.004066653549671173,0.004470702260732651,0.004874750971794128,0.005278800148516893,0.005682849325239658,0.006086898036301136,0.006490946747362614,0.006894995924085379,0.007299045100808144,0.007703093811869621,0.008107142522931099,0.008511191233992577,0.008915240876376629,0.009319289587438107,0.009723338298499584,0.010127387940883636,0.010531436651945114,0.010935485363006592,0.01133953407406807,0.011743582785129547,0.0121476324275136,0.012551681138575077,0.012955729849636555,0.013359779492020607,0.013763828203082085,0.014167876914143562]},"_wandb":{"runtime":295},"gradients/hidden_layers.1.bias":{"_type":"histogram","values":[2,1,3,0,3,0,4,0,4,2,8,6,10,6,3,5,9,11,12,12,9,12,11,23,14,15,17,17,17,21,12,24,12,16,13,13,17,21,21,10,12,7,10,6,4,4,10,4,4,3,8,5,0,3,3,1,3,2,1,2,0,2,0,2],"bins":[-0.005431297235190868,-0.005256675183773041,-0.005082052666693926,-0.004907430615276098,-0.004732808563858271,-0.004558186046779156,-0.004383563995361328,-0.0042089419439435005,-0.004034319892525673,-0.003859697375446558,-0.0036850753240287304,-0.003510453039780259,-0.003335830755531788,-0.0031612087041139603,-0.002986586419865489,-0.0028119643684476614,-0.00263734208419919,-0.002462719799950719,-0.0022880977485328913,-0.00211347546428442,-0.0019388532964512706,-0.0017642311286181211,-0.0015896088443696499,-0.0014149866765365005,-0.001240364508703351,-0.0010657423408702016,-0.0008911201148293912,-0.0007164978887885809,-0.0005418757209554315,-0.00036725352401845157,-0.00019263132708147168,-1.8009130144491792e-05,0.0001566135324537754,0.0003312357293907553,0.0005058579263277352,0.0006804801523685455,0.000855102320201695,0.0010297244880348444,0.0012043467722833157,0.001378968940116465,0.0015535911079496145,0.001728213275782764,0.0019028354436159134,0.0020774577278643847,0.002252080012112856,0.0024267020635306835,0.0026013243477791548,0.0027759463991969824,0.0029505686834454536,0.003125190967693925,0.0032998130191117525,0.0034744353033602238,0.0036490573547780514,0.0038236796390265226,0.003998301923274994,0.0041729239746928215,0.004347546026110649,0.004522168543189764,0.004696790594607592,0.004871412646025419,0.005046035163104534,0.005220657214522362,0.005395279265940189,0.005569901783019304,0.005744523834437132]},"gradients/hidden_layers.1.weight":{"values":[17,19,17,44,53,110,90,142,180,182,237,291,295,375,482,629,793,978,1247,1151,1503,1862,2258,2848,3497,4626,5087,6168,7922,10226,14823,118948,20368,11930,8502,6575,5264,4131,3456,2566,2098,1698,1384,1090,952,886,698,584,471,469,339,345,246,161,167,149,124,89,80,62,77,46,25,12],"bins":[-0.005677464418113232,-0.005499457940459251,-0.005321451462805271,-0.005143444985151291,-0.004965438507497311,-0.00478743202984333,-0.00460942555218935,-0.00443141907453537,-0.00425341259688139,-0.004075406584888697,-0.0038973998744040728,-0.0037193933967500925,-0.003541387151926756,-0.0033633806742727757,-0.0031853741966187954,-0.003007367718964815,-0.002829361241310835,-0.0026513547636568546,-0.0024733482860028744,-0.002295341808348894,-0.002117335330694914,-0.0019393289694562554,-0.001761322608217597,-0.0015833161305636168,-0.0014053096529096365,-0.0012273031752556562,-0.001049296697601676,-0.0008712903363630176,-0.0006932838587090373,-0.000515277381055057,-0.0003372709616087377,-0.0001592645130585879,1.874193549156189e-05,0.0001967483840417117,0.0003747548325918615,0.0005527612520381808,0.0007307677296921611,0.0009087742073461413,0.0010867805685847998,0.00126478704623878,0.0014427935238927603,0.0016208000015467405,0.0017988064792007208,0.001976812956854701,0.0021548192016780376,0.002332825679332018,0.002510832156985998,0.0026888386346399784,0.0028668451122939587,0.003044851589947939,0.003222858067601919,0.0034008645452558994,0.0035788710229098797,0.0037568772677332163,0.00393488397821784,0.0041128904558718204,0.004290896467864513,0.004468902945518494,0.004646909423172474,0.004824915900826454,0.005002922378480434,0.005180928856134415,0.005358935333788395,0.005536941811442375,0.0057149482890963554],"_type":"histogram"},"trainer/global_step":199,"gradients/hidden_layers.0.weight":{"bins":[-0.017965957522392273,-0.01740160398185253,-0.01683724857866764,-0.0162728950381279,-0.01570853963494301,-0.015144186094403267,-0.01457983162254095,-0.014015477150678635,-0.013451122678816319,-0.012886768206954002,-0.012322413735091686,-0.01175805926322937,-0.011193705722689629,-0.010629351250827312,-0.010064996778964996,-0.00950064230710268,-0.008936287835240364,-0.008371933363378048,-0.007807578891515732,-0.007243224885314703,-0.006678870413452387,-0.006114515941590071,-0.005550161935389042,-0.004985807463526726,-0.00442145299166441,-0.0038570985198020935,-0.003292744280770421,-0.0027283900417387486,-0.0021640355698764324,-0.0015996812144294381,-0.0010353268589824438,-0.0004709725035354495,9.33818519115448e-05,0.0006577362073585391,0.0012220905628055334,0.0017864449182525277,0.002350799273699522,0.002915153745561838,0.0034795079845935106,0.004043862223625183,0.004608216695487499,0.005172571167349815,0.0057369256392121315,0.00630127964541316,0.0068656341172754765,0.007429988589137793,0.007994342595338821,0.008558697067201138,0.009123051539063454,0.00968740601092577,0.010251760482788086,0.010816114954650402,0.011380469426512718,0.01194482296705246,0.012509177438914776,0.013073531910777092,0.013637886382639408,0.014202240854501724,0.01476659532636404,0.015330949798226357,0.015895303338766098,0.01645965874195099,0.01702401228249073,0.01758836768567562,0.018152721226215363],"_type":"histogram","values":[1,0,0,0,0,1,0,0,0,3,1,2,0,1,1,0,7,1,3,5,5,6,7,10,11,12,16,10,13,12,13,200,30,21,12,14,13,11,19,3,3,8,5,8,3,5,2,5,0,2,2,0,2,0,0,0,0,0,0,1,0,0,0,2]},"_step":49,"gradients/output_layer.bias":{"_type":"histogram","values":[2,0,0,0,1,0,1,1,0,1,0,2,0,0,1,1,0,2,2,1,0,1,0,3,5,4,1,2,0,4,5,1,4,4,2,4,3,3,2,3,2,8,1,2,2,3,0,0,2,2,2,2,0,1,1,1,0,1,0,0,0,3,0,1],