{"val_loss":0.11339196562767029,"_step":49,"gradients/lif_layers.0.rnn.bias_ih_l0":{"values":[1,0,0,0,1,0,0,0,0,0,0,1,0,0,0,0,1,1,0,1,3,1,1,5,2,2,5,5,5,19,24,305,32,25,15,12,7,7,8,5,1,3,0,2,2,1,2,1,1,1,1,0,2,0,0,0,0,0,0,0,0,0,0,1],"bins":[-0.005311885382980108,-0.005145519971847534,-0.004979154095053673,-0.004812788683921099,-0.004646423272788525,-0.0044800578616559505,-0.004313691984862089,-0.004147326573729515,-0.003980961162596941,-0.0038145955186337233,-0.0036482298746705055,-0.0034818644635379314,-0.0033154988195747137,-0.0031491334084421396,-0.002982767764478922,-0.002816402353346348,-0.00265003670938313,-0.0024836710654199123,-0.0023173056542873383,-0.0021509400103241205,-0.0019845745991915464,-0.0018182089552283287,-0.0016518434276804328,-0.0014854779001325369,-0.001319112372584641,-0.001152746845036745,-0.0009863813174888492,-0.0008200157317332923,-0.0006536502041853964,-0.0004872846766375005,-0.00032091911998577416,-0.00015455357788596302,1.1811964213848114e-05,0.00017817750631365925,0.0003445430484134704,0.0005109086050651968,0.0006772741326130927,0.0008436396601609886,0.0010100052459165454,0.0011763707734644413,0.0013427363010123372,0.0015091018285602331,0.001675467356108129,0.001841832883656025,0.0020081985276192427,0.0021745639387518167,0.0023409295827150345,0.0025072949938476086,0.0026736606378108263,0.002840026281774044,0.003006391692906618,0.003172757336869836,0.00333912274800241,0.0035054883919656277,0.0036718538030982018,0.0038382194470614195,0.004004585091024637,0.004170950502157211,0.004337315913289785,0.004503681790083647,0.004670047201216221,0.004836412612348795,0.005002778023481369,0.00516914390027523,0.0053355093114078045],"_type":"histogram"},"lr":0.0007778213475830853,"_wandb":{"runtime":391},"epoch":24,"gradients/lif_layers.0.rnn.bias_hh_l0":{"_type":"histogram","values":[1,0,0,0,1,0,0,0,0,0,0,1,0,0,0,0,1,1,0,1,3,1,1,5,2,2,5,5,5,19,24,305,32,25,15,12,7,7,8,5,1,3,0,2,2,1,2,1,1,1,1,0,2,0,0,0,0,0,0,0,0,0,0,1],"bins":[-0.005311886314302683,-0.005145520903170109,-0.004979155026376247,-0.004812789615243673,-0.004646424204111099,-0.004480058792978525,-0.004313692916184664,-0.00414732750505209,-0.003980962093919516,-0.003814596449956298,-0.00364823080599308,-0.003481865394860506,-0.0033154997508972883,-0.0031491343397647142,-0.0029827686958014965,-0.0028164032846689224,-0.0026500376407057047,-0.002483671996742487,-0.002317306585609913,-0.002150940941646695,-0.001984575530514121,-0.0018182098865509033,-0.0016518443590030074,-0.0014854788314551115,-0.0013191133039072156,-0.0011527477763593197,-0.0009863822488114238,-0.000820016663055867,-0.000653651135507971,-0.00048728560796007514,-0.0003209200513083488,-0.00015455450920853764,1.1811032891273499e-05,0.00017817657499108464,0.00034454211709089577,0.0005109076737426221,0.000677273201290518,0.000843638728838414,0.0010100043145939708,0.0011763698421418667,0.0013427353696897626,0.0015091008972376585,0.0016754664247855544,0.0018418319523334503,0.002008197596296668,0.002174563007429242,0.00234092865139246,0.002507294062525034,0.0026736597064882517,0.0028400253504514694,0.0030063907615840435,0.0031727564055472612,0.0033391218166798353,0.003505487460643053,0.003671852871775627,0.003838218515738845,0.004004584159702063,0.004170949570834637,0.004337314981967211,0.004503680858761072,0.004670046269893646,0.00483641168102622,0.005002777092158794,0.005169142968952656,0.00533550838008523]},"graph_0":{"_type":"graph-file","sha256":"f5fba8b7833c3a7764a42ddfb2111bdd23d76e8e9438bd88a316437d677e0ad0","size":604,"path":"media/graph/graph_0_summary_f5fba8b7833c3a7764a4.graph.json"},"gradients/output_layer.weight":{"values":[3,3,7,7,5,20,15,28,27,37,43,26,38,57,65,71,62,62,77,100,145,150,185,229,286,321,459,522,719,860,1065,1380,36740,1319,1235,919,799,592,452,327,293,232,181,143,116,105,123,82,97,67,54,52,50,25,27,36,24,5,15,8,7,0,0,1],"bins":[-0.0017331484705209732,-0.0016795443370938301,-0.001625940203666687,-0.001572336070239544,-0.0015187319368124008,-0.0014651278033852577,-0.0014115236699581146,-0.0013579195365309715,-0.0013043154031038284,-0.0012507113860920072,-0.001197107252664864,-0.001143503119237721,-0.0010898989858105779,-0.0010362948523834348,-0.0009826907189562917,-0.0009290865855291486,-0.0008754824521020055,-0.0008218783186748624,-0.0007682741852477193,-0.0007146700518205762,-0.0006610659183934331,-0.0006074618431739509,-0.0005538577097468078,-0.0005002535763196647,-0.0004466494428925216,-0.0003930453094653785,-0.0003394411760382354,-0.0002858370717149228,-0.0002322329382877797,-0.0001786288048606366,-0.00012502468598540872,-7.142055983422324e-05,-1.7816550098359585e-05,3.57875760528259e-05,8.939170220401138e-05,0.00014299582107923925,0.00019659995450638235,0.00025020408793352544,0.0003038081922568381,0.0003574123256839812,0.0004110164591111243,0.0004646205925382674,0.0005182247259654105,0.0005718288593925536,0.0006254329346120358,0.0006790370680391788,0.0007326412014663219,0.000786245334893465,0.0008398494683206081,0.0008934536017477512,0.0009470577351748943,0.0010006618686020374,0.0010542660020291805,0.0011078701354563236,0.0011614742688834667,0.0012150784023106098,0.001268682535737753,0.0013222865527495742,0.0013758906861767173,0.0014294948196038604,0.0014830989530310035,0.0015367030864581466,0.0015903072198852897,0.0016439113533124328,0.0016975154867395759],"_type":"histogram"},"_timestamp":1.760980049404511e+09,"gradients/output_layer.bias":{"values":[1,0,0,0,1,1,1,0,0,0,2,0,1,3,0,1,0,2,0,1,3,2,2,2,1,5,1,2,1,4,3,3,5,1,6,5,5,2,3,1,0,1,4,1,1,1,1,1,2,2,0,4,1,1,0,5,0,0,0,1,2,0,0,1],"bins":[-0.0015623464714735746,-0.0015148838283494115,-0.0014674210688099265,-0.0014199584256857634,-0.0013724957825616002,-0.0013250330230221152,-0.001277570379897952,-0.001230107736773789,-0.0011826450936496258,-0.0011351823341101408,-0.0010877196909859776,-0.0010402570478618145,-0.0009927942883223295,-0.0009453316451981664,-0.0008978689438663423,-0.0008504063007421792,-0.0008029435994103551,-0.000755480898078531,-0.0007080182549543679,-0.0006605555536225438,-0.0006130929104983807,-0.0005656302091665566,-0.0005181675078347325,-0.0004707048356067389,-0.0004232421633787453,-0.0003757794911507517,-0.0003283168189227581,-0.00028085411759093404,-0.00023339144536294043,-0.00018592877313494682,-0.000138466086355038,-9.100340685108677e-05,-4.3540727347135544e-05,3.921952156815678e-06,5.13846316607669e-05,9.884731116471812e-05,0.00014630999066866934,0.00019377266289666295,0.00024123534967657179,0.0002886980364564806,0.00033616070868447423,0.00038362338091246784,0.00043108605314046144,0.0004785487544722855,0.0005260114558041096,0.0005734740989282727,0.0006209368002600968,0.0006683994433842599,0.000715862144716084,0.0007633248460479081,0.0008107874891720712,0.0008582501905038953,0.0009057128336280584,0.0009531755349598825,0.0010006382362917066,0.0010481008794158697,0.0010955636389553547,0.0011430262820795178,0.001190488925203681,0.0012379515683278441,0.0012854143278673291,0.0013328769709914923,0.0013803396141156554,0.0014278023736551404,0.0014752650167793036],"_type":"histogram"},