{"val_loss":0.12193267792463303,"epoch":9,"trainer/global_step":149,"_timestamp":1.7606922339479249e+09,"train_loss":0.12635405361652374,"_wandb":{"runtime":632},"_runtime":632,"_step":12}