{"graph_0":{"sha256":"f475e8bbd6bf6aa74aa29352f246ae2fcc8bb4503ce15bc2687f6cd5a338bcd8","size":1392,"path":"media/graph/graph_0_summary_f475e8bbd6bf6aa74aa2.graph.json","_type":"graph-file"},"gradients/linear0.weight":{"_type":"histogram","values":[1,0,0,0,0,0,0,0,0,0,0,1,0,0,0,0,0,1,0,0,0,0,2,1,0,1,1,0,1,0,2,1,0,2,3,1,31,1,1,2,0,1,3,0,1,0,0,0,0,0,1,0,0,1,1,0,0,2,0,0,0,0,0,1],"bins":[-0.6103842258453369,-0.5936936736106873,-0.5770031213760376,-0.5603125691413879,-0.5436220169067383,-0.5269314646720886,-0.510240912437439,-0.4935503304004669,-0.47685977816581726,-0.4601692259311676,-0.44347867369651794,-0.4267881214618683,-0.41009753942489624,-0.3934069871902466,-0.3767164349555969,-0.36002588272094727,-0.3433353304862976,-0.32664477825164795,-0.3099542260169983,-0.29326367378234863,-0.276573121547699,-0.25988253951072693,-0.24319198727607727,-0.2265014350414276,-0.20981088280677795,-0.1931203305721283,-0.17642977833747864,-0.15973921120166779,-0.14304865896701813,-0.12635810673236847,-0.10966754704713821,-0.09297698736190796,-0.0762864351272583,-0.059595879167318344,-0.04290532320737839,-0.02621476724743843,-0.009524211287498474,0.0071663446724414825,0.02385690063238144,0.040547456592321396,0.05723801255226135,0.07392856478691101,0.09061912447214127,0.10730968415737152,0.12400023639202118,0.14069078862667084,0.1573813557624817,0.17407190799713135,0.190762460231781,0.20745301246643066,0.22414356470108032,0.24083413183689117,0.25752466917037964,0.2742152512073517,0.29090580344200134,0.307596355676651,0.32428690791130066,0.3409774601459503,0.3576680123806,0.37435856461524963,0.3910491466522217,0.40773969888687134,0.424430251121521,0.44112080335617065,0.4578113555908203]},"_runtime":80,"trainer/global_step":199,"epoch":24,"val_loss":0.13949176669120789,"gradients/linear1.weight":{"values":[1,1,0,2,0,1,1,1,0,2,0,2,2,3,0,0,1,2,1,5,1,1,1,4,5,7,8,20,19,20,18,23,25,37,37,73,86,120,171,205,2706,123,88,43,29,41,24,21,18,16,12,13,13,11,9,7,5,4,0,2,1,2,1,1],"bins":[-0.20634713768959045,-0.20123060047626495,-0.19611406326293945,-0.19099751114845276,-0.18588097393512726,-0.18076443672180176,-0.17564789950847626,-0.17053136229515076,-0.16541481018066406,-0.16029827296733856,-0.15518173575401306,-0.15006519854068756,-0.14494866132736206,-0.13983212411403656,-0.13471557199954987,-0.12959903478622437,-0.12448249757289886,-0.11936596035957336,-0.11424941569566727,-0.10913287848234177,-0.10401633381843567,-0.09889979660511017,-0.09378325939178467,-0.08866671472787857,-0.08355017751455307,-0.07843364030122757,-0.07331709563732147,-0.06820055842399597,-0.06308402121067047,-0.057967476546764374,-0.05285093933343887,-0.047734398394823074,-0.04261786490678787,-0.03750132396817207,-0.032384783029556274,-0.027268245816230774,-0.022151704877614975,-0.017035163938999176,-0.011918624863028526,-0.006802084855735302,-0.0016855448484420776,0.0034309951588511467,0.008547535166144371,0.013664075173437595,0.01878061518073082,0.02389715611934662,0.02901369519531727,0.03413023427128792,0.03924677520990372,0.044363316148519516,0.049479857087135315,0.054596394300460815,0.059712935239076614,0.06482947617769241,0.06994601339101791,0.07506255805492401,0.08017909526824951,0.08529563248157501,0.09041217714548111,0.09552871435880661,0.10064525902271271,0.10576179623603821,0.11087833344936371,0.1159948781132698,0.1211114153265953],"_type":"histogram"},"gradients/linear3.bias":{"_type":"histogram","values":[2,0,1,0,0,1,2,0,1,2,0,0,1,2,1,1,1,2,2,0,1,7,4,4,4,2,7,3,5,2,1,2,3,7,1,1,2,2,1,3,2,1,2,2,2,0,5,1,0,1,0,0,0,0,1,0,0,0,0,1,0,0,0,1],"bins":[-0.0015230805147439241,-0.0014667513314634562,-0.0014104221481829882,-0.0013540929649025202,-0.0012977637816220522,-0.0012414345983415842,-0.0011851054150611162,-0.0011287762317806482,-0.0010724470485001802,-0.0010161178652197123,-0.0009597886819392443,-0.0009034594986587763,-0.0008471303153783083,-0.0007908011320978403,-0.0007344719488173723,-0.0006781427655369043,-0.0006218135822564363,-0.0005654843989759684,-0.0005091552156955004,-0.0004528260324150324,-0.0003964968491345644,-0.0003401676658540964,-0.0002838384825736284,-0.00022750929929316044,-0.00017118011601269245,-0.00011485093273222446,-5.852174945175648e-05,-2.1925661712884903e-06,5.41366171091795e-05,0.00011046580038964748,0.00016679498367011547,0.00022312416695058346,0.00027945335023105145,0.00033578253351151943,0.0003921117167919874,0.0004484409000724554,0.0005047700833529234,0.0005610992666333914,0.0006174284499138594,0.0006737576331943274,0.0007300868164747953,0.0007864159997552633,0.0008427451830357313,0.0008990743663161993,0.0009554035495966673,0.0010117327328771353,0.0010680619161576033,0.0011243910994380713,0.0011807202827185392,0.0012370494659990072,0.0012933786492794752,0.0013497078325599432,0.0014060370158404112,0.0014623661991208792,0.0015186953824013472,0.0015750245656818151,0.0016313537489622831,0.0016876829322427511,0.0017440121155232191,0.001800341298803687,0.001856670482084155,0.001912999665364623,0.001969328848645091,0.002025658031925559,0.002081987215206027]},"train_loss":0.1393718719482422,"_wandb":{"runtime":80},"gradients/linear2.weight":{"values":[1,0,0,1,1,2,1,1,2,1,4,3,5,2,2,6,10,5,7,9,9,13,13,18,30,27,46,44,78,96,100,161,184,227,315,1699,269,159,117,92,79,59,48,29,25,16,5,9,9,5,9,9,5,7,3,3,5,1,3,3,1,1,0,2],"bins":[-0.014095124788582325,-0.01369568333029747,-0.013296241872012615,-0.01289680041372776,-0.012497358955442905,-0.01209791749715805,-0.011698476038873196,-0.01129903458058834,-0.010899593122303486,-0.010500151664018631,-0.010100710205733776,-0.009701268747448921,-0.009301827289164066,-0.008902385830879211,-0.008502944372594357,-0.008103502914309502,-0.007704061456024647,-0.007304619997739792,-0.006905178539454937,-0.006505737081170082,-0.006106295622885227,-0.005706854164600372,-0.005307412706315517,-0.0049079712480306625,-0.004508529789745808,-0.004109088331460953,-0.003709646873176098,-0.003310205414891243,-0.002910763956606388,-0.002511322498321533,-0.0021118810400366783,-0.0017124395817518234,-0.001312997192144394,-0.000913555733859539,-0.0005141142755746841,-0.00011467281728982925,0.00028476864099502563,0.0006842100992798805,0.0010836515575647354,0.0014830930158495903,0.0018825344741344452,0.0022819759324193,0.002681417390704155,0.00308085884898901,0.0034803003072738647,0.0038797417655587196,0.0042791832238435745,0.004678624682128429,0.005078066140413284,0.005477507598698139,0.005876949056982994,0.006276390515267849,0.006675831973552704,0.007075273431837559,0.007474714890122414,0.007874156348407269,0.008273597806692123,0.008673039264976978,0.009072480723261833,0.009471922181546688,0.009871363639831543,0.010270805098116398,0.010670246556401253,0.011069688014686108,0.011469129472970963],"_type":"histogram"},"_step":49,