{"train_loss":0.46043282747268677,"_runtime":2,"_timestamp":1.7607079914049056e+09,"_wandb":{"runtime":2},"epoch":1,"lr":0.0009025000035762787,"_step":3,"val_loss":0.3589160144329071,"graph_0":{"_type":"graph-file","sha256":"3fc60e2c372cad39930e9721f3e9f56252f47874d9a7ed804de2db90a893452b","size":759,"path":"media/graph/graph_0_summary_3fc60e2c372cad39930e.graph.json"},"trainer/global_step":29}