{"graph_0":{"_type":"graph-file","sha256":"bccf377dd33d012c12eac52c92f6031a507a60f9de4a3bd0fbd5943095a4b7b2","size":1392,"path":"media/graph/graph_0_summary_bccf377dd33d012c12ea.graph.json"},"epoch":1,"_runtime":8,"train_loss":0.1770629733800888,"_wandb":{"runtime":8},"_step":3,"_timestamp":1.76071159490744e+09,"trainer/global_step":29,"val_loss":0.15857955813407898,"lr":0.0009025000035762787}