{"_step":49,"gradients/hidden_layers.2.weight":{"values":[1,0,0,1,0,0,0,4,1,1,1,4,4,8,4,1,4,6,3,4,8,10,7,12,12,18,26,31,33,60,63,93,338,54,49,30,19,22,8,6,10,10,7,7,9,2,5,4,3,2,2,3,2,2,2,0,1,1,0,2,1,0,1,2],"bins":[-0.006155867129564285,-0.005964518524706364,-0.005773169919848442,-0.005581821780651808,-0.005390473175793886,-0.005199124570935965,-0.005007775966078043,-0.004816427826881409,-0.004625079222023487,-0.0044337306171655655,-0.004242382012307644,-0.004051033407449722,-0.0038596850354224443,-0.0036683366633951664,-0.003476988058537245,-0.003285639686509967,-0.0030942910816520452,-0.0029029424767941236,-0.0027115941047668457,-0.002520245499908924,-0.002328897127881646,-0.0021375485230237246,-0.0019462000345811248,-0.001754851546138525,-0.0015635030576959252,-0.0013721545692533255,-0.0011808060808107257,-0.000989457592368126,-0.0007981090457178652,-0.0006067605572752655,-0.0004154120397288352,-0.00022406353673432022,-3.271503373980522e-05,0.00015863346925470978,0.0003499819722492248,0.000541330489795655,0.0007326789782382548,0.0009240274666808546,0.0011153760133311152,0.001306724501773715,0.0014980729902163148,0.0016894214786589146,0.0018807699671015143,0.002072118455544114,0.0022634670604020357,0.0024548154324293137,0.0026461640372872353,0.002837512409314513,0.003028861014172435,0.0032202096190303564,0.0034115579910576344,0.003602906595915556,0.003794254967942834,0.003985603339970112,0.0041769519448280334,0.004368300549685955,0.004559649154543877,0.004750997759401798,0.0049423458985984325,0.005133694503456354,0.005325043108314276,0.005516391713172197,0.005707739852368832,0.005899088457226753,0.006090437062084675],"_type":"histogram"},"gradients/hidden_layers.1.bias":{"_type":"histogram","values":[1,0,0,0,0,0,0,0,0,0,0,0,0,0,0,0,0,0,0,0,0,0,0,0,0,1,1,0,0,1,1,0,0,1,0,0,1,0,2,0,1,0,0,1,1,2,2,1,3,0,1,0,0,0,1,1,0,4,0,2,2,0,0,1],"bins":[-0.06461524963378906,-0.06327532231807709,-0.06193539500236511,-0.06059546768665314,-0.05925554037094116,-0.05791561305522919,-0.05657568573951721,-0.05523575842380524,-0.05389583110809326,-0.05255590379238129,-0.05121597647666931,-0.049876049160957336,-0.04853612184524536,-0.047196194529533386,-0.04585626721382141,-0.044516339898109436,-0.04317641258239746,-0.041836485266685486,-0.04049655795097351,-0.039156630635261536,-0.03781670331954956,-0.036476776003837585,-0.03513684868812561,-0.033796921372413635,-0.03245699405670166,-0.031117066740989685,-0.02977713942527771,-0.028437212109565735,-0.02709728479385376,-0.025757357478141785,-0.02441743016242981,-0.023077502846717834,-0.02173757739365101,-0.020397650077939034,-0.01905772276222706,-0.017717795446515083,-0.016377868130803108,-0.015037940815091133,-0.013698013499379158,-0.012358086183667183,-0.011018158867955208,-0.009678231552243233,-0.008338304236531258,-0.0069983769208192825,-0.0056584496051073074,-0.004318522289395332,-0.0029785949736833572,-0.0016386676579713821,-0.00029874034225940704,0.001041186973452568,0.002381114289164543,0.0037210416048765182,0.005060968920588493,0.0064008962363004684,0.0077408235520124435,0.009080750867724419,0.010420678183436394,0.011760605499148369,0.013100532814860344,0.014440460130572319,0.015780387446284294,0.01712031476199627,0.018460242077708244,0.01980016939342022,0.021140096709132195]},"_wandb":{"runtime":101},"_runtime":101,"val_loss":0.12269538640975952,"lr":7.178980013122782e-05,"gradients/hidden_layers.0.bias":{"_type":"histogram","values":[2,0,0,0,0,0,0,0,0,1,0,0,0,0,1,0,0,0,0,0,0,0,0,2,0,0,0,1,0,0,0,0,9,6,0,1,0,0,0,1,0,0,0,0,1,0,1,0,0,0,0,2,0,0,0,1,0,0,1,0,0,0,1,1],"bins":[-0.18549412488937378,-0.17986996471881866,-0.17424581944942474,-0.16862165927886963,-0.1629975140094757,-0.1573733538389206,-0.15174919366836548,-0.14612504839897156,-0.14050088822841644,-0.13487672805786133,-0.1292525827884674,-0.12362842261791229,-0.11800426989793777,-0.11238011717796326,-0.10675595700740814,-0.10113180428743362,-0.0955076515674591,-0.08988349884748459,-0.08425934612751007,-0.07863518595695496,-0.07301103323698044,-0.06738688051700592,-0.061762724071741104,-0.05613856762647629,-0.05051441490650177,-0.04489026218652725,-0.039266105741262436,-0.03364194929599762,-0.028017796576023102,-0.022393641993403435,-0.016769487410783768,-0.0111453328281641,-0.00552116334438324,0.00010299123823642731,0.005727145820856094,0.011351300403475761,0.01697545498609543,0.022599609568715096,0.028223764151334763,0.03384792059659958,0.0394720733165741,0.045096226036548615,0.05072038248181343,0.05634453892707825,0.061968691647052765,0.06759284436702728,0.0732170045375824,0.07884115725755692,0.08446530997753143,0.09008946269750595,0.09571361541748047,0.10133777558803558,0.1069619283080101,0.11258608102798462,0.11821024119853973,0.12383439391851425,0.12945854663848877,0.13508270680904388,0.1407068520784378,0.14633101224899292,0.15195515751838684,0.15757931768894196,0.16320347785949707,0.168827623128891,0.1744517832994461]},"_timestamp":1.7607771779575825e+09,"gradients/output_layer.weight":{"bins":[-0.000721390824764967,-0.0006972457049414515,-0.0006731005269102752,-0.0006489554070867598,-0.0006248102290555835,-0.0006006651092320681,-0.0005765199894085526,-0.0005523748113773763,-0.0005282296915538609,-0.0005040845717303455,-0.00047993939369916916,-0.00045579427387565374,-0.00043164912494830787,-0.000407503976020962,-0.0003833588561974466,-0.0003592137072701007,-0.00033506855834275484,-0.00031092340941540897,-0.0002867782604880631,-0.0002626331406645477,-0.0002384879917372018,-0.00021434284280985594,-0.0001901977084344253,-0.00016605257405899465,-0.00014190742513164878,-0.00011776228348026052,-9.361714182887226e-05,-6.9472000177484e-05,-4.532685852609575e-05,-2.118171687470749e-05,2.9634247766807675e-06,2.7108566428069025e-05,5.125370807945728e-05,7.539884973084554e-05,9.95439913822338e-05,0.00012368912575766444,0.00014783427468501031,0.00017197942361235619,0.00019612455798778683,0.00022026969236321747,0.00024441484129056334,0.0002685599902179092,0.0002927051391452551,0.0003168502589687705,0.0003409954078961164,0.00036514055682346225,0.00038928567664697766,0.00041343082557432353,0.0004375759745016694,0.0004617211234290153,0.00048586627235636115,0.0005100113921798766,0.0005341565702110529,0.0005583016900345683,0.0005824468098580837,0.00060659198788926,0.0006307371077127755,0.0006548822275362909,0.0006790274055674672,0.0007031725253909826,0.000727317645214498,0.0007514628232456744,0.0007756079430691898,0.0007997531211003661,0.0008238982409238815],"_type":"histogram","values":[1,0,2,0,4,5,6,9,11,9,16,17,20,9,24,31,28,53,51,49,70,82,93,115,128,156,178,186,222,245,224,198,187,195,151,156,121,121,91,82,56,57,57,48,44,40,17,26,17,22,7,11,7,9,6,8,6,8,2,1,3,1,0,1]},"epoch":24,"gradients/hidden_layers.3.weight":{"_type":"histogram","values":[1,0,1,0,2,0,2,5,6,4,8,7,13,13,24,25,32,35,39,49,60,53,254,53,47,43,34,36,24,16,21,13,15,12,7,13,4,9,3,7,1,7,2,2,5,3,2,3,1,1,2,1,0,0,0,2,0,0,0,0,0,0,0,2],