{"_wandb":{"runtime":13},"_step":3,"_runtime":13,"val_loss":0.13855530321598053,"_timestamp":1.7607104552660758e+09,"train_loss":0.15046703815460205,"epoch":1,"lr":0.009801000356674194,"graph_0":{"_type":"graph-file","sha256":"d1aea5fb5a5275b8201a802ff2efdc5dce0f0a09c7cd706cc64ec5d2f190585c","size":1423,"path":"media/graph/graph_0_summary_d1aea5fb5a5275b8201a.graph.json"},"trainer/global_step":29}