{"trainer/global_step":29,"lr":0.009801000356674194,"_timestamp":1.7607113000069304e+09,"val_loss":0.16828300058841705,"train_loss":0.19577160477638245,"_runtime":22,"_step":3,"graph_0":{"_type":"graph-file","sha256":"3e118afbe32ba60fd50a4cf9a322a39569a4a8d36203880e2390853d178fdcbb","size":1423,"path":"media/graph/graph_0_summary_3e118afbe32ba60fd50a.graph.json"},"epoch":1,"_wandb":{"runtime":22}}