{"_runtime":22,"_step":3,"train_loss":0.14180609583854675,"trainer/global_step":29,"_timestamp":1.760711383129076e+09,"lr":0.004900500178337097,"graph_0":{"sha256":"bb4e9bd59f3783efad343b16a6a2755222a99626b620d4ffb5702ddf35002b76","size":1423,"path":"media/graph/graph_0_summary_bb4e9bd59f3783efad34.graph.json","_type":"graph-file"},"_wandb":{"runtime":22},"val_loss":0.12868145108222961,"epoch":1}