{"_timestamp":1.7607111496385598e+09,"graph_0":{"_type":"graph-file","sha256":"ab06c10c1bb76839179b859cff6e6b34c951b4cb338f70820bde4a97a841a61d","size":1423,"path":"media/graph/graph_0_summary_ab06c10c1bb76839179b.graph.json"},"epoch":1,"train_loss":0.14209230244159698,"_step":3,"lr":0.004512500017881393,"_runtime":23,"_wandb":{"runtime":23},"val_loss":0.1430666446685791,"trainer/global_step":29}