{"val_loss":0.14359477162361145,"_timestamp":1.760711697796607e+09,"_step":3,"trainer/global_step":29,"_wandb":{"runtime":12},"_runtime":12,"train_loss":0.14802253246307373,"graph_0":{"_type":"graph-file","sha256":"41771a9d9b2e5fa2189ae920f684363b1722e68fdb5a7fe2804404b0c794b4a8","size":1423,"path":"media/graph/graph_0_summary_41771a9d9b2e5fa2189a.graph.json"},"epoch":1,"lr":0.009801000356674194}