{"gradients/lif_layers.1.rnn.bias_ih_l0":{"_type":"histogram","values":[1,0,0,0,0,0,0,0,0,0,0,0,0,0,0,0,0,0,0,0,0,0,0,0,0,0,0,0,1,0,1,0,2,0,0,0,0,2,9,4,2,2,0,1,0,1,0,1,0,0,2,0,0,0,0,0,0,0,0,1,1,0,0,1],"bins":[-0.005815905053168535,-0.005666199140250683,-0.00551649322733283,-0.005366787780076265,-0.005217081867158413,-0.0050673759542405605,-0.004917670041322708,-0.004767964594066143,-0.004618258681148291,-0.004468552768230438,-0.004318846855312586,-0.004169140942394733,-0.004019435495138168,-0.003869729582220316,-0.0037200236693024635,-0.003570317989215255,-0.0034206120762974024,-0.00327090616337955,-0.0031212004832923412,-0.002971494570374489,-0.00282178889028728,-0.0026720829773694277,-0.002522377297282219,-0.0023726713843643665,-0.002222965471446514,-0.0020732597913593054,-0.0019235539948567748,-0.0017738481983542442,-0.0016241422854363918,-0.0014744364889338613,-0.0013247306924313307,-0.0011750248959288,-0.0010253190994262695,-0.000875613302923739,-0.0007259075064212084,-0.0005762016517110169,-0.0004264958552084863,-0.00027679005870595574,-0.0001270842330995947,2.262157795485109e-05,0.0001723273890092969,0.00032203318551182747,0.0004717390111181885,0.0006214448367245495,0.0007711506332270801,0.0009208564297296107,0.0010705622844398022,0.0012202680809423327,0.0013699738774448633,0.001519679673947394,0.0016693854704499245,0.001819091266952455,0.0019687970634549856,0.002118502976372838,0.0022682086564600468,0.002417914569377899,0.0025676204822957516,0.0027173261623829603,0.0028670320753008127,0.0030167377553880215,0.003166443668305874,0.0033161493483930826,0.003465855261310935,0.0036155609413981438,0.003765266854315996]},"gradients/lif_layers.1.rnn.weight_ih_l0":{"values":[2,0,0,0,0,2,0,1,0,0,0,1,0,1,0,1,2,0,1,0,0,1,1,0,0,0,2,2,11,11,4,11,7,6,5,4,15,70,709,29,26,15,12,7,6,1,12,5,8,7,2,0,4,4,1,2,0,2,3,2,1,0,3,2],"bins":[-0.005826679058372974,-0.005673875566571951,-0.005521072074770927,-0.005368268582969904,-0.0052154650911688805,-0.005062661599367857,-0.0049098581075668335,-0.00475705461576581,-0.0046042511239647865,-0.004451447632163763,-0.0042986441403627396,-0.004145840648561716,-0.003993037156760693,-0.003840233664959669,-0.0036874301731586456,-0.003534626681357622,-0.0033818231895565987,-0.003229019697755575,-0.0030762162059545517,-0.002923412714153528,-0.0027706092223525047,-0.0026178057305514812,-0.0024650022387504578,-0.0023121987469494343,-0.002159395255148411,-0.0020065917633473873,-0.0018537882715463638,-0.0017009847797453403,-0.0015481812879443169,-0.0013953777961432934,-0.00124257430434227,-0.0010897708125412464,-0.0009369668550789356,-0.0007841633632779121,-0.0006313598714768887,-0.0004785563796758652,-0.0003257528878748417,-0.0001729493960738182,-2.0145904272794724e-05,0.00013265758752822876,0.00028546107932925224,0.0004382645711302757,0.0005910680629312992,0.0007438715547323227,0.0008966750465333462,0.0010494785383343697,0.0012022820301353931,0.0013550855219364166,0.0015078890137374401,0.0016606925055384636,0.001813495997339487,0.0019662994891405106,0.002119102980941534,0.0022719064727425575,0.002424709964543581,0.0025775134563446045,0.002730316948145628,0.0028831204399466515,0.003035923931747675,0.0031887274235486984,0.003341530915349722,0.0034943344071507454,0.003647137898951769,0.0037999413907527924,0.003952744882553816],"_type":"histogram"},"_wandb":{"runtime":56},"gradients/output_layer.weight":{"_type":"histogram","values":[3,2,0,1,2,0,7,10,7,9,6,16,11,11,17,15,11,15,17,19,32,27,29,30,33,49,55,73,92,138,240,1168,187,164,96,67,57,52,45,46,48,35,29,25,27,19,19,18,19,12,13,14,8,12,6,9,6,10,0,3,4,0,3,2],"bins":[-0.0006036009290255606,-0.0005843174294568598,-0.000565033929888159,-0.0005457504303194582,-0.0005264669889584184,-0.0005071834893897176,-0.0004878999898210168,-0.000468616490252316,-0.0004493329906836152,-0.0004300494911149144,-0.0004107659915462136,-0.0003914825210813433,-0.0003721990215126425,-0.0003529155219439417,-0.0003336320514790714,-0.0003143485519103706,-0.0002950650523416698,-0.000275781552772969,-0.0002564980532042682,-0.00023721458273939788,-0.0002179310831706971,-0.0001986475836019963,-0.00017936409858521074,-0.00016008061356842518,-0.0001407971139997244,-0.00012151362170698121,-0.00010223012941423804,-8.294663712149486e-05,-6.366314482875168e-05,-4.437965253600851e-05,-2.509616024326533e-05,-5.8126679505221546e-06,1.3470882549881935e-05,3.275437484262511e-05,5.203786713536829e-05,7.132135942811146e-05,9.060485172085464e-05,0.00010988834401359782,0.000129171836306341,0.00014845532132312655,0.00016773882089182734,0.00018702232046052814,0.0002063058054773137,0.00022558929049409926,0.00024487279006280005,0.00026415628963150084,0.0002834397600963712,0.00030272325966507196,0.00032200675923377275,0.00034129025880247355,0.00036057375837117434,0.00037985722883604467,0.00039914072840474546,0.00041842422797344625,0.0004377076984383166,0.0004569911980070174,0.00047627469757571816,0.000495558197144419,0.0005148416967131197,0.0005341251962818205,0.0005534086376428604,0.0005726921372115612,0.000591975636780262,0.0006112591363489628,0.0006305426359176636]},"gradients/lif_layers.0.rnn.bias_ih_l0":{"_type":"histogram","values":[1,0,0,0,0,1,0,0,1,0,1,1,0,0,0,1,1,0,1,13,0,0,2,1,1,0,0,0,0,1,0,0,2,1,0,0,0,0,0,0,0,0,0,0,0,0,0,0,1,0,0,0,0,0,0,0,0,0,0,0,0,0,0,2],"bins":[-0.0038704273756593466,-0.00367582100443542,-0.0034812146332114935,-0.003286608261987567,-0.0030920018907636404,-0.002897395519539714,-0.0027027891483157873,-0.0025081827770918608,-0.0023135764058679342,-0.0021189700346440077,-0.0019243636634200811,-0.0017297572921961546,-0.001535150920972228,-0.0013405445497483015,-0.001145938178524375,-0.0009513318073004484,-0.0007567254360765219,-0.0005621190648525953,-0.0003675126936286688,-0.00017290632240474224,2.1700048819184303e-05,0.00021630642004311085,0.0004109127912670374,0.0006055191624909639,0.0008001255337148905,0.000994731904938817,0.0011893382761627436,0.0013839446473866701,0.0015785510186105967,0.0017731573898345232,0.0019677637610584497,0.0021623701322823763,0.002356976270675659,0.0025515826418995857,0.0027461890131235123,0.002940795384347439,0.0031354017555713654,0.003330008126795292,0.0035246144980192184,0.003719220869243145,0.0039138272404670715,0.004108433611690998,0.004303039982914925,0.004497646354138851,0.004692252725362778,0.004886859096586704,0.005081465467810631,0.005276071839034557,0.005470678210258484,0.00566528458148241,0.005859890952706337,0.0060544973239302635,0.00624910369515419,0.006443710066378117,0.006638316437602043,0.00683292280882597,0.007027529180049896,0.007222135551273823,0.007416741922497749,0.007611348293721676,0.007805954664945602,0.008000561036169529,0.008195167407393456,0.008389773778617382,0.008584380149841309]},"graph_0":{"_type":"graph-file","sha256":"75e17ac666def90a7522a6a450da685e0f82687922e9a0b4877003042d1451c2","size":902,"path":"media/graph/graph_0_summary_75e17ac666def90a7522.graph.json"},"val_loss":0.11069890856742859,"trainer/global_step":724,"gradients/lif_layers.1.rnn.bias_hh_l0":{"values":[1,0,0,0,0,0,0,0,0,0,0,0,0,0,0,0,0,0,0,0,0,0,0,0,0,0,0,0,1,0,1,0,2,0,0,0,0,2,9,4,2,2,0,1,0,1,0,1,0,0,2,0,0,0,0,0,0,0,0,1,1,0,0,1],