{"gradients/linear1.weight":{"bins":[-0.02197296731173992,-0.021239032968878746,-0.02050509862601757,-0.019771164283156395,-0.01903722994029522,-0.018303295597434044,-0.01756936125457287,-0.016835426911711693,-0.016101490706205368,-0.015367557294666767,-0.014633622951805592,-0.013899688608944416,-0.013165753334760666,-0.01243181899189949,-0.011697884649038315,-0.01096395030617714,-0.010230015963315964,-0.009496081620454788,-0.008762147277593613,-0.008028212934732437,-0.007294278126209974,-0.006560343783348799,-0.005826408974826336,-0.00509247463196516,-0.004358540289103985,-0.0036246059462428093,-0.00289067137055099,-0.002156736794859171,-0.0014228024519979954,-0.000688867992721498,4.506646655499935e-05,0.0007790009258314967,0.001512935385107994,0.0022468697279691696,0.002980804303660989,0.003714738879352808,0.0044486732222139835,0.005182607565075159,0.005916542373597622,0.0066504767164587975,0.007384411059319973,0.008118345402181149,0.008852279745042324,0.0095862140879035,0.01032014936208725,0.011054083704948425,0.0117880180478096,0.012521952390670776,0.013255886733531952,0.013989821076393127,0.014723755419254303,0.015457689762115479,0.016191624104976654,0.01692555844783783,0.017659492790699005,0.01839342713356018,0.019127361476421356,0.01986129768192768,0.020595232024788857,0.021329166367650032,0.022063100710511208,0.022797035053372383,0.02353096939623356,0.024264903739094734,0.02499883808195591],"_type":"histogram","values":[1,0,1,0,0,1,1,4,3,2,2,2,1,0,2,5,4,3,6,4,16,27,22,38,48,51,64,64,109,2658,358,122,110,70,44,38,37,22,22,20,16,9,15,4,12,7,9,11,5,3,3,0,2,2,6,6,0,0,0,0,1,1,0,2]},"gradients/linear2.bias":{"_type":"histogram","values":[1,0,0,0,0,0,0,1,1,0,1,0,0,0,0,0,0,2,1,0,0,1,4,3,5,1,2,1,2,1,3,3,1,1,0,0,2,2,1,3,0,4,0,1,1,1,2,2,3,1,1,1,0,1,0,0,0,1,0,0,0,1,0,1],"bins":[-0.011918243952095509,-0.01156978216022253,-0.011221321299672127,-0.010872859507799149,-0.01052439771592617,-0.010175935924053192,-0.009827475063502789,-0.00947901327162981,-0.009130551479756832,-0.008782090619206429,-0.00843362882733345,-0.008085167035460472,-0.007736705709248781,-0.007388243917375803,-0.007039782591164112,-0.006691320799291134,-0.006342859473079443,-0.005994398146867752,-0.005645936354994774,-0.005297475028783083,-0.004949013236910105,-0.004600551910698414,-0.004252090118825436,-0.0039036287926137447,-0.00355516723357141,-0.0032067056745290756,-0.002858244115486741,-0.0025097825564444065,-0.0021613212302327156,-0.0018128595547750592,-0.0014643981121480465,-0.001115936553105712,-0.0007674749940633774,-0.0004190134641248733,-7.055193418636918e-05,0.0002779095957521349,0.000626371125690639,0.0009748326847329736,0.0013232941273599863,0.0016717556864023209,0.0020202172454446554,0.00236867880448699,0.0027171403635293245,0.003065601922571659,0.00341406324878335,0.0037625248078256845,0.004110986366868019,0.004459448158740997,0.004807909484952688,0.005156370811164379,0.005504832603037357,0.005853293929249048,0.0062017557211220264,0.006550217047333717,0.0068986788392066956,0.0072471401654183865,0.007595601491630077,0.007944063283503056,0.008292525075376034,0.008640985935926437,0.008989447727799416,0.009337909519672394,0.009686371311545372,0.010034832172095776,0.010383293963968754]},"trainer/global_step":374,"val_loss":0.12844067811965942,"gradients/linear0.weight":{"values":[1,0,0,0,0,0,0,0,0,0,0,0,0,0,0,0,0,0,0,0,1,0,0,0,0,0,0,0,0,0,0,0,2,2,3,2,1,0,3,0,4,4,25,1,1,3,2,1,1,0,1,0,1,0,1,1,0,0,0,0,0,1,0,2],"bins":[-0.10862056910991669,-0.10604246705770493,-0.10346436500549316,-0.1008862629532814,-0.09830816090106964,-0.09573006629943848,-0.09315196424722672,-0.09057386219501495,-0.08799576014280319,-0.08541765809059143,-0.08283955603837967,-0.08026145398616791,-0.07768335938453674,-0.07510525733232498,-0.07252715528011322,-0.06994905322790146,-0.0673709511756897,-0.06479284912347794,-0.062214747071266174,-0.05963664874434471,-0.05705854669213295,-0.05448044463992119,-0.051902346312999725,-0.049324244260787964,-0.0467461422085762,-0.04416804015636444,-0.04158993810415268,-0.039011839777231216,-0.036433737725019455,-0.033855635672807693,-0.03127753734588623,-0.02869943529367447,-0.026121340692043304,-0.023543238639831543,-0.02096513845026493,-0.01838703826069832,-0.015808936208486557,-0.01323083508759737,-0.010652733966708183,-0.008074632845818996,-0.00549653172492981,-0.0029184306040406227,-0.00034032948315143585,0.002237771637737751,0.004815872758626938,0.007393973879516125,0.009972075000405312,0.012550176121294498,0.015128277242183685,0.017706379294395447,0.02028447948396206,0.02286257967352867,0.025440681725740433,0.028018783777952194,0.030596883967518806,0.03317498415708542,0.03575308620929718,0.03833118826150894,0.0409092903137207,0.043487388640642166,0.04606549069285393,0.04864359274506569,0.05122169107198715,0.053799793124198914,0.056377895176410675],"_type":"histogram"},"gradients/linear0.bias":{"bins":[-0.06978193670511246,-0.06776612251996994,-0.06575030833482742,-0.0637344941496849,-0.06171868368983269,-0.05970286950469017,-0.05768705904483795,-0.055671244859695435,-0.05365543067455292,-0.0516396164894104,-0.04962380230426788,-0.047607991844415665,-0.04559217765927315,-0.04357636347413063,-0.04156055301427841,-0.039544738829135895,-0.03752892464399338,-0.03551311045885086,-0.033497296273708344,-0.031481485813856125,-0.029465671628713608,-0.02744985744357109,-0.025434045121073723,-0.023418232798576355,-0.021402418613433838,-0.01938660442829132,-0.017370792105793953,-0.01535497885197401,-0.013339165598154068,-0.011323352344334126,-0.009307539090514183,-0.007291725836694241,-0.005275920033454895,-0.0032601067796349525,-0.00124429352581501,0.0007715197280049324,0.002787332981824875,0.004803146235644817,0.00681895948946476,0.008834772743284702,0.010850585997104645,0.012866399250924587,0.01488221250474453,0.016898024827241898,0.018913839012384415,0.020929653197526932,0.0229454655200243,0.024961277842521667,0.026977092027664185,0.0289929062128067,0.03100871853530407,0.03302453085780144,0.035040345042943954,0.03705615922808647,0.03907196968793869,0.04108778387308121,0.043103598058223724,0.04511941224336624,0.04713522642850876,0.04915103688836098,0.051166851073503494,0.05318266525864601,0.05519847571849823,0.05721428990364075,0.059230104088783264],"_type":"histogram","values":[1,0,0,1,1,0,0,0,0,0,0,0,0,2,0,1,1,0,0,0,1,0,0,0,3,1,3,1,2,0,2,1,2,2,21,3,0,0,2,1,0,1,1,2,0,1,0,1,1,0,0,1,1,0,0,1,0,0,1,0,0,0,0,1]},"gradients/linear3.weight":{"values":[1,1,0,0,1,0,1,1,5,3,6,6,13,16,19,28,39,44,72,79,103,133,188,230,299,398,537,708,760,788,623,435,332,274,199,143,114,89,73,66,45,36,21,14,14,9,5,4,4,8,3,2,2,1,0,1,1,1,0,0,0,0,1,1],