{"_runtime":710,"train_loss":0.1033964529633522,"_timestamp":1.7609760755553613e+09,"gradients/lif_layers.0.rnn.weight_ih_l0":{"_type":"histogram","values":[1,0,0,0,0,0,0,0,1,0,0,0,2,1,1,0,0,0,4,3,6,9,13,10,46,111,2886,256,106,59,29,14,7,1,0,2,0,0,0,2,0,2,1,1,0,1,0,1,2,0,0,0,0,0,0,0,1,1,0,0,0,1,2,1],"bins":[-0.005998942535370588,-0.005776315927505493,-0.005553689785301685,-0.00533106317743659,-0.005108436569571495,-0.004885810427367687,-0.004663183819502592,-0.004440557677298784,-0.004217931069433689,-0.003995304461568594,-0.003772678319364786,-0.003550051711499691,-0.0033274253364652395,-0.003104798961430788,-0.002882172353565693,-0.0026595459785312414,-0.00243691960349679,-0.0022142932284623384,-0.001991666853427887,-0.0017690402455627918,-0.0015464138705283403,-0.0013237874954938889,-0.0011011610040441155,-0.0008785345708020031,-0.0006559081375598907,-0.00043328170431777835,-0.00021065527107566595,1.1971162166446447e-05,0.00023459759540855885,0.00045722402865067124,0.0006798504618927836,0.000902476895134896,0.0011251037940382957,0.0013477301690727472,0.0015703566605225205,0.0017929831519722939,0.0020156095270067453,0.002238235902041197,0.002460862509906292,0.0026834888849407434,0.002906115259975195,0.0031287416350096464,0.003351368010044098,0.003573994617909193,0.0037966209929436445,0.004019247367978096,0.004241873975843191,0.004464500118046999,0.004687126725912094,0.004909753333777189,0.005132379475980997,0.005355006083846092,0.0055776322260499,0.005800258833914995,0.00602288544178009,0.006245511583983898,0.006468138191848993,0.0066907647997140884,0.006913390941917896,0.007136017549782991,0.0073586441576480865,0.007581270299851894,0.0078038969077169895,0.008026523515582085,0.008249149657785892]},"_step":49,"graph_0":{"size":932,"path":"media/graph/graph_0_summary_8847bdb6ac876986531c.graph.json","_type":"graph-file","sha256":"8847bdb6ac876986531ca340b391fb56d89f8437be09a148edb4c335fc61468b"},"lr":0.0013869478134438396,"trainer/global_step":374,"gradients/lif_layers.1.rnn.bias_hh_l0":{"_type":"histogram","values":[1,0,0,0,0,0,0,0,0,0,1,0,0,0,0,1,0,0,2,2,0,1,3,5,1,6,6,10,17,377,11,8,4,11,5,9,3,2,1,1,4,2,1,1,3,1,1,0,1,2,1,0,3,1,0,0,0,0,0,0,0,2,0,1],"bins":[-0.002124496502801776,-0.0020522759296000004,-0.001980055123567581,-0.0019078344339504838,-0.0018356137443333864,-0.001763393054716289,-0.0016911723650991917,-0.0016189516754820943,-0.001546730985864997,-0.0014745104126632214,-0.001402289723046124,-0.0013300690334290266,-0.0012578483438119292,-0.0011856276541948318,-0.0011134069645777345,-0.001041186274960637,-0.0009689655853435397,-0.0008967448957264423,-0.000824524206109345,-0.0007523035164922476,-0.0006800828268751502,-0.0006078621954657137,-0.0005356415058486164,-0.000463420816231519,-0.0003912001266144216,-0.00031897943699732423,-0.00024675874738022685,-0.00017453808686695993,-0.00010231739724986255,-3.0096714908722788e-05,4.2123967432416975e-05,0.00011434464977355674,0.0001865653321146965,0.0002587860217317939,0.00033100671134889126,0.0004032273718621582,0.00047544806147925556,0.0005476687219925225,0.0006198894116096199,0.0006921101012267172,0.0007643307908438146,0.000836551480460912,0.0009087721700780094,0.0009809928014874458,0.0010532134911045432,0.0011254341807216406,0.001197654870338738,0.0012698755599558353,0.0013420962495729327,0.00141431693919003,0.0014865376288071275,0.0015587583184242249,0.0016309790080413222,0.0017031996976584196,0.001775420387275517,0.0018476410768926144,0.00191986165009439,0.001992082456126809,0.0020643030293285847,0.002136523835361004,0.0022087444085627794,0.0022809652145951986,0.002353185787796974,0.0024254065938293934,0.002497627167031169]},"epoch":24,"gradients/lif_layers.0.rnn.bias_hh_l0":{"_type":"histogram","values":[1,0,0,0,0,0,0,0,0,0,0,0,0,1,0,1,0,2,0,0,0,0,1,1,0,0,4,4,6,4,6,11,10,382,28,16,4,10,1,2,1,1,0,0,1,0,1,1,0,2,2,1,0,0,0,1,0,1,1,0,3,0,0,1],"bins":[-0.016932452097535133,-0.016434095799922943,-0.015935739502310753,-0.015437384136021137,-0.014939028769731522,-0.014440672472119331,-0.013942316174507141,-0.013443960808217525,-0.012945604510605335,-0.012447248212993145,-0.01194889284670353,-0.011450536549091339,-0.010952180251479149,-0.010453824885189533,-0.009955468587577343,-0.009457113221287727,-0.008958756923675537,-0.008460400626063347,-0.007962045259773731,-0.007463688962161541,-0.006965333130210638,-0.006466977298259735,-0.005968621000647545,-0.005470265168696642,-0.004971909336745739,-0.004473553504794836,-0.003975197672843933,-0.003476841375231743,-0.00297848554328084,-0.002480129711329937,-0.0019817736465483904,-0.0014834176981821656,-0.0009850608184933662,-0.0004867048701271415,1.165107823908329e-05,0.0005100070266053081,0.0010083629749715328,0.0015067189233377576,0.0020050748717039824,0.002503430936485529,0.003001786768436432,0.003500142600387335,0.003998498432338238,0.004496854729950428,0.004995210561901331,0.005493566393852234,0.005991922691464424,0.006490278523415327,0.00698863435536623,0.007486990187317133,0.007985346019268036,0.008483702316880226,0.008982058614492416,0.009480413980782032,0.009978770278394222,0.010477125644683838,0.010975481942296028,0.011473838239908218,0.011972193606197834,0.012470549903810024,0.01296890527009964,0.01346726156771183,0.01396561786532402,0.014463973231613636,0.014962329529225826]},"gradients/lif_layers.0.rnn.bias_ih_l0":{"values":[1,0,0,0,0,0,0,0,0,0,0,0,0,1,0,1,0,2,0,0,0,0,1,1,0,0,4,4,6,4,6,11,10,382,28,16,4,10,1,2,1,1,0,0,1,0,1,1,0,2,2,1,0,0,0,1,0,1,1,0,3,0,0,1],"bins":[-0.01693246141076088,-0.01643410511314869,-0.0159357488155365,-0.015437393449246883,-0.014939037151634693,-0.014440680854022503,-0.013942324556410313,-0.013443968258798122,-0.012945612892508507,-0.012447256594896317,-0.011948900297284126,-0.011450543999671936,-0.010952187702059746,-0.010453831404447556,-0.00995547603815794,-0.00945711974054575,-0.00895876344293356,-0.00846040714532137,-0.007962050847709179,-0.007463695015758276,-0.006965339183807373,-0.006466982886195183,-0.0059686265885829926,-0.00547027075663209,-0.004971914459019899,-0.004473558161407709,-0.003975202329456806,-0.003476846031844616,-0.0029784899670630693,-0.0024801339022815228,-0.0019817776046693325,-0.001483421539887786,-0.0009850654751062393,-0.0004867093521170318,1.1646770872175694e-05,0.0005100028938613832,0.0010083590168505907,0.0015067150816321373,0.0020050713792443275,0.002503427444025874,0.0030017835088074207,0.0035001395735889673,0.003998495638370514,0.004496851935982704,0.004995208233594894,0.005493564065545797,0.005991920363157988,0.0064902761951088905,0.006988632492721081,0.007486988790333271,0.007985345087945461,0.008483700454235077,0.008982056751847267,0.009480413049459457,0.009978769347071648,0.010477125644683838,0.010975481942296028,0.011473837308585644,0.011972193606197834,0.012470549903810024,0.012968906201422215,0.013467262499034405,0.01396561786532402,0.01446397416293621,0.014962330460548401],"_type":"histogram"},"gradients/lif_layers.1.rnn.weight_ih_l0":{"values":[1,0,0,0,1,0,0,2,0,1,1,0,0,4,3,1,1,5,2,1,18,35,76,12,43,130,166,213,868,259102,478,327,252,108,114,28,16,45,12,6,6,7,9,5,22,8,4,2,1,0,0,0,2,1,2,1,0,0,0,0,0,0,0,2],