{"lr":0.009025000035762787,"graph_0":{"_type":"graph-file","sha256":"b63eb9241be0d0a6773f40e56dd38b89acd0ff9a0c316a7cfb69b20fba650e1e","size":1423,"path":"media/graph/graph_0_summary_b63eb9241be0d0a6773f.graph.json"},"val_loss":0.1308436244726181,"_wandb":{"runtime":12},"trainer/global_step":29,"_runtime":12,"_step":3,"epoch":1,"_timestamp":1.7607117188424363e+09,"train_loss":0.13287214934825897}