{"trainer/global_step":29,"train_loss":0.25476977229118347,"epoch":1,"lr":0.009801000356674194,"graph_0":{"_type":"graph-file","sha256":"703b7337c984d75e14f14f17523c1e9debe19dc0629545aa3acfe1277015f207","size":1423,"path":"media/graph/graph_0_summary_703b7337c984d75e14f1.graph.json"},"_runtime":21,"_timestamp":1.760711215878173e+09,"_step":3,"val_loss":0.20959709584712982,"_wandb":{"runtime":21}}