{"epoch":1,"trainer/global_step":29,"lr":0.004900500178337097,"graph_0":{"size":1392,"path":"media/graph/graph_0_summary_07642d9a20ab2d4cec41.graph.json","_type":"graph-file","sha256":"07642d9a20ab2d4cec41c12395f0f835e21f3b07ec8f34d29e468127eb9ccfba"},"_wandb":{"runtime":8},"val_loss":0.13361172378063202,"_timestamp":1.7607116104920115e+09,"_runtime":8,"_step":3,"train_loss":0.1418417990207672}