{"_runtime":217,"gradients/hidden_layers.1.bias":{"_type":"histogram","values":[1,0,0,0,0,0,0,0,0,0,0,0,0,0,1,0,0,0,0,0,0,0,0,0,0,0,0,0,0,0,0,0,0,0,0,0,1,0,3,0,0,0,0,1,1,1,0,45,2,1,0,0,1,1,1,1,0,1,0,1,0,0,0,1],"bins":[-1.3161389827728271,-1.2885644435882568,-1.260990023612976,-1.2334154844284058,-1.205841064453125,-1.1782665252685547,-1.150692105293274,-1.1231175661087036,-1.0955431461334229,-1.0679686069488525,-1.0403941869735718,-1.0128196477890015,-0.9852452278137207,-0.9576707482337952,-0.9300962686538696,-0.9025217890739441,-0.8749473094940186,-0.8473727703094482,-0.8197982907295227,-0.7922238111495972,-0.7646493315696716,-0.7370748519897461,-0.7095003724098206,-0.681925892829895,-0.6543514132499695,-0.626776933670044,-0.5992024540901184,-0.5716279745101929,-0.5440534949302673,-0.5164790153503418,-0.48890453577041626,-0.4613300561904907,-0.4337555766105652,-0.40618109703063965,-0.3786066174507141,-0.3510321378707886,-0.32345765829086304,-0.2958831787109375,-0.26830869913101196,-0.24073420464992523,-0.2131597250699997,-0.18558524549007416,-0.15801076591014862,-0.13043628633022308,-0.10286179929971695,-0.07528731971979141,-0.04771283641457558,-0.02013835497200489,0.007436126470565796,0.03501060605049133,0.06258508563041687,0.090159572660923,0.11773405224084854,0.14530853927135468,0.1728830188512802,0.20045749843120575,0.2280319780111313,0.255606472492218,0.28318095207214355,0.3107554316520691,0.33832991123199463,0.36590439081192017,0.3934788703918457,0.42105334997177124,0.4486278295516968]},"gradients/hidden_layers.3.bias":{"_type":"histogram","values":[1,0,0,0,0,0,1,0,1,0,0,0,1,1,1,0,0,0,1,2,0,2,1,1,1,2,2,4,4,2,2,0,0,1,4,6,0,5,1,0,1,1,3,1,1,0,2,0,0,0,1,0,0,1,0,1,1,1,1,1,0,0,0,1],"bins":[-0.020012885332107544,-0.019334793090820312,-0.01865670084953308,-0.0179786067456007,-0.01730051450431347,-0.016622422263026237,-0.015944328159093857,-0.015266235917806625,-0.014588143676519394,-0.013910051435232162,-0.013231958262622356,-0.01255386509001255,-0.011875772848725319,-0.011197680607438087,-0.010519587434828281,-0.009841494262218475,-0.009163402020931244,-0.008485309779644012,-0.007807216607034206,-0.007129123900085688,-0.006451031193137169,-0.00577293848618865,-0.005094845779240131,-0.004416753072291613,-0.003738660365343094,-0.003060567658394575,-0.0023824749514460564,-0.0017043822444975376,-0.0010262895375490189,-0.0003481968306005001,0.00032989587634801865,0.0010079885832965374,0.0016860812902450562,0.002364173997193575,0.0030422667041420937,0.0037203594110906124,0.004398452118039131,0.00507654482498765,0.005754637531936169,0.006432730238884687,0.007110822945833206,0.007788915652781725,0.008467008359730244,0.00914510153234005,0.009823193773627281,0.010501286014914513,0.011179379187524319,0.011857472360134125,0.012535564601421356,0.013213656842708588,0.013891750015318394,0.0145698431879282,0.015247935429215431,0.015926027670502663,0.016604121774435043,0.017282214015722275,0.017960306257009506,0.018638398498296738,0.01931649073958397,0.01999458484351635,0.02067267708480358,0.021350769326090813,0.022028863430023193,0.022706955671310425,0.023385047912597656]},"_wandb":{"runtime":217},"trainer/global_step":724,"lr":0.0013869478134438396,"gradients/hidden_layers.0.bias":{"_type":"histogram","values":[1,0,0,0,0,0,1,0,0,0,0,0,0,0,0,2,0,2,0,0,0,1,0,1,2,4,3,3,2,1,2,27,4,0,0,1,0,0,0,0,0,0,0,0,1,0,1,0,0,0,0,0,0,1,0,0,0,0,0,1,0,1,0,2],"bins":[-6.128235816955566,-5.936161041259766,-5.744086265563965,-5.552011966705322,-5.3599371910095215,-5.167862415313721,-4.97578763961792,-4.783712863922119,-4.591638565063477,-4.399563789367676,-4.207489013671875,-4.015414237976074,-3.8233394622802734,-3.6312649250030518,-3.439190149307251,-3.2471156120300293,-3.0550408363342285,-2.8629660606384277,-2.670891523361206,-2.4788167476654053,-2.2867422103881836,-2.094667434692383,-1.902592658996582,-1.7105180025100708,-1.5184433460235596,-1.3263686895370483,-1.134294033050537,-0.9422192573547363,-0.7501446008682251,-0.5580699443817139,-0.36599522829055786,-0.17392054200172424,0.018154144287109375,0.210228830575943,0.4023035168647766,0.5943782329559326,0.7864528894424438,0.9785275459289551,1.1706023216247559,1.362676978111267,1.5547516345977783,1.7468262910842896,1.9389009475708008,2.1309757232666016,2.3230504989624023,2.515125036239624,2.707199811935425,2.8992743492126465,3.0913491249084473,3.283423900604248,3.4754984378814697,3.6675732135772705,3.859647750854492,4.051722526550293,4.243797302246094,4.4358720779418945,4.627946853637695,4.820021152496338,5.012095928192139,5.2041707038879395,5.39624547958374,5.588320255279541,5.780394554138184,5.972469329833984,6.164544105529785]},"gradients/output_layer.bias":{"bins":[-0.0009903272148221731,-0.0009665787220001221,-0.0009428301709704101,-0.0009190816781483591,-0.0008953331271186471,-0.000871584634296596,-0.0008478360832668841,-0.000824087590444833,-0.0008003390394151211,-0.00077659054659307,-0.0007528419955633581,-0.000729093502741307,-0.0007053449517115951,-0.000681596458889544,-0.000657847907859832,-0.000634099415037781,-0.000610350864008069,-0.000586602371186018,-0.0005628538783639669,-0.000539105327334255,-0.0005153568345122039,-0.000491608283482492,-0.00046785976155661047,-0.00044411123963072896,-0.0004203627468086779,-0.0003966142248827964,-0.0003728657029569149,-0.0003491171810310334,-0.0003253686591051519,-0.0003016201371792704,-0.0002778716152533889,-0.0002541230933275074,-0.00023037457140162587,-0.00020662604947574437,-0.00018287752754986286,-0.00015912900562398136,-0.00013538048369809985,-0.00011163196904817596,-8.788345439825207e-05,-6.413493247237056e-05,-4.038641054648906e-05,-1.663789043959696e-05,7.110629667295143e-06,3.085914795519784e-05,5.4607669881079346e-05,7.835619180696085e-05,0.00010210470645688474,0.00012585322838276625,0.00014960175030864775,0.00017335027223452926,0.00019709879416041076,0.00022084731608629227,0.00024459583801217377,0.0002683443599380553,0.0002920928818639368,0.0003158414037898183,0.00033958989661186934,0.00036333841853775084,0.00038708694046363235,0.00041083546238951385,0.00043458398431539536,0.00045833250624127686,0.00048208102816715837,0.0005058295791968703,0.0005295780720189214],"_type":"histogram","values":[1,1,0,0,0,2,0,3,3,2,3,0,6,0,3,4,2,1,2,0,2,1,2,1,2,1,4,1,3,3,6,3,3,2,1,1,1,3,1,2,1,2,1,2,0,3,1,4,1,1,1,0,0,2,1,1,0,0,0,2,0,0,0,1]},"val_loss":0.10871502757072449,"gradients/hidden_layers.2.bias":{"bins":[-0.08722742646932602,-0.08142639696598053,-0.07562536746263504,-0.06982434540987015,-0.06402331590652466,-0.05822228640317917,-0.05242125689983368,-0.04662023112177849,-0.040819201618433,-0.03501817211508751,-0.029217146337032318,-0.02341611683368683,-0.01761508919298649,-0.011814061552286148,-0.006013032980263233,-0.0002120048739016056,0.005589023232460022,0.011390050873160362,0.017191078513860703,0.022992108017206192,0.028793135657906532,0.03459416329860687,0.04039519280195236,0.04619621858000755,0.05199724808335304,0.05779827758669853,0.06359930336475372,0.06940033286809921,0.0752013623714447,0.08100239187479019,0.08680341392755508,0.09260444343090057,0.09840546548366547,0.10420649498701096,0.11000752449035645,0.11580854654312134,0.12160957604646683,0.12741060554981232,0.1332116276025772,0.1390126645565033,0.1448136866092682,0.15061472356319427,0.15641574561595917,0.16221676766872406,0.16801780462265015,0.17381882667541504,0.17961986362934113,0.18542088568210602,0.1912219226360321,0.197022944688797,0.2028239667415619,0.20862500369548798,0.21442602574825287,0.22022706270217896,0.22602808475494385,0.23182910680770874,0.23763014376163483,0.24343116581439972,0.2492322027683258,0.2550332248210907,0.2608342468738556,0.2666352689266205,0.27243632078170776,0.27823734283447266,0.28403836488723755],"_type":"histogram","values":[1,1,0,1,0,1,2,1,2,2,1,3,2,1,18,12,4,4,1,0,1,1,1,0,1,0,1,1,0,0,0,0,0,0,0,0,0,0,0,0,0,0,0,0,0,0,0,0,0,0,0,0,0,0,0,0,0,0,0,0,0,0,0,1]},"_step":49,