{"gradients/output_layer.weight":{"bins":[-0.0012167725944891572,-0.0011824679095298052,-0.001148163340985775,-0.001113858656026423,-0.001079553971067071,-0.001045249286107719,-0.001010944601148367,-0.0009766400326043367,-0.0009423353476449847,-0.0009080306626856327,-0.0008737260359339416,-0.0008394214091822505,-0.0008051167242228985,-0.0007708120392635465,-0.0007365074125118554,-0.0007022027857601643,-0.0006678981008008122,-0.0006335934158414602,-0.0005992887890897691,-0.000564984162338078,-0.000530679477378726,-0.000496374792419374,-0.0004620701656676829,-0.0004277655098121613,-0.00039346085395663977,-0.0003591561981011182,-0.00032485154224559665,-0.0002905468863900751,-0.00025624223053455353,-0.00022193757467903197,-0.0001876329188235104,-0.00015332826296798885,-0.00011902349069714546,-8.47188348416239e-05,-5.041417898610234e-05,-1.6109523130580783e-05,1.8195132724940777e-05,5.2499788580462337e-05,8.68044444359839e-05,0.00012110910029150546,0.00015541375614702702,0.00018971841200254858,0.00022402306785807014,0.0002583277237135917,0.00029263237956911325,0.0003269370354246348,0.0003612416912801564,0.00039554634713567793,0.0004298510029911995,0.00046415565884672105,0.0004984603147022426,0.0005327649414539337,0.0005670696264132857,0.0006013743113726377,0.0006356789381243289,0.00066998356487602,0.000704288249835372,0.000738592934794724,0.0007728975615464151,0.0008072021882981062,0.0008415068732574582,0.0008758115582168102,0.0009101161849685013,0.0009444208117201924,0.0009787254966795444],"_type":"histogram","values":[1,0,0,0,1,2,4,2,7,3,6,6,6,5,8,7,13,18,18,18,18,36,32,47,58,68,79,84,148,198,262,338,453,558,701,762,667,543,421,279,276,191,133,96,89,59,76,52,39,30,28,17,11,9,8,4,0,3,0,1,0,0,0,1]},"trainer/global_step":374,"_timestamp":1.7607793452069552e+09,"_step":49,"gradients/output_layer.bias":{"_type":"histogram","values":[1,2,4,1,1,2,0,0,0,0,3,2,2,1,0,2,2,0,1,1,0,1,2,3,2,1,1,4,1,4,5,1,0,4,4,3,4,5,1,3,5,3,3,3,1,1,4,0,1,0,0,1,1,0,1,0,0,1,0,0,0,0,0,1],"bins":[-0.0012898322893306613,-0.0012525733327493072,-0.0012153142597526312,-0.001178055303171277,-0.001140796230174601,-0.001103537273593247,-0.0010662783170118928,-0.0010290192440152168,-0.0009917602874338627,-0.0009545012726448476,-0.0009172422578558326,-0.0008799832430668175,-0.0008427242282778025,-0.0008054652134887874,-0.0007682062569074333,-0.0007309472421184182,-0.0006936882273294032,-0.0006564292125403881,-0.000619170197751373,-0.0005819112411700189,-0.0005446522263810039,-0.0005073932115919888,-0.00047013419680297375,-0.00043287521111778915,-0.0003956161963287741,-0.00035835718153975904,-0.00032109819585457444,-0.0002838391810655594,-0.00024658016627654433,-0.00020932118059135973,-0.00017206216580234468,-0.00013480316556524485,-9.754416532814503e-05,-6.0285161453066394e-05,-2.302615757798776e-05,1.4232846297090873e-05,5.1491850172169507e-05,8.875085040926933e-05,0.0001260098651982844,0.00016326886543538421,0.00020052786567248404,0.00023778686590958387,0.0002750458661466837,0.00031230488093569875,0.0003495638957247138,0.0003868228814098984,0.00042408189619891346,0.00046134088188409805,0.0004985998966731131,0.0005358589114621282,0.0005731179262511432,0.0006103768828324974,0.0006476358976215124,0.0006848949124105275,0.0007221539271995425,0.0007594129419885576,0.0007966719567775726,0.0008339309133589268,0.0008711899281479418,0.0009084489429369569,0.0009457079577259719,0.000982966972514987,0.0010202259290963411,0.001057485002093017,0.0010947439586743712]},"graph_0":{"_type":"graph-file","sha256":"a70905cc4a7d6ac9594794f42cd815c052f4303b9deaaec44b4685fb2deab699","size":1835,"path":"media/graph/graph_0_summary_a70905cc4a7d6ac95947.graph.json"},"val_loss":0.10966623574495316,"train_loss":0.11020375043153763,"epoch":24,"lr":0.002773895626887679,"gradients/hidden_layers.0.weight":{"_type":"histogram","values":[1,0,0,1,2,0,1,0,1,1,0,0,0,1,2,0,2,1,1,25,4,2,1,1,0,0,2,1,1,2,2,0,0,1,0,1,0,0,0,2,2,0,0,0,0,0,0,1,0,0,0,0,0,0,0,0,0,0,0,0,0,1,0,1],"bins":[-0.06536512821912766,-0.0620633140206337,-0.05876149982213974,-0.05545968562364578,-0.052157871425151825,-0.04885605350136757,-0.04555423930287361,-0.042252425104379654,-0.038950610905885696,-0.03564879670739174,-0.03234698250889778,-0.029045166447758675,-0.025743352249264717,-0.02244153805077076,-0.019139721989631653,-0.015837907791137695,-0.012536093592643738,-0.00923427939414978,-0.005932464264333248,-0.0026306496001780033,0.0006711650639772415,0.003972979728132486,0.007274794392287731,0.010576609522104263,0.01387842372059822,0.01718023791909218,0.020482052117586136,0.023783868178725243,0.0270856823772192,0.030387496575713158,0.033689312636852264,0.03699112683534622,0.04029293358325958,0.04359474778175354,0.0468965619802475,0.050198376178741455,0.05350019037723541,0.05680200830101967,0.060103822499513626,0.06340563297271729,0.06670744717121124,0.0700092688202858,0.07331108301877975,0.07661289721727371,0.07991471141576767,0.08321652561426163,0.08651833981275558,0.08982015401124954,0.0931219682097435,0.09642378240823746,0.09972559660673141,0.10302741080522537,0.10632922500371933,0.10963103920221329,0.11293285340070724,0.1162346675992012,0.11953648924827576,0.12283830344676971,0.12614011764526367,0.12944193184375763,0.1327437460422516,0.13604556024074554,0.1393473744392395,0.14264918863773346,0.14595100283622742]},"gradients/hidden_layers.2.weight":{"bins":[-0.014018571935594082,-0.013530110009014606,-0.013041648082435131,-0.012553185224533081,-0.012064723297953606,-0.01157626137137413,-0.011087799444794655,-0.01059933751821518,-0.010110875591635704,-0.009622412733733654,-0.009133950807154179,-0.008645488880574703,-0.008157026953995228,-0.007668564561754465,-0.00718010263517499,-0.006691640242934227,-0.006203178316354752,-0.005714716389775276,-0.0052262539975345135,-0.004737792070955038,-0.004249329678714275,-0.0037608677521348,-0.0032724058255553246,-0.0027839436661452055,-0.0022954815067350864,-0.0018070193473249674,-0.0013185573043301702,-0.000830095203127712,-0.00034163310192525387,0.00014682899927720428,0.0006352911004796624,0.0011237531434744596,0.0016122162342071533,0.0021006783936172724,0.0025891405530273914,0.003077602479606867,0.003566064639016986,0.004054526798427105,0.00454298872500658,0.005031451117247343,0.0055199130438268185,0.006008374970406294,0.006496837362647057,0.006985299289226532,0.007473761215806007,0.007962223142385483,0.008450686000287533,0.008939147926867008,0.009427609853446484,0.009916071780025959,0.010404533706605434,0.010892996564507484,0.01138145849108696,0.011869920417666435,0.01235838234424591,0.012846844270825386,0.013335306197404861,0.013823769055306911,0.014312230981886387,0.014800692908465862,0.015289154835045338,0.015777617692947388,0.016266079619526863,0.01675454154610634,0.017243003472685814],"_type":"histogram","values":[1,0,0,0,1,2,0,0,1,1,3,1,0,5,1,6,1,2,4,2,1,1,1,2,5,19,32,49,3626,88,30,28,34,16,16,13,16,15,4,17,10,8,6,3,6,1,5,1,1,0,1,4,0,0,0,0,0,0,2,1,0,0,2,1]},"gradients/hidden_layers.1.bias":{"_type":"histogram","values":[1,0,0,0,0,0,0,0,0,0,0,0,0,0,0,0,0,0,0,0,0,0,2,1,0,0,0,1,0,0,0,0,2,0,46,6,1,0,0,0,0,0,1,0,0,0,0,0,1,0,0,0,0,0,0,0,0,0,1,0,0,0,0,1],