{"_runtime":104,"gradients/linear2.weight":{"_type":"histogram","values":[2,1,0,1,2,1,1,5,3,5,8,15,25,21,37,41,40,58,84,109,180,398,1928,479,242,128,71,56,35,23,15,13,8,5,11,5,13,2,4,5,0,1,2,2,4,2,1,0,0,1,0,0,0,0,1,0,0,1,0,0,0,0,0,1],"bins":[-0.003142980858683586,-0.003004827769473195,-0.002866674680262804,-0.002728521591052413,-0.002590368501842022,-0.002452215412631631,-0.00231406232342124,-0.002175909234210849,-0.0020377561450004578,-0.0018996030557900667,-0.0017614499665796757,-0.0016232968773692846,-0.0014851437881588936,-0.0013469906989485025,-0.0012088376097381115,-0.0010706845205277205,-0.0009325314313173294,-0.0007943783421069384,-0.0006562252528965473,-0.0005180721636861563,-0.00037991907447576523,-0.00024176598526537418,-0.00010361289605498314,3.4540193155407906e-05,0.00017269328236579895,0.00031084637157619,0.00044899946078658104,0.0005871525499969721,0.0007253056392073631,0.0008634587284177542,0.0010016118176281452,0.0011397649068385363,0.00127791753038764,0.001416070619598031,0.001554223708808422,0.0016923767980188131,0.0018305298872292042,0.0019686829764395952,0.0021068360656499863,0.0022449891548603773,0.0023831422440707684,0.0025212953332811594,0.0026594484224915504,0.0027976015117019415,0.0029357546009123325,0.0030739076901227236,0.0032120607793331146,0.0033502138685435057,0.0034883669577538967,0.0036265200469642878,0.003764673136174679,0.00390282622538507,0.004040979314595461,0.004179132170975208,0.004317285493016243,0.004455438815057278,0.004593591671437025,0.0047317445278167725,0.004869897849857807,0.005008051171898842,0.005146204028278589,0.005284356884658337,0.005422510206699371,0.005560663528740406,0.005698816385120153]},"trainer/global_step":374,"lr":0.0007778213475830853,"val_loss":0.11886417120695114,"gradients/linear2.bias":{"values":[2,1,0,0,4,0,0,1,3,0,0,4,2,1,2,3,1,2,2,2,1,1,1,3,1,1,1,3,4,1,1,1,0,1,2,1,0,0,2,0,1,1,1,0,0,2,0,0,0,0,0,0,1,1,0,0,0,1,0,0,0,0,0,1],"bins":[-0.007318069227039814,-0.0070305997505784035,-0.006743130274116993,-0.006455660797655582,-0.006168191321194172,-0.005880722310394049,-0.005593252833932638,-0.005305783357471228,-0.005018313881009817,-0.004730844404548407,-0.004443374928086996,-0.0041559054516255856,-0.0038684362079948187,-0.003580966731533408,-0.0032934974879026413,-0.0030060280114412308,-0.0027185585349798203,-0.0024310890585184097,-0.002143619582056999,-0.0018561503384262323,-0.0015686808619648218,-0.0012812113855034113,-0.0009937420254573226,-0.000706272607203573,-0.0004188031889498234,-0.00013133377069607377,0.00015613564755767584,0.00044360506581142545,0.0007310744840651751,0.0010185439605265856,0.0013060133205726743,0.001593482680618763,0.0018809521570801735,0.002168421633541584,0.0024558911100029945,0.0027433603536337614,0.003030829830095172,0.0033182993065565825,0.0036057685501873493,0.00389323802664876,0.00418070750311017,0.004468176979571581,0.004755646456032991,0.005043115932494402,0.005330584943294525,0.005618054419755936,0.005905523896217346,0.006192993372678757,0.006480462849140167,0.006767932325601578,0.007055401802062988,0.007342871278524399,0.007630340754985809,0.00791781023144722,0.00820527970790863,0.008492749184370041,0.008780218660831451,0.009067687205970287,0.009355156682431698,0.009642626158893108,0.009930095635354519,0.01021756511181593,0.01050503458827734,0.01079250406473875,0.011079973541200161],"_type":"histogram"},"_timestamp":1.7607710490299609e+09,"gradients/linear1.bias":{"_type":"histogram","values":[1,0,1,0,0,0,0,0,2,0,0,0,0,1,1,0,1,1,0,0,1,1,1,2,1,1,14,9,1,2,1,2,1,4,0,1,2,0,4,2,3,1,0,0,0,0,0,1,0,0,0,0,0,0,0,0,0,0,0,0,0,0,0,1],"bins":[-0.03171314299106598,-0.030534805729985237,-0.029356468468904495,-0.028178133070468903,-0.02699979580938816,-0.02582145854830742,-0.024643123149871826,-0.023464785888791084,-0.022286448627710342,-0.0211081113666296,-0.01992977410554886,-0.018751438707113266,-0.017573101446032524,-0.016394764184951782,-0.015216427855193615,-0.014038091525435448,-0.012859754264354706,-0.011681417003273964,-0.010503080673515797,-0.00932474434375763,-0.008146407082676888,-0.006968070287257433,-0.005789733491837978,-0.004611396696418524,-0.003433059900999069,-0.0022547231055796146,-0.00107638631016016,0.00010195048525929451,0.001280287280678749,0.0024586240760982037,0.0036369608715176582,0.004815297666937113,0.005993634462356567,0.007171971257776022,0.008350308053195477,0.009528644382953644,0.010706981644034386,0.011885318905115128,0.013063655234873295,0.014241991564631462,0.015420328825712204,0.016598666086792946,0.017777003347873688,0.01895533874630928,0.020133676007390022,0.021312013268470764,0.022490348666906357,0.0236686859279871,0.02484702318906784,0.026025360450148582,0.027203697711229324,0.028382033109664917,0.02956037037074566,0.0307387076318264,0.03191704303026199,0.033095382153987885,0.03427371755242348,0.03545205295085907,0.03663039207458496,0.037808727473020554,0.038987062871456146,0.04016540199518204,0.04134373739361763,0.04252207651734352,0.043700411915779114]},"train_loss":0.11973684281110764,"gradients/linear3.weight":{"bins":[-0.0016044514486566186,-0.001557914074510336,-0.0015113765839487314,-0.0014648392098024487,-0.001418301835656166,-0.0013717643450945616,-0.001325226970948279,-0.0012786895968019962,-0.0012321521062403917,-0.001185614732094109,-0.0011390773579478264,-0.0010925399838015437,-0.0010460024932399392,-0.0009994651190936565,-0.000952927686739713,-0.0009063903125934303,-0.0008598528802394867,-0.0008133154478855431,-0.0007667780737392604,-0.0007202406413853168,-0.0006737032672390342,-0.0006271658348850906,-0.000580628402531147,-0.0005340910283848643,-0.00048755359603092074,-0.0004410161927808076,-0.0003944787895306945,-0.0003479413571767509,-0.00030140395392663777,-0.00025486655067652464,-0.00020832913287449628,-0.00016179171507246792,-0.00011525419540703297,-6.871678488096222e-05,-2.217937435489148e-05,2.4358036171179265e-05,7.089544669725001e-05,0.00011743285722332075,0.0001639702677493915,0.00021050768555141985,0.000257045088801533,0.0003035824920516461,0.00035011989530175924,0.00039665732765570283,0.00044319473090581596,0.0004897321341559291,0.0005362695665098727,0.0005828069406561553,0.0006293443730100989,0.0006758818053640425,0.0007224191795103252,0.0007689566118642688,0.0008154939860105515,0.000862031418364495,0.0009085688507184386,0.0009551062248647213,0.0010016437154263258,0.0010481810895726085,0.0010947184637188911,0.0011412558378651738,0.0011877933284267783,0.001234330702573061,0.0012808680767193437,0.0013274055672809482,0.0013739429414272308],"_type":"histogram","values":[1,0,0,1,0,1,1,0,2,2,5,6,3,6,8,6,14,18,19,32,45,40,61,58,89,121,141,153,217,271,331,369,464,526,617,612,467,385,310,279,246,170,184,149,115,88,81,67,57,43,23,32,23,13,9,6,2,7,0,2,1,0,0,1]},"_step":49,"graph_0":{"_type":"graph-file","sha256":"e9c6cdc30c1e7595d730b41f9e45a6d80b3bcbd52a2fbd16c4bcafc9b248b3b0","size":1392,"path":"media/graph/graph_0_summary_e9c6cdc30c1e7595d730.graph.json"},"gradients/linear3.bias":{"_type":"histogram","values":[1,0,0,0,0,0,0,0,0,1,1,0,1,0,1,0,1,1,2,0,5,2,1,0,1,2,4,1,3,3,3,5,1,4,2,0,1,3,5,0,2,1,5,2,0,4,1,2,3,4,0,3,1,4,5,1,0,1,2,2,0,0,0,2],