{"gradients/hidden_layers.0.bias":{"values":[1,1,0,0,0,0,0,0,0,0,1,1,0,0,0,0,0,2,3,4,3,3,2,4,3,3,45,7,3,5,4,3,2,3,1,3,1,3,4,1,3,2,1,0,1,0,0,1,0,0,1,1,0,0,0,0,0,0,1,0,0,0,0,1],"bins":[-0.16515249013900757,-0.1589692234992981,-0.15278594195842743,-0.14660267531871796,-0.1404193937778473,-0.13423612713813782,-0.12805284559726715,-0.12186957895755768,-0.11568630486726761,-0.10950303077697754,-0.10331975668668747,-0.0971364825963974,-0.09095321595668793,-0.08476994186639786,-0.07858666777610779,-0.07240339368581772,-0.06622011959552765,-0.06003684550523758,-0.05385357141494751,-0.04767030104994774,-0.04148702695965767,-0.0353037528693676,-0.02912048064172268,-0.02293720841407776,-0.01675393432378769,-0.010570661164820194,-0.004387388005852699,0.0017958851531147957,0.00797915831208229,0.014162431471049786,0.02034570463001728,0.0265289768576622,0.03271223604679108,0.038895510137081146,0.045078784227371216,0.05126205459237099,0.057445328682661057,0.06362859904766083,0.0698118731379509,0.07599514722824097,0.08217842131853104,0.0883616954088211,0.09454496949911118,0.10072824358940125,0.10691151022911072,0.11309478431940079,0.11927805840969086,0.12546133995056152,0.131644606590271,0.13782787322998047,0.14401115477085114,0.1501944214105606,0.15637770295143127,0.16256096959114075,0.1687442511320114,0.1749275177717209,0.18111079931259155,0.18729406595230103,0.1934773325920105,0.19966061413288116,0.20584388077259064,0.2120271623134613,0.21821042895317078,0.22439371049404144,0.23057697713375092],"_type":"histogram"},"_wandb":{"runtime":74},"_runtime":74,"epoch":24,"gradients/output_layer.weight":{"bins":[-0.04326501488685608,-0.04158054664731026,-0.03989608213305473,-0.03821161389350891,-0.03652714937925339,-0.034842681139707565,-0.03315821662545204,-0.03147374838590622,-0.029789283871650696,-0.028104815632104874,-0.0264203492552042,-0.024735882878303528,-0.023051416501402855,-0.021366950124502182,-0.01968248374760151,-0.017998017370700836,-0.016313550993800163,-0.01462908461689949,-0.012944618239998817,-0.011260151863098145,-0.009575685486197472,-0.007891218177974224,-0.006206751801073551,-0.004522285424172878,-0.0028378190472722054,-0.0011533525539562106,0.0005311139393597841,0.0022155805490911007,0.0039000469259917736,0.0055845133028924465,0.007268980145454407,0.00895344652235508,0.010637912899255753,0.012322379276156425,0.014006845653057098,0.01569131202995777,0.017375778406858444,0.019060244783759117,0.02074471116065979,0.022429177537560463,0.024113643914461136,0.025798112154006958,0.02748257853090763,0.029167044907808304,0.030851511284708977,0.03253597766160965,0.03422044217586517,0.035904910415410995,0.03758937865495682,0.03927384316921234,0.04095831140875816,0.04264277592301369,0.04432724416255951,0.04601170867681503,0.047696176916360855,0.04938064143061638,0.0510651096701622,0.052749574184417725,0.05443404242396355,0.05611850693821907,0.05780297517776489,0.059487439692020416,0.06117190793156624,0.06285637617111206,0.06454084068536758],"_type":"histogram","values":[2,2,2,0,1,4,5,1,5,3,2,13,11,22,25,36,36,50,100,195,314,556,944,1356,1822,1939,1419,1186,834,548,421,320,216,183,152,147,96,68,73,52,40,38,27,26,27,8,10,12,7,8,2,9,3,4,5,2,2,1,1,1,1,1,1,3]},"lr":7.178980013122782e-05,"_timestamp":1.7607749014876873e+09,"_step":49,"graph_0":{"sha256":"96b45b939fb64958a4f74143f3d5d1ec24c7df7f85f80bc633d232f357b6a6a4","size":1076,"path":"media/graph/graph_0_summary_96b45b939fb64958a4f7.graph.json","_type":"graph-file"},"val_loss":0.35598668456077576,"gradients/hidden_layers.1.bias":{"values":[1,0,0,0,0,1,1,0,0,1,1,1,0,2,2,2,1,1,3,2,1,1,6,6,7,5,4,4,2,5,8,1,5,6,5,3,4,3,5,1,3,3,2,2,4,4,3,2,1,0,0,0,0,2,0,0,0,0,0,0,0,0,0,1],"bins":[-0.08295676112174988,-0.08033891767263412,-0.07772107422351837,-0.07510323077440262,-0.07248538732528687,-0.06986754387617111,-0.06724970042705536,-0.0646318569779396,-0.06201401352882385,-0.0593961700797081,-0.056778326630592346,-0.05416048318147659,-0.05154263973236084,-0.04892479628324509,-0.046306952834129333,-0.04368910938501358,-0.04107126593589783,-0.038453422486782074,-0.03583557903766632,-0.03321773558855057,-0.030599892139434814,-0.02798204869031906,-0.025364205241203308,-0.022746361792087555,-0.020128518342971802,-0.01751067489385605,-0.014892831444740295,-0.012274987995624542,-0.009657144546508789,-0.007039301097393036,-0.004421457648277283,-0.0018036141991615295,0.0008142217993736267,0.00343206524848938,0.006049908697605133,0.008667752146720886,0.01128559559583664,0.013903439044952393,0.016521282494068146,0.0191391259431839,0.021756969392299652,0.024374812841415405,0.02699265629053116,0.02961049973964691,0.032228343188762665,0.03484618663787842,0.03746403008699417,0.040081873536109924,0.04269971698522568,0.04531756043434143,0.047935403883457184,0.05055324733257294,0.05317109078168869,0.05578893423080444,0.0584067776799202,0.06102462112903595,0.0636424645781517,0.06626030802726746,0.06887815147638321,0.07149599492549896,0.07411383837461472,0.07673168182373047,0.07934952527284622,0.08196736872196198,0.08458521217107773],"_type":"histogram"},"train_loss":0.35830822587013245,"gradients/output_layer.bias":{"bins":[-0.016863252967596054,-0.016412004828453064,-0.015960758551955223,-0.015509511344134808,-0.015058264136314392,-0.014607016928493977,-0.014155769720673561,-0.013704522512853146,-0.01325327530503273,-0.01280202716588974,-0.012350779958069324,-0.011899532750248909,-0.011448285542428493,-0.010997038334608078,-0.010545791126787663,-0.010094543918967247,-0.009643296711146832,-0.009192049503326416,-0.008740802295506,-0.008289555087685585,-0.00783830787986517,-0.007387060206383467,-0.006935812998563051,-0.006484565790742636,-0.00603331858292222,-0.005582071375101805,-0.005130824167281389,-0.004679576959460974,-0.004228329285979271,-0.003777082310989499,-0.00332583487033844,-0.0028745876625180244,-0.0024233413860201836,-0.001972094178199768,-0.0015208468539640307,-0.0010695995297282934,-0.0006183523219078779,-0.0001671050558798015,0.0002841422101482749,0.0007353894761763513,0.0011866367422044277,0.0016378839500248432,0.0020891311578452587,0.002540378598496318,0.0029916258063167334,0.003442873014137149,0.003894120454788208,0.0043453676626086235,0.004796614870429039,0.0052478620782494545,0.00569910928606987,0.0061503564938902855,0.006601603701710701,0.007052851375192404,0.007504098583012819,0.007955345325171947,0.008406592532992363,0.008857840672135353,0.009309087879955769,0.009760335087776184,0.0102115822955966,0.010662829503417015,0.01111407671123743,0.011565323919057846,0.012016571126878262],"_type":"histogram","values":[1,0,0,1,0,2,0,1,0,1,0,0,4,2,1,1,4,2,1,1,3,2,4,2,3,4,2,2,0,3,6,3,3,3,1,4,2,3,2,0,1,2,1,3,2,1,2,1,2,0,3,1,0,0,1,0,1,0,1,3,0,0,0,1]},"gradients/hidden_layers.0.weight":{"values":[1,0,0,0,0,0,0,0,0,0,0,0,0,0,0,0,0,0,1,0,0,0,2,0,1,1,0,1,2,2,2,2,2,2,2,7,2,5,51,8,4,6,4,1,1,2,2,2,2,1,3,1,1,0,0,1,0,1,0,0,0,0,1,1],