{"graph_0":{"_type":"graph-file","sha256":"1812e1ef2f53a688bc0b9f3ea37badc3a06a1b5d598c50569fa31b03f51ab3a2","size":1423,"path":"media/graph/graph_0_summary_1812e1ef2f53a688bc0b.graph.json"},"lr":0.004900500178337097,"_wandb":{"runtime":12},"_runtime":12,"trainer/global_step":29,"train_loss":0.1307125687599182,"_timestamp":1.7607115295579672e+09,"_step":3,"val_loss":0.12881885468959808,"epoch":1}