{"lr":0.000980100012384355,"graph_0":{"_type":"graph-file","sha256":"187ac5cc4d6bd363e821c6bd6cafd5720898043945f777487a2a9d58c8cf395c","size":1392,"path":"media/graph/graph_0_summary_187ac5cc4d6bd363e821.graph.json"},"val_loss":0.17006853222846985,"trainer/global_step":29,"train_loss":0.1871575117111206,"_step":3,"_timestamp":1.760711166258385e+09,"_wandb":{"runtime":8},"_runtime":8,"epoch":1}