{"_runtime":22,"train_loss":0.14458943903446198,"val_loss":0.13842952251434326,"trainer/global_step":29,"graph_0":{"_type":"graph-file","sha256":"1b4e437646a5f5541c78297837a98b2e4edda564c24ec52acc8c689bdfca87f8","size":1423,"path":"media/graph/graph_0_summary_1b4e437646a5f5541c78.graph.json"},"_timestamp":1.7607114609155664e+09,"_wandb":{"runtime":22},"_step":3,"epoch":1,"lr":0.000980100012384355}