{"val_loss":0.13878628611564636,"_wandb":{"runtime":77},"train_loss":0.13757887482643127,"lr":0.000277389568509534,"gradients/output_layer.weight":{"_type":"histogram","values":[1,0,0,2,0,2,3,8,9,15,23,23,38,42,52,58,81,127,174,177,271,321,474,664,915,1122,1307,1421,1278,1085,852,747,576,384,327,213,173,111,82,59,40,34,27,13,14,12,7,4,9,8,1,0,1,4,3,3,0,2,0,0,0,0,0,1],"bins":[-0.003047873033210635,-0.0029369574040174484,-0.002826041541993618,-0.0027151259128004313,-0.0026042102836072445,-0.002493294421583414,-0.0023823787923902273,-0.0022714631631970406,-0.00216054730117321,-0.0020496316719800234,-0.0019387160427868366,-0.001827800297178328,-0.0017168845515698195,-0.0016059689223766327,-0.001495053176768124,-0.0013841375475749373,-0.0012732218019664288,-0.0011623060563579202,-0.0010513904271647334,-0.0009404746815562248,-0.0008295589941553771,-0.0007186433067545295,-0.0006077275611460209,-0.0004968118737451732,-0.00038589618634432554,-0.00027498049894347787,-0.00016406478243879974,-5.314908048603684e-05,5.7766621466726065e-05,0.00016868232341948897,0.00027959802537225187,0.00039051374187693,0.0005014296621084213,0.000612345349509269,0.0007232610369101167,0.0008341767825186253,0.0009450924699194729,0.0010560081573203206,0.0011669239029288292,0.001277839532122016,0.0013887552777305245,0.0014996710233390331,0.0016105866525322199,0.0017215023981407285,0.001832418143749237,0.0019433337729424238,0.0020542494021356106,0.002165165264159441,0.0022760808933526278,0.0023869965225458145,0.002497912384569645,0.0026088280137628317,0.0027197436429560184,0.002830659504979849,0.0029415751341730356,0.0030524907633662224,0.003163406625390053,0.0032743222545832396,0.0033852378837764263,0.003496153512969613,0.0036070693749934435,0.0037179850041866302,0.003828900633379817,0.003939816262573004,0.004050732124596834]},"trainer/global_step":199,"_step":49,"epoch":24,"gradients/hidden_layers.0.weight":{"_type":"histogram","values":[1,0,0,0,0,0,0,0,0,0,1,1,0,0,1,1,1,2,0,1,0,1,0,0,3,1,3,0,5,1,0,3,2,4,0,3,4,46,8,4,6,2,1,6,1,2,0,1,2,2,0,1,3,0,1,1,1,0,0,0,0,0,0,1],"bins":[-0.029547903686761856,-0.028765466064214706,-0.027983030304312706,-0.027200592681765556,-0.026418156921863556,-0.025635719299316406,-0.024853283539414406,-0.024070845916867256,-0.023288410156965256,-0.022505972534418106,-0.021723534911870956,-0.020941099151968956,-0.020158661529421806,-0.019376225769519806,-0.018593788146972656,-0.017811352387070656,-0.017028914764523506,-0.016246477141976357,-0.015464041382074356,-0.014681604690849781,-0.013899167999625206,-0.013116730377078056,-0.012334293685853481,-0.011551856994628906,-0.010769420303404331,-0.009986983612179756,-0.009204546920955181,-0.008422110229730606,-0.007639673072844744,-0.006857236381620169,-0.006074799224734306,-0.005292362533509731,-0.004509923979640007,-0.003727487288415432,-0.0029450503643602133,-0.0021626134403049946,-0.0013801767490804195,-0.0005977399414405227,0.0001846968661993742,0.0009671336738392711,0.001749570481479168,0.002532007172703743,0.0033144440967589617,0.00409688102081418,0.004879317712038755,0.0056617544032633305,0.006444191560149193,0.007226628251373768,0.008009064942598343,0.008791501633822918,0.009573938325047493,0.010356375016272068,0.011138811707496643,0.011921249330043793,0.012703686021268368,0.013486122712492943,0.014268559403717518,0.015050996094942093,0.015833433717489243,0.016615869477391243,0.017398307099938393,0.018180742859840393,0.018963180482387543,0.019745616242289543,0.020528053864836693]},"graph_0":{"_type":"graph-file","sha256":"44936df16480718b98a6d4c83f5959377b7a67c348c6cfc4cd1b75bffa9af863","size":1076,"path":"media/graph/graph_0_summary_44936df16480718b98a6.graph.json"},"_runtime":77,"gradients/hidden_layers.1.weight":{"values":[2,3,5,2,4,1,1,4,4,7,4,6,4,13,22,43,27,23,54,53,86,130,118,109,128,125,151,190,204,250,371,483,817,7410,1643,815,602,441,452,359,247,124,130,106,123,79,61,60,44,35,40,26,24,18,13,19,6,21,28,4,2,3,2,3],"bins":[-0.01185658574104309,-0.011507369577884674,-0.011158153414726257,-0.01080893725156784,-0.010459721088409424,-0.010110504925251007,-0.00976128876209259,-0.009412072598934174,-0.009062856435775757,-0.00871364027261734,-0.008364424109458923,-0.008015207946300507,-0.00766599178314209,-0.007316775619983673,-0.006967559456825256,-0.00661834329366684,-0.006269127130508423,-0.005919910967350006,-0.005570694804191589,-0.005221478641033173,-0.004872262477874756,-0.004523046314716339,-0.004173830151557922,-0.0038246139883995056,-0.003475397825241089,-0.003126181662082672,-0.0027769654989242554,-0.0024277493357658386,-0.002078533172607422,-0.0017293170094490051,-0.0013801008462905884,-0.0010308846831321716,-0.0006816675886511803,-0.0003324514254927635,1.676473766565323e-05,0.00036598090082407,0.0007151970639824867,0.0010644132271409035,0.0014136293902993202,0.001762845553457737,0.0021120617166161537,0.0024612778797745705,0.002810494042932987,0.003159710206091404,0.0035089263692498207,0.0038581425324082375,0.004207358695566654,0.004556574858725071,0.004905791021883488,0.0052550071850419044,0.005604223348200321,0.005953439511358738,0.006302655674517155,0.0066518718376755714,0.007001088000833988,0.007350304163992405,0.007699520327150822,0.008048736490309238,0.008397952653467655,0.008747168816626072,0.009096384979784489,0.009445601142942905,0.009794817306101322,0.010144033469259739,0.010493249632418156],"_type":"histogram"},"gradients/hidden_layers.1.bias":{"bins":[-0.01176205463707447,-0.011412441730499268,-0.01106282789260149,-0.010713214986026287,-0.01036360114812851,-0.010013988241553307,-0.009664375334978104,-0.009314761497080326,-0.008965148590505123,-0.00861553568392992,-0.008265921846032143,-0.00791630893945694,-0.0075666955672204494,-0.007217082194983959,-0.006867469288408756,-0.006517855916172266,-0.006168242543935776,-0.0058186291716992855,-0.005469015799462795,-0.005119402892887592,-0.004769789520651102,-0.004420176148414612,-0.004070563241839409,-0.0037209498696029186,-0.0033713364973664284,-0.003021723125129938,-0.0026721099857240915,-0.002322496846318245,-0.0019728834740817547,-0.0016232702182605863,-0.0012736569624394178,-0.0009240437066182494,-0.0005744295194745064,-0.00022481626365333796,0.00012479699216783047,0.0004744102479889989,0.0008240235038101673,0.0011736367596313357,0.0015232500154525042,0.0018728632712736726,0.002222476527094841,0.0025720898993313313,0.002921703038737178,0.0032713161781430244,0.0036209295503795147,0.003970542922616005,0.004320155829191208,0.004669769201427698,0.005019382573664188,0.005368995945900679,0.005718609318137169,0.006068222224712372,0.006417835596948862,0.006767448969185352,0.007117061875760555,0.0074666752479970455,0.007816288620233536,0.008165901526808739,0.008515515364706516,0.00886512827128172,0.009214742109179497,0.0095643550157547,0.009913967922329903,0.01026358176022768,0.010613194666802883],"_type":"histogram","values":[1,0,0,0,0,0,0,1,0,0,0,0,1,1,3,0,1,3,3,2,4,2,1,2,3,4,2,1,3,4,3,6,6,3,4,4,8,2,7,8,5,2,3,5,1,0,4,3,0,1,3,2,0,1,0,1,0,2,1,0,0,0,0,1]},"gradients/hidden_layers.0.bias":{"_type":"histogram","values":[1,0,0,0,0,0,0,0,0,0,0,0,2,4,0,1,3,1,1,0,1,1,2,3,2,0,2,4,3,2,2,1,1,4,3,43,2,3,3,2,2,5,2,4,1,0,1,0,2,3,1,2,0,0,0,0,1,1,0,1,2,0,1,2],