{"_wandb":{"runtime":86},"gradients/hidden_layers.0.weight":{"bins":[-0.02362130396068096,-0.022753996774554253,-0.021886689588427544,-0.021019382402300835,-0.020152073353528976,-0.019284766167402267,-0.01841745898127556,-0.01755015179514885,-0.01668284460902214,-0.01581553742289543,-0.014948230236768723,-0.014080922119319439,-0.01321361493319273,-0.012346307747066021,-0.011478999629616737,-0.010611692443490028,-0.00974438525736332,-0.00887707807123661,-0.008009770885109901,-0.007142462767660618,-0.006275155581533909,-0.0054078483954072,-0.004540540743619204,-0.003673233324661851,-0.0028059259057044983,-0.0019386184867471457,-0.001071311067789793,-0.00020400364883244038,0.0006633037701249123,0.001530611189082265,0.0023979186080396175,0.00326522602699697,0.004132535308599472,0.004999842494726181,0.005867150146514177,0.006734457798302174,0.007601764984428883,0.008469072170555592,0.009336380288004875,0.010203687474131584,0.011070994660258293,0.011938301846385002,0.012805609032511711,0.013672917149960995,0.014540224336087704,0.015407531522214413,0.016274839639663696,0.017142146825790405,0.018009454011917114,0.018876761198043823,0.019744068384170532,0.02061137557029724,0.02147868275642395,0.02234599180519581,0.023213298991322517,0.024080606177449226,0.024947913363575935,0.025815220549702644,0.026682527735829353,0.027549834921956062,0.02841714397072792,0.02928445115685463,0.03015175834298134,0.031019065529108047,0.031886372715234756],"_type":"histogram","values":[1,0,0,0,0,1,0,1,0,0,0,0,0,0,2,4,0,0,0,1,2,3,1,3,7,5,5,49,9,3,4,1,4,4,1,2,1,3,0,1,2,1,2,0,1,0,1,0,2,0,0,0,0,0,0,0,0,0,0,0,0,0,0,1]},"gradients/output_layer.bias":{"values":[4,1,1,0,0,2,1,2,1,2,2,1,0,0,0,0,1,2,2,2,2,3,3,5,3,5,1,2,2,1,2,4,3,2,0,2,1,2,4,2,0,3,4,2,1,3,4,0,1,0,0,1,2,0,1,1,0,0,0,1,1,0,1,1],"bins":[-0.0011458976659923792,-0.001111301127821207,-0.001076704589650035,-0.001042107935063541,-0.0010075113968923688,-0.0009729148587211967,-0.0009383183205500245,-0.0009037217241711915,-0.0008691251860000193,-0.0008345286478288472,-0.0007999320514500141,-0.000765335513278842,-0.0007307389751076698,-0.0006961423787288368,-0.0006615458405576646,-0.0006269492441788316,-0.0005923527060076594,-0.0005577561678364873,-0.0005231595714576542,-0.0004885630332864821,-0.0004539664660114795,-0.0004193698987364769,-0.00038477336056530476,-0.00035017679329030216,-0.00031558022601529956,-0.00028098365874029696,-0.00024638709146529436,-0.00021179055329412222,-0.00017719398601911962,-0.00014259741874411702,-0.00010800086602102965,-7.340430602198467e-05,-3.880786243826151e-05,-4.211302439216524e-06,3.038525755982846e-05,6.498181755887344e-05,9.957837755791843e-05,0.00013417494483292103,0.0001687714975560084,0.00020336805027909577,0.00023796461755409837,0.00027256118482910097,0.00030715775210410357,0.0003417542902752757,0.0003763508575502783,0.0004109474248252809,0.00044554396299645305,0.00048014053027145565,0.0005147370975464582,0.0005493336357176304,0.0005839302320964634,0.0006185267702676356,0.0006531233666464686,0.0006877199048176408,0.0007223164429888129,0.000756913039367646,0.0007915095775388181,0.0008261061157099903,0.0008607027120888233,0.0008952992502599955,0.0009298957884311676,0.0009644923848100007,0.0009990889811888337,0.0010336855193600059,0.001068282057531178],"_type":"histogram"},"graph_0":{"path":"media/graph/graph_0_summary_40b3c629c7bc41396652.graph.json","_type":"graph-file","sha256":"40b3c629c7bc41396652bc70837bfab353638c03cda3f84177d4e9fe3e37cc65","size":1076},"epoch":24,"gradients/hidden_layers.0.bias":{"values":[1,1,0,0,0,0,0,1,3,1,0,1,0,0,0,1,1,3,2,2,6,1,3,1,6,49,4,3,5,3,2,2,3,2,1,3,1,1,0,2,1,1,2,0,3,0,0,0,0,2,1,1,0,0,0,0,0,0,0,0,0,1,0,1],"bins":[-0.026257125660777092,-0.025241339579224586,-0.02422555536031723,-0.023209769278764725,-0.02219398319721222,-0.021178198978304863,-0.020162412896752357,-0.019146626815199852,-0.018130842596292496,-0.01711505651473999,-0.016099270433187485,-0.015083485282957554,-0.014067700132727623,-0.013051914051175117,-0.012036128900945187,-0.011020342819392681,-0.01000455766916275,-0.00898877251893282,-0.007972986437380314,-0.006957201287150383,-0.005941415671259165,-0.004925630055367947,-0.003909844905138016,-0.0028940592892467976,-0.0018782736733555794,-0.000862488173879683,0.00015329732559621334,0.0011690828250721097,0.002184868324548006,0.0032006539404392242,0.004216439090669155,0.005232224706560373,0.006248012185096741,0.007263797800987959,0.008279583416879177,0.009295368567109108,0.010311154648661613,0.011326939798891544,0.012342724949121475,0.01335851103067398,0.014374296180903912,0.015390081331133842,0.016405867412686348,0.017421653494238853,0.01843743771314621,0.019453223794698715,0.02046900987625122,0.021484794095158577,0.022500580176711082,0.023516366258263588,0.024532150477170944,0.02554793655872345,0.026563722640275955,0.02757950685918331,0.028595292940735817,0.029611079022288322,0.03062686324119568,0.031642649322748184,0.03265843540430069,0.033674221485853195,0.0346900075674057,0.03570578992366791,0.03672157600522041,0.03773736208677292,0.038753148168325424],"_type":"histogram"},"gradients/hidden_layers.1.bias":{"values":[2,0,0,0,0,0,2,0,0,1,2,2,1,0,0,0,3,2,1,2,2,6,3,3,2,2,1,1,2,4,1,1,4,2,1,3,5,4,7,5,8,4,1,5,0,2,1,5,3,1,2,3,1,3,3,3,0,1,1,0,1,0,1,2],"bins":[-0.007566618267446756,-0.007346901576966047,-0.0071271853521466255,-0.0069074686616659164,-0.006687752436846495,-0.006468035746365786,-0.006248319521546364,-0.006028602831065655,-0.005808886140584946,-0.005589169915765524,-0.005369453225284815,-0.005149737000465393,-0.004930020309984684,-0.004710304085165262,-0.004490587394684553,-0.004270871169865131,-0.004051154479384422,-0.003831438021734357,-0.0036117215640842915,-0.003392005106434226,-0.0031722886487841606,-0.0029525719583034515,-0.002732855500653386,-0.0025131390430033207,-0.0022934225853532553,-0.00207370612770319,-0.0018539896700531244,-0.0016342730959877372,-0.0014145566383376718,-0.0011948401806876063,-0.00097512366482988,-0.0007554071489721537,-0.0005356911569833755,-0.00031597467022947967,-9.625818347558379e-05,0.0001234583032783121,0.00034317479003220797,0.0005628912476822734,0.0007826077635399997,0.001002324279397726,0.0012220407370477915,0.001441757194697857,0.0016614736523479223,0.0018811902264133096,0.002100906800478697,0.0023206232581287622,0.0025403397157788277,0.002760056173428893,0.0029797726310789585,0.003199489088729024,0.0034192055463790894,0.0036389220040291548,0.00385863846167922,0.004078355152159929,0.004298071376979351,0.00451778806746006,0.004737504757940769,0.004957220982760191,0.0051769376732409,0.005396653898060322,0.005616370588541031,0.005836086813360453,0.006055803503841162,0.0062755197286605835,0.006495236419141293],"_type":"histogram"},"val_loss":0.12265718728303909,"_runtime":86,"lr":0.0003589490079320967,"_step":49,