{"graph_0":{"_type":"graph-file","sha256":"ade7dda5670d8f41e09ba5480385c6f96fa016d5215eddb52e1c9513d2bf6149","size":1558,"path":"media/graph/graph_0_summary_ade7dda5670d8f41e09b.graph.json"},"_wandb":{"runtime":310},"_runtime":310,"epoch":0,"trainer/global_step":14,"_timestamp":1.7606948078211079e+09,"_step":0,"val_loss":0.14970123767852783}