{"trainer/global_step":29,"train_loss":0.1437271684408188,"_runtime":12,"epoch":1,"lr":0.000980100012384355,"graph_0":{"_type":"graph-file","sha256":"3ab15e9287161b6b5717e70d83a4082aa62f14b435931923ca114e2add87343a","size":1423,"path":"media/graph/graph_0_summary_3ab15e9287161b6b5717.graph.json"},"_wandb":{"runtime":12},"_timestamp":1.760711118605127e+09,"_step":3,"val_loss":0.13871271908283234}