{"lr":0.0038891069125384092,"gradients/hidden_layers.3.weight":{"bins":[-0.0014173665549606085,-0.0013656491646543145,-0.0013139317743480206,-0.0012622145004570484,-0.0012104971101507545,-0.0011587797198444605,-0.0011070623295381665,-0.0010553449392318726,-0.0010036276653409004,-0.0009519102168269455,-0.0009001928847283125,-0.0008484754944220185,-0.0007967581041157246,-0.0007450407720170915,-0.0006933233817107975,-0.0006416060496121645,-0.0005898886593058705,-0.0005381712689995766,-0.0004864539369009435,-0.00043473654659464955,-0.00038301918539218605,-0.00033130182418972254,-0.0002795844338834286,-0.00022786707268096507,-0.00017614971147850156,-0.00012443235027603805,-7.271497452165931e-05,-2.0997606043238193e-05,3.071976243518293e-05,8.243713091360405e-05,0.00013415449939202517,0.0001858718751464039,0.0002375891199335456,0.0002893064811360091,0.0003410238423384726,0.00039274123264476657,0.0004444585938472301,0.0004961759550496936,0.0005478933453559875,0.0005996106774546206,0.0006513280677609146,0.0007030454580672085,0.0007547627901658416,0.0008064801804721355,0.0008581975707784295,0.0009099149028770626,0.0009616322931833565,0.0010133496252819896,0.0010650670155882835,0.0011167844058945775,0.0011685017962008715,0.0012202190700918436,0.0012719364603981376,0.0013236538507044315,0.0013753712410107255,0.0014270886313170195,0.0014788059052079916,0.0015305232955142856,0.0015822406858205795,0.0016339580761268735,0.0016856754664331675,0.0017373928567394614,0.0017891101306304336,0.0018408275209367275,0.0018925449112430215],"_type":"histogram","values":[2,2,1,3,0,4,2,4,4,8,9,14,13,19,24,35,41,38,72,74,106,155,223,276,326,474,596,60173,586,486,416,277,255,181,135,108,79,59,49,50,34,22,16,17,10,9,5,5,6,8,3,2,7,2,3,2,0,0,2,0,1,1,1,1]},"gradients/hidden_layers.0.weight":{"_type":"histogram","values":[1,0,0,2,2,2,2,2,8,6,1,4,4,4,6,5,4,6,8,28,93,6,2,4,1,3,4,5,7,2,3,2,2,0,3,1,2,2,4,3,0,1,1,1,0,1,4,0,1,0,1,0,0,1,0,0,0,0,0,0,0,0,0,1],"bins":[-0.3062179386615753,-0.2909194529056549,-0.2756209969520569,-0.2603225111961365,-0.24502404034137726,-0.22972556948661804,-0.21442708373069763,-0.19912861287593842,-0.1838301420211792,-0.16853167116641998,-0.15323320031166077,-0.13793471455574036,-0.12263624370098114,-0.10733777284622192,-0.09203929454088211,-0.0767408162355423,-0.06144234538078308,-0.046143870800733566,-0.03084539622068405,-0.015546921640634537,-0.00024844706058502197,0.015050027519464493,0.030348502099514008,0.04564697667956352,0.06094545125961304,0.07624392211437225,0.09154240041971207,0.10684087872505188,0.1221393495798111,0.1374378204345703,0.15273630619049072,0.16803477704524994,0.18333321809768677,0.19863168895244598,0.2139301598072052,0.2292286455631256,0.24452711641788483,0.25982558727264404,0.27512407302856445,0.2904225289821625,0.3057210147380829,0.3210195004940033,0.3363179564476013,0.35161644220352173,0.36691492795944214,0.38221338391304016,0.39751186966896057,0.4128103256225586,0.428108811378479,0.4434072971343994,0.45870575308799744,0.47400423884391785,0.48930269479751587,0.5046011805534363,0.5198996663093567,0.5351981520652771,0.5504965782165527,0.5657950639724731,0.5810935497283936,0.596392035484314,0.6116905212402344,0.6269890069961548,0.6422874331474304,0.6575859189033508,0.6728844046592712]},"_step":49,"gradients/output_layer.bias":{"values":[1,0,0,0,0,1,0,1,0,0,0,1,1,0,5,0,3,2,3,2,0,2,2,1,4,5,1,4,1,2,1,0,6,3,5,5,3,0,1,1,2,2,3,2,1,2,2,2,0,2,1,2,0,2,3,1,3,0,1,0,0,1,0,1],"bins":[-0.0017387327970936894,-0.0016874887514859438,-0.0016362447058781981,-0.0015850006602704525,-0.0015337566146627069,-0.0014825125690549612,-0.0014312685234472156,-0.00138002447783947,-0.001328780548647046,-0.0012775365030393004,-0.0012262924574315548,-0.0011750484118238091,-0.0011238043662160635,-0.0010725603206083179,-0.0010213162750005722,-0.0009700722293928266,-0.0009188281837850809,-0.0008675841381773353,-0.0008163400925695896,-0.000765096046961844,-0.0007138520013540983,-0.0006626080139540136,-0.0006113639683462679,-0.0005601199227385223,-0.0005088758771307766,-0.000457631831523031,-0.00040638778591528535,-0.00035514376941137016,-0.0003038997238036245,-0.00025265567819587886,-0.00020141164714004844,-0.00015016761608421803,-9.892357047647238e-05,-4.7679532144684345e-05,3.5645061871036887e-06,5.480854451889172e-05,0.00010605258285067976,0.0001572966284584254,0.00020854065951425582,0.00025978469057008624,0.0003110287361778319,0.00036227278178557754,0.0004135168273933232,0.0004647608438972384,0.0005160048604011536,0.0005672489060088992,0.0006184929516166449,0.0006697369972243905,0.0007209810428321362,0.0007722250884398818,0.0008234691340476274,0.0008747131796553731,0.0009259572252631187,0.0009772012708708644,0.00102844531647861,0.0010796893620863557,0.0011309334076941013,0.0011821773368865252,0.0012334213824942708,0.0012846654281020164,0.001335909473709762,0.0013871535193175077,0.0014383975649252534,0.001489641610532999,0.0015408856561407447],"_type":"histogram"},"graph_0":{"_type":"graph-file","sha256":"b0fa418218abd06ed8fe7e03ed446a8cbbdb86cf9ff25db1e8cbb27dadc177d4","size":1876,"path":"media/graph/graph_0_summary_b0fa418218abd06ed8fe.graph.json"},"_runtime":468,"train_loss":0.11645599454641342,"gradients/output_layer.weight":{"values":[2,1,0,1,0,2,4,4,5,11,4,18,13,18,31,39,59,60,105,94,181,210,266,374,458,584,813,1180,1671,2137,2945,3612,3065,2099,1479,1136,837,628,490,349,279,213,164,123,106,74,70,47,35,28,21,16,13,8,7,4,1,0,2,1,1,1,0,1],"bins":[-0.0014820719370618463,-0.001435106503777206,-0.0013881411869078875,-0.0013411757536232471,-0.0012942103203386068,-0.0012472450034692883,-0.001200279570184648,-0.0011533141369000077,-0.0011063488200306892,-0.001059383386746049,-0.0010124179534614086,-0.0009654525783844292,-0.0009184872033074498,-0.0008715217700228095,-0.0008245563949458301,-0.0007775909616611898,-0.0007306255865842104,-0.000683660211507231,-0.0006366947782225907,-0.0005897294031456113,-0.000542763969860971,-0.0004957985947839916,-0.0004488332197070122,-0.0004018678155262023,-0.00035490241134539247,-0.0003079370071645826,-0.00026097160298377275,-0.00021400622790679336,-0.0001670408237259835,-0.00012007542682113126,-7.311002991627902e-05,-2.6144633011426777e-05,2.082088030874729e-05,6.778627721359953e-05,0.00011475167411845177,0.0001617170637473464,0.00020868246792815626,0.0002556478721089661,0.0003026132471859455,0.00034957865136675537,0.0003965440555475652,0.0004435094597283751,0.0004904748639091849,0.0005374402389861643,0.0005844056140631437,0.000631371047347784,0.0006783364224247634,0.0007253018557094038,0.0007722672307863832,0.0008192326058633626,0.0008661980391480029,0.0009131634142249823,0.0009601288475096226,0.001007094164378941,0.0010540595976635814,0.0011010250309482217,0.0011479903478175402,0.0011949557811021805,0.0012419212143868208,0.001288886647671461,0.0013358519645407796,0.00138281739782542,0.0014297828311100602,0.0014767481479793787,0.001523713581264019],"_type":"histogram"},"gradients/hidden_layers.1.weight":{"values":[27,17,10,75,80,113,64236,352,175,101,110,26,25,22,31,27,2,3,3,2,1,2,3,4,6,2,4,2,6,1,0,3,1,2,1,1,5,4,2,2,1,4,1,0,3,1,2,0,3,3,0,1,2,1,5,0,0,1,4,4,1,0,6,4],