{"train_loss":0.14591963589191437,"val_loss":0.1379198133945465,"_wandb":{"runtime":21},"lr":0.0009025000035762787,"trainer/global_step":29,"_runtime":21,"epoch":1,"_step":3,"graph_0":{"sha256":"01e13f0635521000780a21cbdbdac7a41c93a7c93c01a824b742106b50a2d994","size":1423,"path":"media/graph/graph_0_summary_01e13f0635521000780a.graph.json","_type":"graph-file"},"_timestamp":1.7607117499530532e+09}