{"val_loss":0.13988052308559418,"_step":49,"gradients/lif_layers.0.rnn.weight_ih_l0":{"_type":"histogram","values":[1,0,0,0,0,0,0,0,0,1,2,1,0,1,0,2,0,0,2,1,2,0,1,3,1,0,3,0,2,16,7,17,23,30,60,45,55,93,98,123,195,2015,248,142,115,86,56,40,36,13,13,10,9,2,2,0,2,1,1,1,2,2,1,2],"bins":[-0.005331297870725393,-0.0052033476531505585,-0.005075397435575724,-0.004947447218000889,-0.004819497000426054,-0.004691546782851219,-0.004563596099615097,-0.004435645882040262,-0.004307695664465427,-0.004179745446890593,-0.004051795229315758,-0.003923845011740923,-0.003795894794166088,-0.0036679445765912533,-0.003539994126185775,-0.00341204390861094,-0.003284093691036105,-0.0031561434734612703,-0.0030281932558864355,-0.002900242805480957,-0.002772292587906122,-0.0026443423703312874,-0.0025163921527564526,-0.0023884419351816177,-0.002260491717606783,-0.0021325412672013044,-0.0020045910496264696,-0.0018766408320516348,-0.0017486906144768,-0.0016207402804866433,-0.0014927900629118085,-0.0013648397289216518,-0.0012368892785161734,-0.0011089390609413385,-0.0009809887269511819,-0.0008530385093763471,-0.0007250882335938513,-0.0005971379578113556,-0.0004691877111326903,-0.00034123746445402503,-0.0002132871886715293,-8.533692744094878e-05,4.2613333789631724e-05,0.00017056359502021223,0.00029851385625079274,0.0004264641320332885,0.0005544143496081233,0.000682364625390619,0.0008103149011731148,0.0009382651769556105,0.0010662154527381063,0.001194165670312941,0.0013221160043030977,0.0014500662218779325,0.0015780164394527674,0.001705966773442924,0.0018339169910177588,0.0019618673250079155,0.0020898175425827503,0.002217767760157585,0.00234571797773242,0.002473668195307255,0.0026016186457127333,0.002729568863287568,0.002857519080862403]},"train_loss":0.13888952136039734,"_wandb":{"runtime":360},"gradients/output_layer.weight":{"_type":"histogram","values":[3,0,0,0,0,1,0,0,1,0,0,1,3,3,3,3,3,6,10,6,12,7,9,12,13,15,15,19,33,48,50,70,95,99,132,140,148,168,192,248,362,467,668,914,1504,2252,36287,2481,1386,859,617,427,378,265,174,156,110,98,63,71,41,36,11,5],"bins":[-0.0032966015860438347,-0.0032257246784865856,-0.003154847538098693,-0.003083970630541444,-0.003013093490153551,-0.002942216582596302,-0.0028713394422084093,-0.0028004625346511602,-0.0027295853942632675,-0.0026587084867060184,-0.0025878315791487694,-0.0025169544387608767,-0.0024460775312036276,-0.002375200390815735,-0.002304323483258486,-0.002233446342870593,-0.002162569435313344,-0.002091692527756095,-0.002020815387368202,-0.0019499383633956313,-0.0018790613394230604,-0.0018081844318658113,-0.0017373074078932405,-0.0016664303839206696,-0.0015955533599480987,-0.0015246763359755278,-0.0014537993120029569,-0.001382922288030386,-0.001312045380473137,-0.001241168356500566,-0.0011702913325279951,-0.0010994143085554242,-0.001028537517413497,-0.0009576604934409261,-0.0008867834694683552,-0.0008159065037034452,-0.0007450294797308743,-0.0006741524557583034,-0.0006032754899933934,-0.0005323984660208225,-0.00046152144204825163,-0.00039064441807568073,-0.0003197674232069403,-0.00024889042833819985,-0.00017801340436562896,-0.00010713639494497329,-3.625938552431762e-05,3.4617623896338046e-05,0.00010549463331699371,0.00017637164273764938,0.00024724865215830505,0.0003181256470270455,0.0003890026709996164,0.0004598796949721873,0.0005307566607370973,0.0006016336847096682,0.0006725107086822391,0.00074338773265481,0.0008142647566273808,0.0008851417223922908,0.0009560187463648617,0.0010268957121297717,0.0010977727361023426,0.0011686497600749135,0.0012395267840474844]},"_timestamp":1.7609787295443113e+09,"graph_0":{"size":604,"path":"media/graph/graph_0_summary_a4520c0debc30fdfb2b9.graph.json","_type":"graph-file","sha256":"a4520c0debc30fdfb2b97d5783a311b9d23aada254bcf2be0a40bb06d8cef672"},"lr":3.589490006561391e-05,"gradients/lif_layers.0.rnn.bias_ih_l0":{"values":[1,0,1,0,0,0,0,0,0,0,1,0,2,1,0,2,0,1,1,1,1,1,4,0,0,1,1,2,1,0,1,2,0,7,4,5,7,8,11,9,9,9,15,24,21,266,42,21,4,7,4,2,5,4,0,0,0,1,0,0,0,1,0,1],"bins":[-0.0059534162282943726,-0.005823106504976749,-0.005692796315997839,-0.005562486592680216,-0.005432176403701305,-0.005301866680383682,-0.005171556491404772,-0.005041246768087149,-0.004910936579108238,-0.004780626855790615,-0.004650317132472992,-0.0045200069434940815,-0.004389697220176458,-0.004259387031197548,-0.004129077307879925,-0.003998767118901014,-0.003868457395583391,-0.0037381474394351244,-0.0036078374832868576,-0.003477527527138591,-0.003347217570990324,-0.003216907847672701,-0.003086597891524434,-0.0029562879353761673,-0.0028259779792279005,-0.0026956680230796337,-0.002565358066931367,-0.0024350481107831,-0.002304738387465477,-0.00217442843131721,-0.0020441184751689434,-0.0019138085190206766,-0.0017834985628724098,-0.001653188606724143,-0.0015228786505758762,-0.0013925688108429313,-0.0012622588546946645,-0.0011319488985463977,-0.0010016390588134527,-0.0008713291026651859,-0.0007410191465169191,-0.0006107091903686523,-0.00048039929242804646,-0.00035008936538361013,-0.0002197794383391738,-8.946951129473746e-05,4.084041574969888e-05,0.0001711503427941352,0.00030146026983857155,0.0004317701968830079,0.0005620801239274442,0.0006923900218680501,0.0008226999780163169,0.0009530099341645837,0.0010833197738975286,0.0012136297300457954,0.0013439396861940622,0.001474249642342329,0.0016045595984905958,0.0017348694382235408,0.0018651793943718076,0.0019954892341047525,0.0021257991902530193,0.002256109146401286,0.002386419102549553],"_type":"histogram"},"_runtime":360,"trainer/global_step":199,"epoch":24,"gradients/output_layer.bias":{"values":[1,0,0,0,0,0,0,0,0,0,0,0,1,0,0,0,0,0,1,1,1,2,1,1,1,0,1,1,0,0,3,2,3,4,4,2,6,3,1,3,2,2,3,4,4,0,6,3,7,7,5,2,2,0,1,3,0,2,0,2,0,0,1,1],"bins":[-0.003253326518461108,-0.003187227062880993,-0.003121127374470234,-0.0030550279188901186,-0.0029889284633100033,-0.0029228287748992443,-0.002856729319319129,-0.00279062963090837,-0.0027245301753282547,-0.0026584307197481394,-0.0025923310313373804,-0.002526231575757265,-0.002460131887346506,-0.002394032431766391,-0.0023279329761862755,-0.0022618332877755165,-0.002195733832195401,-0.002129634376615286,-0.002063534688204527,-0.0019974352326244116,-0.0019313356606289744,-0.0018652360886335373,-0.001799136633053422,-0.0017330370610579848,-0.0016669374890625477,-0.0016008379170671105,-0.0015347383450716734,-0.001468638889491558,-0.001402539317496121,-0.0013364397455006838,-0.0012703402899205685,-0.0012042407179251313,-0.0011381413787603378,-0.0010720418067649007,-0.0010059422347694635,-0.0009398427791893482,-0.0008737432071939111,-0.0008076436351984739,-0.0007415441214106977,-0.0006754446076229215,-0.0006093450356274843,-0.0005432454636320472,-0.00047714594984427094,-0.00041104640695266426,-0.00034494686406105757,-0.0002788473211694509,-0.0002127477782778442,-0.0001466482353862375,-8.054869249463081e-05,-1.4449149603024125e-05,5.1650393288582563e-05,0.00011774993618018925,0.00018384947907179594,0.00024994902196340263,0.0003160485648550093,0.000382148107746616,0.0004482476506382227,0.0005143472226336598,0.0005804467364214361,0.0006465462502092123,0.0007126458222046494,0.0007787453942000866,0.0008448449079878628,0.0009109444217756391,0.0009770439937710762],"_type":"histogram"},"gradients/lif_layers.0.rnn.bias_hh_l0":{"_type":"histogram","values":[1,0,1,0,0,0,0,0,0,0,1,0,2,1,0,2,0,1,1,1,1,1,4,0,0,1,1,2,1,0,1,2,0,7,4,5,7,8,11,9,9,9,15,24,21,266,42,21,4,7,4,2,5,4,0,0,0,1,0,0,0,1,0,1],