{"trainer/global_step":374,"gradients/hidden_layers.0.weight":{"_type":"histogram","values":[1,2,2,2,2,2,4,5,3,4,3,6,12,12,27,124,7,6,10,3,6,0,1,3,2,0,3,2,0,0,0,0,0,0,0,0,0,1,0,0,0,0,0,0,0,0,0,0,0,0,0,0,0,0,0,0,0,0,0,0,0,0,0,1],"bins":[-1.2005354166030884,-1.1217416524887085,-1.0429478883743286,-0.9641541838645935,-0.8853604793548584,-0.8065667152404785,-0.7277729511260986,-0.6489792466163635,-0.5701854825019836,-0.49139174818992615,-0.41259801387786865,-0.33380424976348877,-0.2550105154514313,-0.17621678113937378,-0.09742303192615509,-0.018629290163517,0.060164451599121094,0.1389581859111786,0.21775193512439728,0.29654568433761597,0.37533941864967346,0.45413315296173096,0.5329269170761108,0.611720621585846,0.6905143857002258,0.7693081498146057,0.8481018543243408,0.9268956184387207,1.0056893825531006,1.0844831466674805,1.1632767915725708,1.2420705556869507,1.3208644390106201,1.399658203125,1.4784519672393799,1.5572456121444702,1.63603937625885,1.71483314037323,1.7936269044876099,1.8724206686019897,1.95121431350708,2.03000807762146,2.10880184173584,2.1875956058502197,2.2663893699645996,2.3451831340789795,2.4239768981933594,2.5027706623077393,2.581564426422119,2.66035795211792,2.7391517162323,2.8179454803466797,2.8967392444610596,2.9755330085754395,3.0543267726898193,3.133120536804199,3.211914300918579,3.290708065032959,3.369501829147339,3.4482953548431396,3.5270891189575195,3.6058828830718994,3.6846766471862793,3.763470411300659,3.842264175415039]},"gradients/output_layer.weight":{"_type":"histogram","values":[2,4,4,16,26,25,50,85,65,105,151,146,187,210,245,299,386,520,594,734,984,1234,1666,2345,3724,3830,2624,1678,1109,790,587,425,302,232,187,137,94,68,57,48,43,31,30,23,13,19,13,10,9,6,5,2,6,2,2,2,3,1,1,0,0,0,1,3],"bins":[-0.001945490948855877,-0.0018682063091546297,-0.0017909215530380607,-0.0017136369133368134,-0.0016363521572202444,-0.0015590675175189972,-0.0014817827614024282,-0.001404498121701181,-0.001327213365584612,-0.0012499287258833647,-0.0011726440861821175,-0.0010953593300655484,-0.0010180746903643012,-0.0009407899924553931,-0.000863505294546485,-0.0007862205966375768,-0.0007089358987286687,-0.0006316512008197606,-0.0005543665029108524,-0.00047708183410577476,-0.00039979713619686663,-0.0003225124382879585,-0.00024522776948288083,-0.0001679430715739727,-9.065837366506457e-05,-1.3373683032114059e-05,6.391100760083646e-05,0.00014119569095782936,0.00021848038886673748,0.0002957650867756456,0.0003730497555807233,0.0004503344534896314,0.0005276191513985395,0.0006049038493074477,0.0006821885472163558,0.0007594732451252639,0.0008367579430341721,0.0009140425827354193,0.0009913273388519883,0.0010686119785532355,0.0011458967346698046,0.0012231813743710518,0.001300466014072299,0.001377750770188868,0.0014550354098901153,0.0015323201660066843,0.0016096048057079315,0.0016868895618245006,0.0017641742015257478,0.001841458841226995,0.001918743597343564,0.0019960282370448112,0.0020733128767460585,0.0021505977492779493,0.0022278823889791965,0.0023051670286804438,0.002382451668381691,0.002459736308082938,0.002537021180614829,0.0026143058203160763,0.0026915904600173235,0.0027688750997185707,0.0028461599722504616,0.002923444611951709,0.003000729251652956]},"gradients/hidden_layers.2.weight":{"bins":[-0.6182277798652649,-0.5924602150917053,-0.5666927099227905,-0.540925145149231,-0.5151575803756714,-0.4893900752067566,-0.463622510433197,-0.43785497546195984,-0.41208744049072266,-0.3863199055194855,-0.3605523705482483,-0.3347848057746887,-0.30901727080345154,-0.28324973583221436,-0.2574821710586548,-0.2317146360874176,-0.20594710111618042,-0.18017956614494324,-0.15441201627254486,-0.12864446640014648,-0.1028769314289093,-0.07710938900709152,-0.05134184658527374,-0.025574304163455963,0.0001932382583618164,0.025960780680179596,0.051728323101997375,0.07749586552381516,0.10326340794563293,0.12903094291687012,0.1547984927892685,0.18056604266166687,0.20633363723754883,0.232101172208786,0.2578687071800232,0.28363627195358276,0.30940380692481995,0.33517134189605713,0.3609389066696167,0.3867064416408539,0.41247397661209106,0.43824151158332825,0.46400904655456543,0.489776611328125,0.5155441761016846,0.5413116812705994,0.5670792460441589,0.5928467512130737,0.6186143159866333,0.6443818807601929,0.6701493859291077,0.6959169507026672,0.721684455871582,0.7474520206451416,0.7732195854187012,0.798987090587616,0.8247546553611755,0.8505222201347351,0.8762897253036499,0.9020572900772095,0.927824854850769,0.9535923600196838,0.9793599247932434,1.0051274299621582,1.0308949947357178],"_type":"histogram","values":[19,0,0,0,0,0,0,0,0,0,0,0,1,18,0,0,1,0,0,0,1,0,3,62980,2454,19,0,0,0,0,0,0,0,1,0,1,0,0,0,0,0,0,0,0,0,0,0,0,0,0,0,0,0,0,0,0,1,18,0,0,0,0,1,18]},"_step":49,"_runtime":333,"epoch":24,"gradients/hidden_layers.3.weight":{"bins":[-0.011799510568380356,-0.011458699591457844,-0.011117888614535332,-0.01077707763761282,-0.010436266660690308,-0.010095455683767796,-0.009754644706845284,-0.009413833729922771,-0.00907302275300026,-0.008732210844755173,-0.00839139986783266,-0.008050588890910149,-0.0077097779139876366,-0.0073689669370651245,-0.0070281559601426125,-0.0066873449832201,-0.006346534006297588,-0.006005723029375076,-0.005664912052452564,-0.005324101075530052,-0.00498329009860754,-0.004642478656023741,-0.004301667679101229,-0.003960856702178717,-0.0036200457252562046,-0.0032792347483336926,-0.0029384237714111805,-0.002597612561658025,-0.0022568015847355127,-0.0019159906078130007,-0.0015751795144751668,-0.001234368421137333,-0.0008935583755373955,-0.0005527473404072225,-0.00021193630527704954,0.00012887472985312343,0.0004696857649832964,0.0008104968001134694,0.0011513078352436423,0.0014921189285814762,0.0018329299055039883,0.0021737408824265003,0.0025145518593490124,0.002855363069102168,0.00319617404602468,0.003536985022947192,0.003877796232700348,0.00421860720962286,0.004559418186545372,0.004900229163467884,0.005241040140390396,0.005581851117312908,0.00592266209423542,0.00626347353681922,0.006604284513741732,0.006945095490664244,0.007285906467586756,0.007626717444509268,0.007967528887093067,0.00830833986401558,0.008649150840938091,0.008989961817860603,0.009330772794783115,0.009671583771705627,0.01001239474862814],"_type":"histogram","values":[2,0,0,1,2,1,3,5,1,3,3,1,3,4,3,6,4,5,7,7,9,13,10,15,14,12,14,17,17,23,17,11,32,123,64664,201,35,3,4,6,13,18,21,22,19,18,6,9,6,8,7,10,7,12,7,10,11,8,7,5,4,2,3,2]},"gradients/output_layer.bias":{"_type":"histogram","values":[2,2,0,0,0,0,1,1,1,1,2,1,2,2,1,1,1,2,0,1,2,0,0,1,3,3,3,3,4,2,3,2,1,4,4,2,4,1,3,1,3,4,6,4,1,2,3,4,1,0,0,0,0,1,1,0,1,0,1,0,0,0,0,1],