{"gradients/output_layer.bias":{"values":[1,0,1,0,0,0,2,0,2,3,0,1,2,2,1,2,1,2,1,3,0,4,3,3,2,0,3,4,1,2,4,5,3,4,4,4,2,4,3,1,5,1,2,0,4,2,1,0,1,0,0,0,1,0,2,0,0,0,0,0,0,0,0,1],"bins":[-0.004198530688881874,-0.004073540214449167,-0.00394854974001646,-0.0038235592655837536,-0.0036985687911510468,-0.0035735785495489836,-0.0034485880751162767,-0.00332359760068357,-0.003198607126250863,-0.0030736166518181562,-0.0029486261773854494,-0.0028236357029527426,-0.0026986454613506794,-0.0025736549869179726,-0.0024486645124852657,-0.002323674038052559,-0.002198683563619852,-0.0020736930891871452,-0.0019487026147544384,-0.0018237122567370534,-0.0016987217823043466,-0.0015737313078716397,-0.0014487409498542547,-0.0013237504754215479,-0.001198760000988841,-0.0010737695265561342,-0.0009487791103310883,-0.0008237886941060424,-0.0006987982196733356,-0.0005738077452406287,-0.0004488173290155828,-0.0003238268836867064,-0.0001988366711884737,-7.384622585959733e-05,5.114421946927905e-05,0.00017613466479815543,0.0003011251101270318,0.0004261155554559082,0.0005511060007847846,0.0006760964170098305,0.0008010868914425373,0.0009260773658752441,0.001051067840307951,0.001176058198325336,0.0013010486727580428,0.0014260391471907496,0.0015510295052081347,0.0016760199796408415,0.0018010104540735483,0.0019260009285062551,0.002050991402938962,0.002175981877371669,0.002300972118973732,0.002425962593406439,0.0025509530678391457,0.0026759435422718525,0.0028009340167045593,0.002925924491137266,0.003050914965569973,0.00317590544000268,0.0033008959144353867,0.00342588615603745,0.0035508766304701567,0.0036758671049028635,0.0038008575793355703],"_type":"histogram"},"train_loss":0.13563264906406403,"_runtime":143,"gradients/output_layer.weight":{"bins":[-0.004955693613737822,-0.0047943065874278545,-0.0046329195611178875,-0.0044715325348079205,-0.004310145042836666,-0.004148758016526699,-0.003987370990216732,-0.003825983963906765,-0.003664596937596798,-0.003503209911286831,-0.003341822884976864,-0.003180435625836253,-0.003019048599526286,-0.002857661573216319,-0.0026962743140757084,-0.0025348872877657413,-0.0023735002614557743,-0.0022121132351458073,-0.0020507262088358402,-0.0018893389496952295,-0.0017279519233852625,-0.0015665648970752954,-0.0014051777543500066,-0.0012437906116247177,-0.0010824035853147507,-0.0009210165007971227,-0.0007596294162794948,-0.0005982423317618668,-0.00043685524724423885,-0.0002754681627266109,-0.00011408107820898294,4.730600630864501e-05,0.00020869262516498566,0.0003700797096826136,0.0005314667942002416,0.0006928538787178695,0.0008542409632354975,0.0010156279895454645,0.0011770151322707534,0.0013384022749960423,0.0014997893013060093,0.0016611763276159763,0.0018225634703412652,0.001983950613066554,0.002145337639376521,0.002306724665686488,0.002468111924827099,0.002629498951137066,0.002790885977447033,0.002952273003757,0.003113660030066967,0.0032750472892075777,0.0034364343155175447,0.003597821341827512,0.0037592086009681225,0.0039205956272780895,0.0040819826535880566,0.004243369679898024,0.004404756706207991,0.004566143732517958,0.004727531224489212,0.004888918250799179,0.005050305277109146,0.005211692303419113,0.00537307932972908],"_type":"histogram","values":[2,2,3,3,8,5,13,9,15,25,30,29,54,75,82,117,134,217,253,288,335,419,537,681,746,950,1252,1565,2037,2624,2951,2648,2158,1596,1167,779,571,435,292,224,175,127,118,76,66,55,53,26,30,20,32,20,15,11,13,4,5,6,2,4,2,4,3,2]},"gradients/hidden_layers.1.weight":{"values":[5,1,5,1,6,12,9,11,12,22,33,32,34,43,64,73,76,117,120,151,183,209,251,341,396,487,642,821,1176,1597,2362,4411,33724,4395,2902,2106,1400,1161,897,774,661,595,533,451,363,344,285,229,217,162,133,106,104,66,68,44,28,25,18,14,4,9,8,7],"bins":[-0.054873235523700714,-0.053177639842033386,-0.05148204416036606,-0.04978644847869873,-0.0480908527970314,-0.046395257115364075,-0.04469966143369675,-0.04300406575202942,-0.04130847007036209,-0.03961287438869476,-0.037917278707027435,-0.03622168302536011,-0.03452608734369278,-0.03283049166202545,-0.031134895980358124,-0.029439300298690796,-0.027743704617023468,-0.02604810893535614,-0.024352513253688812,-0.022656917572021484,-0.020961321890354156,-0.01926572620868683,-0.0175701305270195,-0.015874534845352173,-0.014178939163684845,-0.012483343482017517,-0.01078774780035019,-0.009092152118682861,-0.0073965564370155334,-0.005700960755348206,-0.004005365073680878,-0.00230976939201355,-0.0006141699850559235,0.0010814256966114044,0.0027770213782787323,0.00447261705994606,0.006168212741613388,0.007863808423280716,0.009559404104948044,0.011254999786615372,0.0129505954682827,0.014646191149950027,0.016341786831617355,0.018037382513284683,0.01973297819495201,0.02142857387661934,0.023124169558286667,0.024819765239953995,0.026515360921621323,0.02821095660328865,0.02990655228495598,0.031602147966623306,0.033297743648290634,0.03499333932995796,0.03668893501162529,0.03838453069329262,0.040080126374959946,0.041775722056627274,0.0434713177382946,0.04516691341996193,0.04686250910162926,0.048558104783296585,0.05025370046496391,0.05194929614663124,0.05364489182829857],"_type":"histogram"},"_timestamp":1.76078667108649e+09,"gradients/hidden_layers.1.bias":{"bins":[-0.05843502655625343,-0.056618835777044296,-0.05480264872312546,-0.05298645794391632,-0.05117027088999748,-0.049354080110788345,-0.04753788933157921,-0.04572170227766037,-0.04390551149845123,-0.042089324444532394,-0.04027313366532326,-0.03845694288611412,-0.03664075583219528,-0.034824565052986145,-0.033008377999067307,-0.03119218721985817,-0.029375998303294182,-0.027559809386730194,-0.025743620470166206,-0.02392742969095707,-0.02211124077439308,-0.020295051857829094,-0.018478862941265106,-0.01666267402470112,-0.014846484176814556,-0.013030295260250568,-0.011214105412364006,-0.009397916495800018,-0.007581727113574743,-0.005765537731349468,-0.0039493488147854805,-0.0021331594325602055,-0.0003169700503349304,0.0014992192154750228,0.003315408481284976,0.005131597630679607,0.006947787012904882,0.008763976395130157,0.010580165311694145,0.012396355159580708,0.014212544076144695,0.016028733924031258,0.017844922840595245,0.019661111757159233,0.02147730067372322,0.02329348959028721,0.025109680369496346,0.026925869286060333,0.02874205820262432,0.03055824711918831,0.032374437898397446,0.034190624952316284,0.03600681573152542,0.03782300278544426,0.0396391935646534,0.041455384343862534,0.04327157139778137,0.04508776217699051,0.04690394923090935,0.048720140010118484,0.05053633078932762,0.05235251784324646,0.0541687086224556,0.055984895676374435,0.05780108645558357],"_type":"histogram","values":[1,1,0,0,2,1,0,1,0,2,3,3,0,2,2,3,1,5,4,0,5,3,7,3,7,8,6,11,7,5,4,4,12,5,5,8,6,8,7,11,6,6,4,5,2,11,1,5,4,4,4,7,6,3,9,3,3,2,0,3,1,1,0,3]},"epoch":24,