{"epoch":1,"graph_0":{"_type":"graph-file","sha256":"f7944adde495ae65e5f47355e8cdef208209286eff92e42a36455f838ecbd59e","size":1423,"path":"media/graph/graph_0_summary_f7944adde495ae65e5f4.graph.json"},"val_loss":0.14002183079719543,"trainer/global_step":29,"lr":0.0009025000035762787,"_timestamp":1.7607116563193388e+09,"train_loss":0.14694559574127197,"_wandb":{"runtime":23},"_runtime":23,"_step":3}