{"trainer/global_step":374,"gradients/hidden_layers.2.bias":{"values":[1,0,0,0,2,0,1,0,0,0,2,0,3,0,1,7,5,2,1,2,7,4,7,7,2,7,5,13,8,11,6,15,49,204,29,13,16,5,9,7,7,3,4,6,3,3,5,3,4,5,2,1,2,2,1,1,3,1,2,0,0,1,1,1],"bins":[-0.060431379824876785,-0.05861341208219528,-0.05679544061422348,-0.05497747287154198,-0.053159505128860474,-0.05134153366088867,-0.04952356591820717,-0.047705598175525665,-0.045887626707553864,-0.04406965896487236,-0.04225169122219086,-0.040433723479509354,-0.03861575201153755,-0.03679778426885605,-0.034979816526174545,-0.033161845058202744,-0.03134387731552124,-0.029525907710194588,-0.027707939967513084,-0.025889970362186432,-0.02407200261950493,-0.022254033014178276,-0.020436063408851624,-0.01861809566617012,-0.016800126060843468,-0.01498215738683939,-0.013164188712835312,-0.01134621910750866,-0.009528250433504581,-0.0077102817595005035,-0.005892312619835138,-0.004074343480169773,-0.002256374806165695,-0.0004384058993309736,0.001379563007503748,0.0031975319143384695,0.005015500821173191,0.006833469495177269,0.008651439100503922,0.010469407774508,0.012287376448512077,0.014105345122516155,0.015923313796520233,0.017741283401846886,0.019559253007173538,0.02137722074985504,0.023195190355181694,0.025013158097863197,0.02683112770318985,0.028649097308516502,0.030467065051198006,0.03228503465652466,0.03410300239920616,0.03592097386717796,0.03773894160985947,0.03955690935254097,0.04137487709522247,0.043192848563194275,0.04501081630587578,0.04682878404855728,0.04864675551652908,0.05046472325921059,0.05228269100189209,0.05410066246986389,0.055918630212545395],"_type":"histogram"},"gradients/hidden_layers.0.bias":{"bins":[-0.6262235045433044,-0.607347846031189,-0.5884722471237183,-0.5695965886116028,-0.5507209300994873,-0.5318453311920166,-0.5129696726799011,-0.49409401416778564,-0.47521838545799255,-0.45634275674819946,-0.437467098236084,-0.4185914695262909,-0.3997158408164978,-0.3808401823043823,-0.36196455359458923,-0.34308889508247375,-0.32421326637268066,-0.3053376376628876,-0.2864619791507721,-0.267586350440979,-0.24871070683002472,-0.22983506321907043,-0.21095943450927734,-0.19208379089832306,-0.17320814728736877,-0.1543325036764145,-0.1354568600654602,-0.11658123135566711,-0.09770558774471283,-0.07882994413375854,-0.05995430797338486,-0.04107866808772087,-0.022203028202056885,-0.0033273883163928986,0.015548251569271088,0.034423891454935074,0.05329953134059906,0.07217517495155334,0.09105081111192703,0.10992644727230072,0.128802090883255,0.1476777344942093,0.16655337810516357,0.18542900681495667,0.20430465042591095,0.22318029403686523,0.24205592274665833,0.2609315812587738,0.2798072099685669,0.29868283867836,0.31755849719047546,0.33643412590026855,0.35530978441238403,0.3741854131221771,0.3930610418319702,0.4119367003440857,0.4308123290538788,0.4496879577636719,0.46856361627578735,0.48743924498558044,0.5063148736953735,0.525190532207489,0.5440661907196045,0.5629417896270752,0.5818174481391907],"_type":"histogram","values":[1,1,2,3,1,1,0,1,2,2,3,3,3,2,3,2,5,2,2,2,3,6,2,5,7,6,7,12,12,14,15,20,25,188,24,16,16,14,8,5,2,6,5,6,5,3,6,3,1,0,1,3,3,3,4,3,0,1,3,3,2,0,2,1]},"gradients/hidden_layers.3.weight":{"values":[1,1,1,1,0,2,3,2,0,6,3,7,11,11,8,21,35,41,33,49,91,118,170,214,296,537,810,1316,1964,3514,6627,15088,186857,23160,9186,4552,2595,1651,1045,654,420,317,186,149,98,68,51,42,35,17,21,17,8,10,13,3,3,1,1,1,1,0,0,1],"bins":[-0.006781646050512791,-0.006574254482984543,-0.006366863381117582,-0.0061594718135893345,-0.005952080711722374,-0.005744689144194126,-0.005537298042327166,-0.005329906474798918,-0.005122515372931957,-0.004915123805403709,-0.004707732237875462,-0.004500341136008501,-0.004292949568480253,-0.004085558466613293,-0.003878166899085045,-0.0036707755643874407,-0.0034633842296898365,-0.0032559928949922323,-0.003048601560294628,-0.002841210225597024,-0.00263381889089942,-0.002426427323371172,-0.0022190359886735678,-0.0020116446539759636,-0.0018042533192783594,-0.0015968619845807552,-0.001389470649883151,-0.001182079198770225,-0.0009746878640726209,-0.0007672965293750167,-0.0005599051364697516,-0.00035251377266831696,-0.00014512240886688232,6.226895493455231e-05,0.00026966031873598695,0.0004770516825374216,0.0006844430463388562,0.0008918343810364604,0.0010992258321493864,0.0013066171668469906,0.0015140085015445948,0.001721399836242199,0.0019287911709398031,0.0021361825056374073,0.002343574073165655,0.0025509654078632593,0.0027583567425608635,0.0029657480772584677,0.003173139411956072,0.003380530746653676,0.00358792208135128,0.0037953134160488844,0.004002704750746489,0.004210096318274736,0.004417487420141697,0.004624878987669945,0.004832270555198193,0.005039661657065153,0.005247053224593401,0.0054544443264603615,0.005661835893988609,0.00586922699585557,0.006076618563383818,0.006284009665250778,0.006491401232779026],"_type":"histogram"},"gradients/hidden_layers.3.bias":{"_type":"histogram","values":[1,1,0,2,1,1,0,2,1,4,1,5,6,1,9,8,7,8,9,16,12,12,18,13,13,17,17,9,20,18,16,21,10,20,22,15,15,9,15,11,15,11,11,13,7,9,12,6,8,7,4,4,6,4,2,3,1,1,0,0,1,0,0,1],"bins":[-0.010180234909057617,-0.00985555350780487,-0.009530873037874699,-0.009206191636621952,-0.00888151116669178,-0.008556829765439034,-0.008232148364186287,-0.007907467894256115,-0.007582786493003368,-0.007258105557411909,-0.00693342462182045,-0.006608743220567703,-0.006284062284976244,-0.005959381349384785,-0.005634699948132038,-0.005310019012540579,-0.00498533807694912,-0.00466065714135766,-0.004335976205766201,-0.0040112948045134544,-0.003686613868921995,-0.003361932933330536,-0.003037251764908433,-0.00271257059648633,-0.0023878896608948708,-0.0020632087253034115,-0.0017385275568813086,-0.0014138465048745275,-0.0010891654528677464,-0.0007644844008609653,-0.00043980334885418415,-0.00011512229684740305,0.00020955968648195267,0.0005342407384887338,0.0008589217904955149,0.001183602842502296,0.001508283894509077,0.0018329649465158582,0.0021576459985226393,0.002482327166944742,0.0028070081025362015,0.0031316890381276608,0.0034563702065497637,0.0037810513749718666,0.004105732310563326,0.004430413246154785,0.004755094647407532,0.005079775582998991,0.00540445651859045,0.0057291374541819096,0.006053818389773369,0.006378499791026115,0.006703180726617575,0.007027861662209034,0.0073525430634617805,0.00767722399905324,0.008001904934644699,0.008326586335897446,0.008651266805827618,0.008975948207080364,0.009300628677010536,0.009625310078263283,0.00994999147951603,0.010274671949446201,0.010599353350698948]},"train_loss":0.1367851346731186,"_wandb":{"runtime":669},"val_loss":0.13697534799575806,"gradients/hidden_layers.2.weight":{"bins":[-0.06038926541805267,-0.05857233330607414,-0.05675540119409561,-0.05493846908211708,-0.05312153697013855,-0.05130460485816002,-0.04948767274618149,-0.04767074063420296,-0.045853808522224426,-0.044036876410245895,-0.042219944298267365,-0.040403012186288834,-0.0385860800743103,-0.03676914796233177,-0.03495221585035324,-0.03313528373837471,-0.03131835162639618,-0.02950141951441765,-0.027684487402439117,-0.025867555290460587,-0.024050623178482056,-0.022233691066503525,-0.020416758954524994,-0.018599826842546463,-0.016782894730567932,-0.014965962618589401,-0.01314903050661087,-0.01133209839463234,-0.009515166282653809,-0.007698234170675278,-0.005881302058696747,-0.004064369946718216,-0.0022474341094493866,-0.0004305019974708557,0.0013864301145076752,0.003203362226486206,0.005020294338464737,0.006837226450443268,0.008654158562421799,0.01047109067440033,0.01228802278637886,0.014104954898357391,0.015921887010335922,0.017738819122314453,0.019555751234292984,0.021372683346271515,0.023189615458250046,0.025006547570228577,0.026823479682207108,0.02864041179418564,0.03045734390616417,0.0322742760181427,0.03409120813012123,0.03590814024209976,0.03772507235407829,0.039542004466056824,0.041358936578035355,0.043175868690013885,0.044992800801992416,0.04680973291397095,0.04862666502594948,0.05044359713792801,0.05226052924990654,0.05407746136188507,0.0558943934738636],"_type":"histogram",