{"lr":0.0038891069125384092,"gradients/lif_layers.0.rnn.weight_ih_l0":{"bins":[-0.007384981028735638,-0.0071977274492383,-0.007010473869740963,-0.006823219824582338,-0.006635966245085001,-0.006448712665587664,-0.006261458620429039,-0.006074205040931702,-0.005886951461434364,-0.005699697881937027,-0.00551244430243969,-0.005325190257281065,-0.005137936677783728,-0.00495068309828639,-0.004763429053127766,-0.004576175473630428,-0.004388921894133091,-0.004201668314635754,-0.004014414735138416,-0.0038271606899797916,-0.0036399071104824543,-0.003452653530985117,-0.003265399718657136,-0.003078145906329155,-0.0028908923268318176,-0.0027036387473344803,-0.0025163849350064993,-0.0023291311226785183,-0.002141877543181181,-0.0019546239636838436,-0.0017673701513558626,-0.0015801164554432034,-0.001392862293869257,-0.0012056085979565978,-0.0010183549020439386,-0.0008311012061312795,-0.0006438475102186203,-0.00045659381430596113,-0.00026934011839330196,-8.20864224806428e-05,0.00010516727343201637,0.00029242096934467554,0.0004796746652573347,0.0006669283611699939,0.000854182057082653,0.0010414357529953122,0.0012286894489079714,0.0014159431448206306,0.0016031968407332897,0.0017904505366459489,0.001977704232558608,0.002164958044886589,0.0023522116243839264,0.0025394652038812637,0.0027267190162092447,0.0029139728285372257,0.003101226408034563,0.0032884799875319004,0.0034757337998598814,0.0036629876121878624,0.0038502411916851997,0.004037494771182537,0.004224748350679874,0.004412002395838499,0.004599255975335836],"_type":"histogram","values":[1,0,1,1,1,1,0,0,2,0,1,3,0,3,1,4,1,1,3,1,2,0,1,0,1,3,6,7,5,7,8,14,19,15,19,17,22,48,58,3126,50,14,22,24,12,12,10,3,5,3,7,6,4,1,2,1,1,0,0,1,2,0,0,1]},"gradients/lif_layers.0.rnn.bias_ih_l0":{"_type":"histogram","values":[2,0,0,0,1,0,0,0,1,1,1,0,0,0,0,0,1,0,1,1,1,2,0,4,1,4,4,2,4,5,10,5,6,6,422,9,2,2,5,1,0,4,0,0,0,0,0,1,0,1,1,0,0,0,0,0,0,0,0,0,0,0,0,1],"bins":[-0.009758870117366314,-0.009476604871451855,-0.009194339625537395,-0.008912074379622936,-0.008629810065031052,-0.008347544819116592,-0.008065279573202133,-0.007783014327287674,-0.007500749081373215,-0.0072184838354587555,-0.006936218589544296,-0.006653953809291124,-0.006371688563376665,-0.006089423317462206,-0.005807158537209034,-0.005524893291294575,-0.0052426280453801155,-0.004960362799465656,-0.004678097553551197,-0.004395832773298025,-0.004113567527383566,-0.0038313022814691067,-0.003549037268385291,-0.0032667722553014755,-0.0029845070093870163,-0.002702241763472557,-0.0024199767503887415,-0.002137711737304926,-0.0018554464913904667,-0.0015731813618913293,-0.0012909162323921919,-0.0010086511028930545,-0.0007263850420713425,-0.00044411991257220507,-0.00016185478307306767,0.00012041034642606974,0.00040267547592520714,0.0006849406054243445,0.0009672057349234819,0.0012494708644226193,0.0015317359939217567,0.0018140011234208941,0.0020962662529200315,0.002378531266003847,0.0026607965119183064,0.0029430617578327656,0.003225326770916581,0.0035075917840003967,0.003789857029914856,0.004072122275829315,0.004354387521743774,0.004636652301996946,0.0049189175479114056,0.005201182793825865,0.005483447574079037,0.005765712819993496,0.006047978065907955,0.006330243311822414,0.006612508557736874,0.0068947733379900455,0.007177038583904505,0.007459303829818964,0.007741568610072136,0.008023833855986595,0.008306099101901054]},"gradients/lif_layers.0.rnn.bias_hh_l0":{"bins":[-0.009758871048688889,-0.00947660580277443,-0.00919434055685997,-0.00891207531094551,-0.008629810065031052,-0.008347544819116592,-0.008065279573202133,-0.007783014792948961,-0.007500749547034502,-0.007218484301120043,-0.006936219055205584,-0.006653953809291124,-0.006371689029037952,-0.006089423783123493,-0.005807158537209034,-0.005524893291294575,-0.0052426280453801155,-0.004960362799465656,-0.004678097553551197,-0.004395832307636738,-0.004113567061722279,-0.003831302048638463,-0.0035490370355546474,-0.0032667717896401882,-0.002984506543725729,-0.0027022412978112698,-0.0024199760518968105,-0.002137711038812995,-0.0018554457928985357,-0.0015731805469840765,-0.001290915417484939,-0.0010086502879858017,-0.0007263850420713425,-0.00044411985436454415,-0.00016185466665774584,0.00012041052104905248,0.0004026757087558508,0.0006849408964626491,0.0009672060841694474,0.0012494712136685848,0.001531736459583044,0.0018140017054975033,0.0020962669514119625,0.002378531964495778,0.0026607972104102373,0.0029430624563246965,0.003225327469408512,0.0035075927153229713,0.0037898579612374306,0.00407212320715189,0.004354388453066349,0.004636653698980808,0.0049189189448952675,0.005201183725148439,0.005483448971062899,0.005765714216977358,0.006047979462891817,0.006330244708806276,0.0066125099547207355,0.006894775200635195,0.007177039980888367,0.007459305226802826,0.007741570472717285,0.008023835718631744,0.008306100964546204],"_type":"histogram","values":[2,0,0,0,1,0,0,0,1,1,1,0,0,0,0,0,1,0,1,1,1,2,0,4,1,4,4,2,4,5,10,5,6,6,422,9,2,2,5,1,0,4,0,0,0,0,0,1,0,1,1,0,0,0,0,0,0,0,0,0,0,0,0,1]},"epoch":24,"train_loss":0.11038637906312943,"_timestamp":1.7609783601641867e+09,"gradients/output_layer.bias":{"_type":"histogram","values":[2,2,1,0,0,1,0,0,0,1,2,2,0,3,2,1,1,1,3,2,3,1,3,1,4,0,1,5,2,2,2,4,4,1,1,4,3,4,3,2,3,3,1,0,1,0,1,0,5,0,1,1,0,1,1,0,1,2,0,1,1,2,0,1],"bins":[-0.001489192247390747,-0.0014438123907893896,-0.0013984325341880322,-0.0013530525611713529,-0.0013076727045699954,-0.001262292847968638,-0.0012169129913672805,-0.001171533134765923,-0.0011261531617492437,-0.0010807733051478863,-0.0010353934485465288,-0.0009900135919451714,-0.0009446337353438139,-0.0008992538205347955,-0.0008538739639334381,-0.0008084940491244197,-0.0007631141925230622,-0.0007177343359217048,-0.0006723544211126864,-0.0006269745645113289,-0.0005815946497023106,-0.0005362147931009531,-0.0004908349364995956,-0.0004454550507944077,-0.0004000751650892198,-0.0003546952793840319,-0.000309315393678844,-0.0002639355370774865,-0.0002185556513722986,-0.00017317576566711068,-0.000127795894513838,-8.241601608460769e-05,-3.7036254070699215e-05,8.343624358531088e-06,5.372350278776139e-05,9.910338121699169e-05,0.000144483259646222,0.0001898631453514099,0.0002352430165046826,0.0002806228876579553,0.0003260027733631432,0.0003713826590683311,0.00041676254477351904,0.0004621424013748765,0.000507522257976234,0.0005529021727852523,0.0005982820293866098,0.0006436619441956282,0.0006890418007969856,0.0007344216573983431,0.0007798015722073615,0.0008251814288087189,0.0008705613436177373,0.0009159412002190948,0.0009613210568204522,0.0010067009134218097,0.001052080886438489,0.0010974607430398464,0.0011428405996412039,0.0011882204562425613,0.0012336003128439188,0.0012789801694452763,0.0013243601424619555,0.001369739999063313,0.0014151198556646705]},"graph_0":{"_type":"graph-file","sha256":"ba8ace2bbd7314ae7d7af872ccb5ada5a3c111e7d0bd0913c7c04b6cc68294e4","size":604,"path":"media/graph/graph_0_summary_ba8ace2bbd7314ae7d7a.graph.json"},"_runtime":357,"trainer/global_step":199,"_step":49,"val_loss":0.11006221920251846,"_wandb":{"runtime":357},