{"trainer/global_step":29,"_timestamp":1.7607116308788345e+09,"_runtime":0,"epoch":1,"_step":3,"_wandb":{"runtime":0},"val_loss":0.2551771402359009,"train_loss":0.291960746049881,"lr":0.0009025000035762787,"graph_1":{"path":"media/graph/graph_1_summary_64b3b6bf201245d87e48.graph.json","_type":"graph-file","sha256":"64b3b6bf201245d87e48666b9fbf34137425bfe513e9db9ee09465c9499fc38a","size":759}}