{"gradients/hidden_layers.3.bias":{"_type":"histogram","values":[1,1,0,1,1,2,1,3,0,4,6,4,3,2,7,8,5,8,10,7,9,4,4,5,6,7,4,8,10,9,9,6,7,11,9,9,4,11,4,1,6,6,10,2,5,1,1,1,1,2,6,2,0,0,0,0,0,0,0,0,1,0,0,1],"bins":[-0.009123939089477062,-0.008798311464488506,-0.00847268383949995,-0.008147056214511395,-0.007821428589522839,-0.007495800498872995,-0.0071701728738844395,-0.0068445452488958836,-0.00651891715824604,-0.0061932895332574844,-0.0058676619082689285,-0.005542034283280373,-0.005216406658291817,-0.004890779033303261,-0.004565150942653418,-0.004239523317664862,-0.003913895692676306,-0.00358826806768775,-0.0032626402098685503,-0.0029370125848799944,-0.002611384727060795,-0.002285757102072239,-0.001960129477083683,-0.0016345017356798053,-0.0013088739942759275,-0.0009832462528720498,-0.000657618569675833,-0.0003319908573757857,-6.36314507573843e-06,0.00031926456722430885,0.0006448922795243561,0.000970519962720573,0.0012961477041244507,0.0016217754455283284,0.0019474031869322062,0.002273030811920762,0.0025986586697399616,0.0029242862947285175,0.0032499139197170734,0.003575541777536273,0.003901169402524829,0.0042267972603440285,0.004552424885332584,0.00487805251032114,0.005203680135309696,0.005529307760298252,0.005854935850948095,0.006180563475936651,0.006506191100925207,0.006831818725913763,0.007157446350902319,0.007483074441552162,0.007808702066540718,0.008134329691529274,0.00845995731651783,0.008785584941506386,0.009111212566494942,0.009436840191483498,0.009762467816472054,0.010088096372783184,0.01041372399777174,0.010739351622760296,0.011064979247748852,0.011390606872737408,0.011716234497725964]},"train_loss":0.10894639045000076,"gradients/hidden_layers.3.weight":{"values":[1,1,0,1,1,2,2,2,4,6,5,10,6,17,27,40,31,69,77,110,166,213,337,438,682,927,1308,1852,2470,44563,3741,2599,1747,1194,800,566,442,307,220,139,105,72,74,28,45,23,15,10,8,12,7,3,0,3,1,1,1,1,1,0,1,1,0,1],"bins":[-0.0013544957619160414,-0.0013091302243992686,-0.0012637646868824959,-0.0012183990329504013,-0.0011730334954336286,-0.0011276679579168558,-0.0010823023039847612,-0.0010369367664679885,-0.0009915712289512157,-0.000946205691434443,-0.0009008400957100093,-0.0008554744999855757,-0.0008101089624688029,-0.0007647434249520302,-0.0007193778292275965,-0.0006740122335031629,-0.0006286466959863901,-0.0005832811584696174,-0.0005379155627451837,-0.00049254996702075,-0.0004471844295039773,-0.0004018188628833741,-0.0003564532962627709,-0.0003110877296421677,-0.0002657221630215645,-0.00022035659640096128,-0.00017499102978035808,-0.00012962546315975487,-8.425989653915167e-05,-3.8894329918548465e-05,6.471236702054739e-06,5.183680332265794e-05,9.720248635858297e-05,0.00014256805297918618,0.00018793361959978938,0.00023329918622039258,0.0002786647528409958,0.000324030319461599,0.0003693958860822022,0.0004147614527028054,0.0004601270193234086,0.0005054925568401814,0.000550858152564615,0.0005962237482890487,0.0006415892858058214,0.0006869548233225942,0.0007323204190470278,0.0007776860147714615,0.0008230515522882342,0.000868417089805007,0.0009137826855294406,0.0009591482812538743,0.001004513818770647,0.0010498793562874198,0.0010952448938041925,0.0011406105477362871,0.0011859760852530599,0.0012313416227698326,0.0012767072767019272,0.0013220728142187,0.0013674383517354727,0.0014128038892522454,0.0014581694267690182,0.0015035350807011127,0.0015489006182178855],"_type":"histogram"},"_timestamp":1.7607740872182777e+09,"graph_0":{"_type":"graph-file","sha256":"300b0e97de1163935a31fb7873322eb9741a191fcc8a8f06b3259f75f77df2a1","size":1876,"path":"media/graph/graph_0_summary_300b0e97de1163935a31.graph.json"},"gradients/output_layer.weight":{"bins":[-0.0015050608199089766,-0.0014660304877907038,-0.0014270000392571092,-0.0013879695907235146,-0.0013489392586052418,-0.001309908926486969,-0.0012708784779533744,-0.0012318480294197798,-0.001192817697301507,-0.0011537873651832342,-0.0011147569166496396,-0.001075726468116045,-0.0010366961359977722,-0.0009976658038794994,-0.0009586353553459048,-0.0009196049650199711,-0.0008805745746940374,-0.0008415441843681037,-0.00080251379404217,-0.0007634834037162364,-0.0007244530133903027,-0.000685422623064369,-0.0006463922327384353,-0.0006073618424125016,-0.0005683314520865679,-0.0005293010617606342,-0.0004902706714347005,-0.0004512402811087668,-0.0004122098907828331,-0.0003731795004568994,-0.0003341491101309657,-0.000295118719805032,-0.0002560883294790983,-0.00021705793915316463,-0.00017802754882723093,-0.00013899715850129724,-9.996676817536354e-05,-6.0936377849429846e-05,-2.190598752349615e-05,1.7124402802437544e-05,5.615479312837124e-05,9.518518345430493e-05,0.00013421557378023863,0.00017324596410617232,0.00021227635443210602,0.0002513067447580397,0.0002903371350839734,0.0003293675254099071,0.0003683979157358408,0.0004074283060617745,0.0004464586963877082,0.0004854890867136419,0.0005245194770395756,0.0005635498673655093,0.000602580257691443,0.0006416106480173767,0.0006806410383433104,0.000719671428669244,0.0007587018189951777,0.0007977322093211114,0.0008367625996470451,0.0008757929899729788,0.0009148233802989125,0.0009538537706248462,0.00099288416095078],"_type":"histogram","values":[1,0,0,0,0,1,0,3,0,1,4,1,1,3,7,10,4,7,9,24,13,23,29,38,64,78,79,118,160,228,300,457,602,817,1149,1664,2176,3115,4075,3056,2113,1534,1178,844,613,429,337,274,171,118,77,63,43,25,20,12,11,8,6,4,2,0,0,1]},"epoch":24,"gradients/hidden_layers.2.weight":{"bins":[-0.09256698191165924,-0.0904611274600029,-0.08835527300834656,-0.08624942600727081,-0.08414357155561447,-0.08203771710395813,-0.07993186265230179,-0.07782600820064545,-0.0757201611995697,-0.07361430674791336,-0.07150845229625702,-0.06940259784460068,-0.06729674339294434,-0.065190888941288,-0.06308504194021225,-0.06097918748855591,-0.05887333303689957,-0.056767478585243225,-0.05466162785887718,-0.05255577340722084,-0.0504499226808548,-0.048344068229198456,-0.046238213777542114,-0.04413236305117607,-0.04202650859951973,-0.03992065414786339,-0.037814803421497345,-0.035708948969841,-0.03360309451818466,-0.03149724379181862,-0.029391389340162277,-0.027285536751151085,-0.025179684162139893,-0.0230738315731287,-0.020967978984117508,-0.018862124532461166,-0.016756271943449974,-0.014650419354438782,-0.012544565834105015,-0.010438712313771248,-0.008332859724760056,-0.006227006670087576,-0.004121153615415096,-0.0020153005607426167,9.055249392986298e-05,0.0021964055486023426,0.004302258603274822,0.006408111657947302,0.008513964712619781,0.010619817301630974,0.01272567082196474,0.014831524342298508,0.0169373769313097,0.019043229520320892,0.021149083971977234,0.023254936560988426,0.02536078914999962,0.02746664173901081,0.029572494328022003,0.031678348779678345,0.033784203231334686,0.03589005395770073,0.03799590840935707,0.040101759135723114,0.042207613587379456],"_type":"histogram","values":[5,0,0,1,0,0,2,0,1,0,0,1,0,0,0,6,3,6,2,6,5,4,4,5,8,8,8,8,5,14,4,9,14,28,19,46,25,50,51,76,144,169,347,58827,4019,601,322,197,103,68,64,65,47,39,22,13,10,12,8,9,13,3,0,10]},"_wandb":{"runtime":420},"lr":0.0007778213475830853,"_runtime":420,"trainer/global_step":724,"val_loss":0.10851845145225525,"_step":49,