{"lr":0.009801000356674194,"graph_0":{"_type":"graph-file","sha256":"6fcb0ff9eb0ac525e8465d13a4734928328d88b10e1cc0961c680582afa6cafb","size":1423,"path":"media/graph/graph_0_summary_6fcb0ff9eb0ac525e846.graph.json"},"trainer/global_step":29,"_wandb":{"runtime":22},"train_loss":0.22774603962898254,"epoch":1,"_runtime":22,"val_loss":0.18326058983802795,"_timestamp":1.760711429843845e+09,"_step":3}