{"lr":0.0007778213475830853,"graph_0":{"_type":"graph-file","sha256":"403eba08a7ee2965fc8490aa6e3319e8fdc0927c4f85985cd66b80e3fa2bc693","size":676,"path":"media/graph/graph_0_summary_403eba08a7ee2965fc84.graph.json"},"_wandb":{"runtime":92},"trainer/global_step":199,"gradients/output_layer.bias":{"_type":"histogram","values":[1,0,0,0,0,2,0,0,0,0,0,0,0,1,5,2,2,1,1,0,2,0,4,4,3,2,0,2,3,5,1,7,9,1,4,6,6,5,2,1,2,1,5,1,2,0,0,3,0,0,0,1,1,0,0,0,1,0,0,0,0,0,0,1],"bins":[-0.0021538317669183016,-0.0020901067182421684,-0.0020263816695660353,-0.0019626568537205458,-0.0018989318050444126,-0.0018352067563682795,-0.0017714817076921463,-0.001707756775431335,-0.0016440317267552018,-0.0015803066780790687,-0.0015165817458182573,-0.0014528566971421242,-0.001389131648465991,-0.0013254067162051797,-0.0012616816675290465,-0.0011979567352682352,-0.001134231686592102,-0.001070506637915969,-0.0010067817056551576,-0.0009430566569790244,-0.0008793316665105522,-0.0008156066760420799,-0.0007518816273659468,-0.0006881566368974745,-0.0006244316464290023,-0.00056070665596053,-0.0004969816654920578,-0.00043325661681592464,-0.0003695316263474524,-0.00030580663587898016,-0.00024208161630667746,-0.00017835661128629,-0.00011463137343525887,-5.0906368414871395e-05,1.2818636605516076e-05,7.654364162590355e-05,0.00014026864664629102,0.0002039936516666785,0.00026771865668706596,0.00033144367625936866,0.0003951686667278409,0.00045889365719631314,0.0005226186476647854,0.0005863436963409185,0.0006500686868093908,0.000713793677277863,0.0007775187259539962,0.0008412437164224684,0.0009049687068909407,0.0009686936973594129,0.0010324186878278852,0.0010961437365040183,0.0011598686687648296,0.0012235937174409628,0.001287318766117096,0.0013510436983779073,0.0014147687470540404,0.0014784937957301736,0.001542218727990985,0.001605943776667118,0.0016696688253432512,0.0017333937576040626,0.0017971188062801957,0.001860843738541007,0.0019245687872171402]},"_runtime":92,"epoch":24,"_timestamp":1.7607768329416077e+09,"_step":49,"val_loss":0.13417495787143707,"train_loss":0.13398206233978271,"gradients/output_layer.weight":{"_type":"histogram","values":[4,6,3,2,7,1,4,7,7,21,8,16,22,25,39,49,75,80,125,186,279,371,538,807,1093,1847,3654,9852,16399,6074,2963,1848,1266,956,660,526,363,310,257,188,207,128,88,86,58,62,39,39,33,21,29,15,11,12,6,4,1,3,5,2,3,2,3,5],"bins":[-0.032261937856674194,-0.031125642359256744,-0.029989344999194145,-0.028853047639131546,-0.027716752141714096,-0.026580456644296646,-0.025444159284234047,-0.024307861924171448,-0.023171566426753998,-0.022035270929336548,-0.02089897356927395,-0.01976267620921135,-0.0186263807117939,-0.01749008521437645,-0.01635378785431385,-0.015217491425573826,-0.014081194996833801,-0.012944898568093777,-0.011808602139353752,-0.010672305710613728,-0.009536009281873703,-0.008399712853133678,-0.007263416424393654,-0.006127119995653629,-0.004990823566913605,-0.00385452713817358,-0.0027182307094335556,-0.001581934280693531,-0.00044563785195350647,0.0006906585767865181,0.0018269550055265427,0.0029632514342665672,0.004099547863006592,0.005235844291746616,0.006372140720486641,0.0075084371492266655,0.00864473357796669,0.009781030006706715,0.01091732643544674,0.012053622864186764,0.013189919292926788,0.014326215721666813,0.015462512150406837,0.016598809510469437,0.017735105007886887,0.018871400505304337,0.020007697865366936,0.021143995225429535,0.022280290722846985,0.023416586220264435,0.024552883580327034,0.025689180940389633,0.026825476437807083,0.027961771935224533,0.029098069295287132,0.03023436665534973,0.03137066215276718,0.03250695765018463,0.03364325314760208,0.03477955237030983,0.03591584786772728,0.03705214336514473,0.03818844258785248,0.03932473808526993,0.04046103358268738]},"gradients/hidden_layers.0.bias":{"_type":"histogram","values":[1,0,0,0,1,0,0,2,1,0,3,2,5,3,3,5,7,7,9,12,11,17,17,14,13,21,19,21,20,24,20,21,16,23,21,25,17,15,16,15,11,9,10,13,9,4,7,3,3,5,2,1,3,1,1,0,1,1,0,0,0,0,0,1],"bins":[-0.006034982856363058,-0.005840819329023361,-0.005646655336022377,-0.00545249180868268,-0.005258328281342983,-0.005064164288341999,-0.004870000761002302,-0.004675836768001318,-0.004481673240661621,-0.004287509713321924,-0.00409334572032094,-0.003899182192981243,-0.0037050184328109026,-0.003510854672640562,-0.003316691145300865,-0.0031225273851305246,-0.002928363624960184,-0.0027341998647898436,-0.002540036104619503,-0.002345872577279806,-0.0021517088171094656,-0.001957545056939125,-0.0017633814131841063,-0.0015692177694290876,-0.001375054009258747,-0.0011808902490884066,-0.0009867266053333879,-0.0007925629033707082,-0.0005983992014080286,-0.000404235499445349,-0.00021007179748266935,-1.590809551998973e-05,0.0001782560721039772,0.00037241977406665683,0.0005665834760293365,0.0007607471779920161,0.0009549108799546957,0.0011490746401250362,0.001343238283880055,0.0015374019276350737,0.0017315656878054142,0.0019257294479757547,0.0021198932081460953,0.002314056735485792,0.0025082204956561327,0.0027023842558264732,0.00289654778316617,0.0030907115433365107,0.003284875303506851,0.0034790390636771917,0.0036732028238475323,0.003867366351187229,0.004061530344188213,0.00425569387152791,0.004449857398867607,0.004644021391868591,0.004838184919208288,0.005032348446547985,0.005226512439548969,0.005420675966888666,0.005614839494228363,0.005809003487229347,0.006003167014569044,0.006197331007570028,0.006391494534909725]},"gradients/hidden_layers.0.weight":{"bins":[-0.006026469636708498,-0.005846315063536167,-0.005666160956025124,-0.005486006382852793,-0.005305852275341749,-0.005125697702169418,-0.004945543594658375,-0.004765389021486044,-0.004585234448313713,-0.0044050803408026695,-0.004224925767630339,-0.004044771660119295,-0.0038646170869469643,-0.003684462746605277,-0.00350430840626359,-0.0033241540659219027,-0.0031439997255802155,-0.0029638453852385283,-0.002783691044896841,-0.002603536704555154,-0.0024233823642134666,-0.002243227791041136,-0.0020630734506994486,-0.0018829191103577614,-0.0017027647700160742,-0.001522610429674387,-0.0013424560893326998,-0.0011623016325756907,-0.0009821472922340035,-0.0008019929518923163,-0.0006218385533429682,-0.00044168418389745057,-0.0002615298144519329,-8.137544500641525e-05,9.877892443910241e-05,0.00027893329388462007,0.00045908766333013773,0.0006392420036718249,0.000819396402221173,0.0009995508007705212,0.0011797051411122084,0.0013598594814538956,0.0015400138217955828,0.0017201682785525918,0.001900322618894279,0.002080477075651288,0.0022606314159929752,0.0024407857563346624,0.0026209400966763496,0.002801094437018037,0.002981248777359724,0.0031614031177014112,0.0033415574580430984,0.0035217120312154293,0.0037018663715571165,0.0038820207118988037,0.004062174819409847,0.004242329392582178,0.004422483965754509,0.0046026380732655525,0.004782792646437883,0.004962946753948927,0.005143101327121258,0.005323255434632301,0.005503410007804632],"_type":"histogram","values":[1,0,1,0,0,0,1,1,0,3,1,2,1,1,5,3,6,7,7,5,7,10,10,14,14,15,16,18,19,13,18,22,24,26,24,13,12,17,18,20,16,16,15,15,15,12,11,4,8,6,6,3,3,0,1,1,1,1,0,0,1,1,0,1]}}