{"_wandb":{"runtime":0},"_runtime":0,"train_loss":0.3831838071346283,"_timestamp":1.7607077293832371e+09,"lr":0.0009025000035762787,"graph_0":{"_type":"graph-file","sha256":"afa63379cc81c1bf39a09613d75fdf3c8b0a59d62622492aa9be4b12ea58e0bb","size":785,"path":"media/graph/graph_0_summary_afa63379cc81c1bf39a0.graph.json"},"_step":3,"val_loss":0.3034359812736511,"trainer/global_step":29,"epoch":1}