{"gradients/output_layer.weight":{"values":[2,0,2,5,6,14,15,16,18,21,29,29,42,58,69,100,137,177,202,273,327,457,545,744,930,1329,1868,2934,3778,3000,1920,1436,931,756,609,489,406,414,341,278,263,182,188,143,133,95,82,69,61,49,41,31,30,31,22,19,20,12,10,7,1,3,0,1],"bins":[-0.0008487803861498833,-0.0008188339998014271,-0.000788887613452971,-0.0007589412271045148,-0.0007289948407560587,-0.0006990484544076025,-0.0006691021262668073,-0.0006391557399183512,-0.000609209353569895,-0.0005792629672214389,-0.0005493165808729827,-0.0005193701945245266,-0.0004894238081760705,-0.0004594774218276143,-0.0004295310645829886,-0.0003995846782345325,-0.00036963829188607633,-0.0003396919055376202,-0.00030974551918916404,-0.00027979916194453835,-0.0002498527755960822,-0.00021990638924762607,-0.00018996000289916992,-0.000160013631102629,-0.00013006724475417286,-0.00010012086568167433,-7.01744866091758e-05,-4.022810026071966e-05,-1.0281721188221127e-05,1.9664659703266807e-05,4.961104059475474e-05,7.955742330523208e-05,0.00010950380237773061,0.00013945018872618675,0.00016939656052272767,0.0001993429468711838,0.00022928931866772473,0.0002592357050161809,0.000289182091364637,0.00031912847771309316,0.00034907483495771885,0.000379021221306175,0.00040896760765463114,0.0004389139940030873,0.0004688603803515434,0.0004988067666999996,0.0005287531530484557,0.0005586995393969119,0.000588645925745368,0.0006185922538861632,0.0006485386402346194,0.0006784850265830755,0.0007084314129315317,0.0007383777992799878,0.000768324185628444,0.0007982705719769001,0.0008282169583253562,0.0008581633446738124,0.0008881097310222685,0.0009180560591630638,0.0009480024455115199,0.000977948890067637,0.0010078952182084322,0.0010378416627645493,0.0010677879909053445],"_type":"histogram"},"trainer/global_step":724,"gradients/hidden_layers.2.bias":{"values":[1,0,0,0,0,0,0,1,0,0,0,0,0,0,0,0,0,0,0,0,0,0,1,0,3,6,26,217,0,0,0,0,0,0,0,0,0,0,0,0,0,0,0,0,0,0,0,0,0,0,0,0,0,0,0,0,0,0,0,0,0,0,0,1],"bins":[-0.2954176068305969,-0.2847190499305725,-0.2740204930305481,-0.2633219361305237,-0.25262337923049927,-0.24192482233047485,-0.23122626543045044,-0.22052770853042603,-0.2098291516304016,-0.199130579829216,-0.1884320229291916,-0.17773346602916718,-0.16703490912914276,-0.15633635222911835,-0.14563779532909393,-0.13493923842906952,-0.1242406815290451,-0.11354212462902069,-0.10284356772899628,-0.09214501082897186,-0.08144645392894745,-0.07074788957834244,-0.060049332678318024,-0.04935077577829361,-0.038652218878269196,-0.02795366197824478,-0.017255103215575218,-0.0065565453842282295,0.004142012447118759,0.014840570278465748,0.025539128109812737,0.0362376868724823,0.046936243772506714,0.05763480067253113,0.06833335757255554,0.07903191447257996,0.08973047137260437,0.10042903572320938,0.1111275926232338,0.12182614952325821,0.13252469897270203,0.14322327077388763,0.15392182767391205,0.16462038457393646,0.17531894147396088,0.1860174983739853,0.1967160552740097,0.20741461217403412,0.21811316907405853,0.22881172597408295,0.23951028287410736,0.25020885467529297,0.2609074115753174,0.2716059684753418,0.2823045253753662,0.2930030822753906,0.30370163917541504,0.31440019607543945,0.32509875297546387,0.3357973098754883,0.3464958667755127,0.3571944236755371,0.3678929805755615,0.37859153747558594,0.38929009437561035],"_type":"histogram"},"_step":49,"val_loss":0.1150265783071518,"gradients/hidden_layers.0.weight":{"_type":"histogram","values":[1,0,0,0,0,0,0,0,0,0,1,0,0,0,0,0,0,1,0,0,0,0,0,0,0,0,0,0,0,0,0,0,0,0,0,1,0,0,0,0,0,0,0,0,0,0,0,0,0,0,1,2,2,4,3,5,6,155,18,18,15,10,4,9],"bins":[-6.127288818359375,-6.020538330078125,-5.913787364959717,-5.807036876678467,-5.700285911560059,-5.593535423278809,-5.486784934997559,-5.38003396987915,-5.2732834815979,-5.166532516479492,-5.059782028198242,-4.953031539916992,-4.846280574798584,-4.739530086517334,-4.632779121398926,-4.526028633117676,-4.419278144836426,-4.312527179718018,-4.205776691436768,-4.099025726318359,-3.9922752380371094,-3.8855245113372803,-3.778773784637451,-3.672023057937622,-3.565272331237793,-3.458521842956543,-3.351771116256714,-3.2450203895568848,-3.1382696628570557,-3.0315189361572266,-2.9247684478759766,-2.8180177211761475,-2.7112669944763184,-2.6045162677764893,-2.4977657794952393,-2.39101505279541,-2.284264326095581,-2.177513599395752,-2.070762872695923,-1.9640122652053833,-1.8572616577148438,-1.7505109310150146,-1.6437602043151855,-1.537009596824646,-1.430258870124817,-1.3235081434249878,-1.2167575359344482,-1.1100068092346191,-1.00325608253479,-0.8965054750442505,-0.7897547483444214,-0.6830040812492371,-0.5762534141540527,-0.4695027470588684,-0.3627520501613617,-0.256001353263855,-0.14925068616867065,-0.042500004172325134,0.06425067782402039,0.1710013598203659,0.2777520418167114,0.38450270891189575,0.49125340580940247,0.5980041027069092,0.7047547698020935]},"lr":0.002773895626887679,"gradients/hidden_layers.1.bias":{"bins":[-0.19131150841712952,-0.17729821801185608,-0.16328492760658264,-0.1492716372013092,-0.13525834679603577,-0.12124505639076233,-0.10723176598548889,-0.09321847558021545,-0.07920518517494202,-0.06519189476966858,-0.05117860436439514,-0.037165313959121704,-0.023152023553848267,-0.009138733148574829,0.004874557256698608,0.018887847661972046,0.03290113806724548,0.04691442847251892,0.06092771887779236,0.0749410092830658,0.08895429968833923,0.10296759009361267,0.11698088049888611,0.13099417090415955,0.14500746130943298,0.15902075171470642,0.17303404211997986,0.1870473325252533,0.20106062293052673,0.21507391333580017,0.2290872037410736,0.24310049414634705,0.2571137547492981,0.27112704515457153,0.28514033555984497,0.2991536259651184,0.31316691637039185,0.3271802067756653,0.3411934971809387,0.35520678758621216,0.3692200779914856,0.38323336839675903,0.39724665880203247,0.4112599492073059,0.42527323961257935,0.4392865300178528,0.4532998204231262,0.46731311082839966,0.4813264012336731,0.49533969163894653,0.50935298204422,0.5233662724494934,0.5373795628547668,0.5513928532600403,0.5654061436653137,0.5794194340705872,0.5934327244758606,0.607446014881134,0.6214593052864075,0.6354725956916809,0.6494858860969543,0.6634991765022278,0.6775124669075012,0.6915257573127747,0.7055390477180481],"_type":"histogram","values":[1,0,0,0,0,0,0,1,0,0,1,0,0,249,1,0,0,0,0,0,0,1,0,0,0,0,1,0,0,0,0,0,0,0,0,0,0,0,0,0,0,0,0,0,0,0,0,0,0,0,0,0,0,0,0,0,0,0,0,0,0,0,0,1]},"gradients/hidden_layers.3.bias":{"_type":"histogram","values":[1,1,0,0,1,0,0,2,2,5,1,4,4,4,1,4,8,2,1,4,3,9,7,4,9,5,12,8,5,5,5,7,4,1,3,5,0,6,2,5,2,3,1,1,2,4,7,8,5,1,5,7,7,8,6,6,9,5,5,4,5,0,2,3],"bins":[-0.03166680410504341,-0.030745383352041245,-0.029823962599039078,-0.02890254184603691,-0.027981121093034744,-0.027059700340032578,-0.02613827958703041,-0.025216858834028244,-0.024295438081026077,-0.02337401919066906,-0.022452598437666893,-0.021531177684664726,-0.02060975693166256,-0.019688336178660393,-0.018766915425658226,-0.01784549467265606,-0.016924073919653893,-0.016002653166651726,-0.015081232413649559,-0.014159811660647392,-0.013238390907645226,-0.012316971085965633,-0.011395550332963467,-0.0104741295799613,-0.009552708826959133,-0.008631288073956966,-0.0077098673209548,-0.00678844703361392,-0.0058670262806117535,-0.004945605527609587,-0.004024185240268707,-0.0031027644872665405,-0.0021813437342643738,-0.0012599230976775289,-0.00033850246109068394,0.000582918175496161,0.001504338812083006,0.0024257595650851727,0.0033471800852566957,0.004268600605428219,0.005190021358430386,0.006111442111432552,0.007032862864434719,0.007954283617436886,0.008875703439116478,0.009797124192118645,0.010718544945120811,0.011639965698122978,0.012561386451125145,0.013482807204127312,0.014404227957129478,0.015325648710131645,0.016247069463133812,0.01716849021613598,0.018089910969138145,0.019011331722140312,0.01993275061249733,0.020854171365499496,0.021775592118501663,0.02269701287150383,0.023618433624505997,0.024539854377508163,0.02546127513051033,0.026382695883512497,0.027304116636514664]},"_wandb":{"runtime":415},