{"val_loss":0.1283751279115677,"lr":0.004900500178337097,"_runtime":12,"graph_0":{"path":"media/graph/graph_0_summary_57ed79bdb38d8a13b149.graph.json","_type":"graph-file","sha256":"57ed79bdb38d8a13b149f86880881f6573d9533209006b42237de93be53c58b0","size":1423},"_step":3,"epoch":1,"trainer/global_step":29,"_wandb":{"runtime":12},"train_loss":0.13113383948802948,"_timestamp":1.760711321314018e+09}