{"gradients/output_layer.weight":{"_type":"histogram","values":[1,0,0,1,0,3,1,0,2,2,3,1,3,7,11,12,12,16,18,29,32,45,47,63,89,123,199,335,525,1000,2675,3920,1112,764,501,433,306,207,214,139,89,102,57,61,41,38,29,12,25,8,15,7,5,15,10,3,5,9,8,4,1,1,1,3],"bins":[-0.059074535965919495,-0.05718480795621872,-0.055295079946517944,-0.05340534821152687,-0.051515620201826096,-0.04962589219212532,-0.047736164182424545,-0.04584643617272377,-0.0439567044377327,-0.04206697642803192,-0.040177248418331146,-0.03828752040863037,-0.036397792398929596,-0.03450806438922882,-0.03261833265423775,-0.030728604644536972,-0.028838876634836197,-0.026949148625135422,-0.025059418752789497,-0.023169690743088722,-0.021279960870742798,-0.019390232861042023,-0.017500504851341248,-0.015610775910317898,-0.013721046969294548,-0.011831318028271198,-0.009941589087247849,-0.008051861077547073,-0.006162132136523724,-0.004272403195500374,-0.0023826747201383114,-0.0004929460119456053,0.0013967826962471008,0.003286511404439807,0.005176240112632513,0.0070659685879945755,0.008955697529017925,0.010845426470041275,0.01273515447974205,0.0146248834207654,0.01651461236178875,0.018404340371489525,0.02029407024383545,0.022183798253536224,0.024073526263237,0.025963256135582924,0.0278529841452837,0.029742714017629623,0.0316324420273304,0.033522170037031174,0.03541189804673195,0.03730162978172302,0.0391913577914238,0.04108108580112457,0.04297081381082535,0.04486054182052612,0.0467502698302269,0.04864000156521797,0.05052972957491875,0.05241945758461952,0.0543091855943203,0.05619891360402107,0.058088645339012146,0.05997837334871292,0.061868101358413696]},"_step":49,"gradients/hidden_layers.0.bias":{"values":[2,1,2,1,5,1,2,3,4,5,5,3,3,3,4,1,3,2,2,3,4,4,2,5,6,5,1,7,3,3,1,7,2,1,4,1,4,1,4,0,0,1,2,1,0,1,0,0,0,0,0,0,0,0,1,0,0,0,0,0,0,1,0,1],"bins":[-0.012193975038826466,-0.011600615456700325,-0.011007255874574184,-0.010413896292448044,-0.009820536710321903,-0.009227177128195763,-0.008633817546069622,-0.008040457963943481,-0.007447098381817341,-0.0068537387996912,-0.00626037921756506,-0.005667019635438919,-0.0050736600533127785,-0.004480300471186638,-0.0038869408890604973,-0.0032935813069343567,-0.002700221724808216,-0.0021068621426820755,-0.001513502560555935,-0.0009201429784297943,-0.0003267833963036537,0.0002665761858224869,0.0008599357679486275,0.001453295350074768,0.0020466549322009087,0.0026400145143270493,0.00323337409645319,0.0038267336785793304,0.004420093260705471,0.005013452842831612,0.005606812424957752,0.006200172007083893,0.006793530657887459,0.007386890240013599,0.00798024982213974,0.00857360940426588,0.009166968986392021,0.009760328568518162,0.010353688150644302,0.010947047732770443,0.011540407314896584,0.012133766897022724,0.012727126479148865,0.013320486061275005,0.013913845643401146,0.014507205225527287,0.015100564807653427,0.015693925321102142,0.01628728397190571,0.016880642622709274,0.01747400313615799,0.018067363649606705,0.01866072230041027,0.019254080951213837,0.019847441464662552,0.020440801978111267,0.021034160628914833,0.0216275192797184,0.022220879793167114,0.02281424030661583,0.023407598957419395,0.02400095760822296,0.024594318121671677,0.025187678635120392,0.025781037285923958],"_type":"histogram"},"epoch":24,"trainer/global_step":374,"train_loss":0.15390479564666748,"_timestamp":1.7607730290151954e+09,"graph_0":{"_type":"graph-file","sha256":"179756b65108d0118117c0acd18912a97240b1c2a49d6abaf262c0852bf44dc4","size":676,"path":"media/graph/graph_0_summary_179756b65108d0118117.graph.json"},"val_loss":0.15365274250507355,"lr":0.00038891067379154265,"_runtime":42,"gradients/hidden_layers.0.weight":{"_type":"histogram","values":[1,2,3,1,0,0,3,0,3,0,2,2,1,3,4,5,4,1,3,8,2,4,4,3,2,3,3,3,4,4,4,4,2,2,4,3,9,1,2,1,3,0,3,2,0,2,1,0,1,1,1,0,1,0,1,1,0,0,0,0,0,0,0,1],"bins":[-0.012870442122220993,-0.012314370833337307,-0.011758299544453621,-0.011202228255569935,-0.010646156966686249,-0.010090084746479988,-0.009534013457596302,-0.008977942168712616,-0.00842187087982893,-0.007865799590945244,-0.007309728302061558,-0.006753656547516584,-0.006197585258632898,-0.005641513969749212,-0.005085442215204239,-0.004529370926320553,-0.003973299637436867,-0.0034172283485531807,-0.002861156826838851,-0.0023050853051245213,-0.0017490140162408352,-0.0011929426109418273,-0.0006368712056428194,-8.079980034381151e-05,0.0004752716049551964,0.0010313430102542043,0.0015874144155532122,0.002143485937267542,0.002699557226151228,0.003255628515034914,0.0038117000367492437,0.0043677715584635735,0.00492384098470211,0.005479912273585796,0.006035983562469482,0.006592055317014456,0.007148126605898142,0.007704197894781828,0.008260269649326801,0.008816340938210487,0.009372412227094173,0.00992848351597786,0.010484554804861546,0.011040626093745232,0.011596698313951492,0.012152769602835178,0.012708840891718864,0.01326491218060255,0.013820983469486237,0.014377054758369923,0.014933126047253609,0.015489197336137295,0.01604526862502098,0.01660134084522724,0.017157411202788353,0.017713483422994614,0.018269553780555725,0.018825626000761986,0.019381698220968246,0.019937768578529358,0.02049384079873562,0.02104991115629673,0.02160598337650299,0.022162053734064102,0.022718125954270363]},"_wandb":{"runtime":42},"gradients/output_layer.bias":{"_type":"histogram","values":[1,1,1,0,1,2,0,0,2,0,2,0,0,3,0,0,1,1,1,3,2,1,3,7,4,3,2,3,3,3,1,4,4,1,3,1,2,6,2,5,4,2,3,3,2,0,1,0,2,1,0,0,0,0,0,0,0,1,1,0,0,0,0,1],"bins":[-0.0019177946960553527,-0.0018634590087458491,-0.0018091232050210238,-0.0017547875177115202,-0.0017004518304020166,-0.0016461160266771913,-0.0015917803393676877,-0.0015374445356428623,-0.0014831088483333588,-0.0014287731610238552,-0.0013744373572990298,-0.0013201016699895263,-0.0012657658662647009,-0.0012114301789551973,-0.0011570944916456938,-0.0011027586879208684,-0.0010484230006113648,-0.0009940873133018613,-0.0009397515095770359,-0.0008854158222675323,-0.0008310800767503679,-0.0007767443312332034,-0.0007224086439236999,-0.0006680728984065354,-0.0006137371528893709,-0.0005594014073722064,-0.000505065661855042,-0.0004507299745455384,-0.00039639422902837396,-0.0003420584835112095,-0.0002877227670978755,-0.00023338703613262624,-0.000179051305167377,-0.00012471557420212775,-7.037984323687851e-05,-1.6044112271629274e-05,3.8291618693619967e-05,9.262734965886921e-05,0.00014696308062411845,0.0002012988115893677,0.00025563454255461693,0.0003099702880717814,0.0003643060044851154,0.0004186417208984494,0.0004729774664156139,0.0005273132119327784,0.0005816488992422819,0.0006359846447594464,0.0006903203902766109,0.0007446561357937753,0.0007989918813109398,0.0008533275686204433,0.0009076633141376078,0.0009619990596547723,0.0010163347469642758,0.0010706705506891012,0.0011250062379986048,0.0011793419253081083,0.0012336777290329337,0.0012880134163424373,0.0013423492200672626,0.0013966849073767662,0.0014510205946862698,0.0015053563984110951,0.0015596920857205987]}}