{"train_loss":0.135173499584198,"_wandb":{"runtime":22},"_timestamp":1.7607115773665557e+09,"val_loss":0.13255390524864197,"graph_0":{"_type":"graph-file","sha256":"8748bde6102c6fbd0b8c441ce1dbbe26e4d1a09f4d7fe2d7fa7a5e091f304255","size":1423,"path":"media/graph/graph_0_summary_8748bde6102c6fbd0b8c.graph.json"},"epoch":1,"trainer/global_step":29,"_step":3,"lr":0.000980100012384355,"_runtime":22}