{"epoch":1,"train_loss":0.16988539695739746,"lr":0.009801000356674194,"val_loss":0.15367722511291504,"_timestamp":1.760710278197733e+09,"_wandb":{"runtime":23},"_step":3,"graph_0":{"_type":"graph-file","sha256":"01e28b6ee4d045b0e752aa0786496af13a797a740fe2bd28774ec2456b4a1a49","size":1423,"path":"media/graph/graph_0_summary_01e28b6ee4d045b0e752.graph.json"},"trainer/global_step":29,"_runtime":23}