{"val_loss":0.14005860686302185,"gradients/hidden_layers.2.bias":{"bins":[-0.13114479184150696,-0.12772707641124725,-0.12430936098098755,-0.12089164555072784,-0.11747393012046814,-0.11405622214078903,-0.11063850671052933,-0.10722079128026962,-0.10380307585000992,-0.10038536041975021,-0.09696764498949051,-0.0935499295592308,-0.0901322215795517,-0.08671450614929199,-0.08329679071903229,-0.07987907528877258,-0.07646135985851288,-0.07304364442825317,-0.06962592899799347,-0.06620821356773376,-0.06279049813747406,-0.059372786432504654,-0.05595507472753525,-0.05253735929727554,-0.04911964386701584,-0.045701928436756134,-0.04228421300649643,-0.03886650130152702,-0.03544878587126732,-0.032031070441007614,-0.02861335687339306,-0.025195643305778503,-0.021777920424938202,-0.018360204994678497,-0.014942491427063942,-0.011524776928126812,-0.008107062429189682,-0.004689347930252552,-0.001271633431315422,0.002146081067621708,0.005563795566558838,0.008981510065495968,0.012399224564433098,0.015816938132047653,0.019234653562307358,0.022652368992567062,0.026070082560181618,0.029487796127796173,0.03290551155805588,0.03632322698831558,0.03974094241857529,0.04315865412354469,0.0465763695538044,0.0499940849840641,0.05341179668903351,0.05682951211929321,0.06024722754955292,0.06366494297981262,0.06708265841007233,0.07050037384033203,0.07391808927059174,0.07733579725027084,0.08075351268053055,0.08417122811079025,0.08758894354104996],"_type":"histogram","values":[1,0,0,0,0,0,0,0,0,0,0,0,0,2,0,1,0,1,1,0,3,0,1,2,1,5,1,4,4,3,4,2,11,3,4,12,10,16,81,13,12,9,4,2,5,5,5,2,4,5,2,1,1,2,2,2,2,2,0,0,0,1,0,2]},"gradients/hidden_layers.0.bias":{"bins":[-0.9019197225570679,-0.8609542846679688,-0.8199888467788696,-0.7790233492851257,-0.7380579113960266,-0.6970924735069275,-0.6561269760131836,-0.6151615381240845,-0.5741961002349854,-0.5332306623458862,-0.4922651946544647,-0.4512997269630432,-0.4103342890739441,-0.36936885118484497,-0.32840338349342346,-0.28743791580200195,-0.24647247791290283,-0.20550702512264252,-0.1645415723323822,-0.12357611954212189,-0.08261066675186157,-0.04164521396160126,-0.0006797611713409424,0.04028569161891937,0.08125114440917969,0.12221659719944,0.16318204998970032,0.20414750277996063,0.24511295557022095,0.28607839345932007,0.3270438611507416,0.3680093288421631,0.4089747667312622,0.44994020462036133,0.49090567231178284,0.5318711400032043,0.5728365778923035,0.6138020157814026,0.6547675132751465,0.6957329511642456,0.7366983890533447,0.7776638269424438,0.818629264831543,0.8595947623252869,0.900560200214386,0.9415256381034851,0.982491135597229,1.0234565734863281,1.0644220113754272,1.1053874492645264,1.1463528871536255,1.1873183250427246,1.2282838821411133,1.2692493200302124,1.3102147579193115,1.3511801958084106,1.3921456336975098,1.4331110715866089,1.474076509475708,1.5150419473648071,1.5560073852539062,1.596972942352295,1.637938380241394,1.6789038181304932,1.7198692560195923],"_type":"histogram","values":[2,0,1,2,1,1,1,1,1,1,2,3,2,4,0,3,5,7,10,8,10,25,74,14,12,4,6,3,8,5,2,4,2,1,3,1,2,3,2,1,2,2,1,2,1,2,2,2,0,1,1,1,0,0,0,1,0,0,0,0,0,0,0,1]},"gradients/hidden_layers.3.weight":{"_type":"histogram","values":[1,1,2,0,2,5,2,4,7,9,8,14,14,13,21,26,19,31,42,57,56,99,103,110,149,210,260,382,478,671,931,1364,2171,3441,5574,35958,4437,2623,1687,1136,848,601,421,302,285,192,174,113,97,74,64,58,42,28,28,28,19,14,10,9,4,5,1,1],"bins":[-0.0069867633283138275,-0.006789398845285177,-0.006592034362256527,-0.006394669879227877,-0.006197305396199226,-0.005999940913170576,-0.005802576430141926,-0.0056052119471132755,-0.005407847464084625,-0.005210483446717262,-0.005013118963688612,-0.004815754480659962,-0.004618389997631311,-0.004421025514602661,-0.004223661031574011,-0.0040262965485453606,-0.0038289320655167103,-0.00363156758248806,-0.0034342030994594097,-0.0032368386164307594,-0.003039474133402109,-0.0028421098832041025,-0.0026447454001754522,-0.002447380917146802,-0.0022500164341181517,-0.0020526519510895014,-0.001855287468060851,-0.0016579231014475226,-0.0014605586184188724,-0.001263194135390222,-0.0010658297687768936,-0.0008684652857482433,-0.000671100802719593,-0.0004737363487947732,-0.0002763718948699534,-7.900744094513357e-05,0.00011835701297968626,0.0003157214669045061,0.0005130859208293259,0.0007104503456503153,0.0009078148286789656,0.0011051793117076159,0.0013025437947362661,0.0014999081613495946,0.0016972726443782449,0.0018946371274068952,0.0020920014940202236,0.002289365977048874,0.002486730460077524,0.0026840949431061745,0.0028814594261348248,0.003078823909163475,0.0032761883921921253,0.003473552642390132,0.0036709171254187822,0.0038682816084474325,0.004065645858645439,0.004263010341674089,0.00446037482470274,0.00465773930773139,0.00485510379076004,0.005052468273788691,0.005249832756817341,0.005447197239845991,0.005644561722874641]},"_timestamp":1.760787984838398e+09,"lr":0.0077782138250768185,"epoch":24,"gradients/hidden_layers.1.bias":{"_type":"histogram","values":[1,0,0,0,2,0,1,0,1,1,1,1,0,2,2,1,2,0,2,4,5,1,2,6,51,134,4,1,4,1,6,3,3,0,2,1,1,0,3,1,1,1,0,0,0,0,1,0,0,0,0,1,1,0,0,0,0,0,0,0,0,0,0,1],"bins":[-0.28550243377685547,-0.27409911155700684,-0.2626957893371582,-0.2512924373149872,-0.23988911509513855,-0.22848579287528992,-0.2170824557542801,-0.20567911863327026,-0.19427579641342163,-0.182872474193573,-0.17146913707256317,-0.16006579995155334,-0.1486624777317047,-0.13725915551185608,-0.12585581839084625,-0.11445248872041702,-0.10304915904998779,-0.09164582937955856,-0.08024249970912933,-0.0688391700387001,-0.057435840368270874,-0.046032510697841644,-0.034629181027412415,-0.023225851356983185,-0.011822521686553955,-0.00041919201612472534,0.010984137654304504,0.022387467324733734,0.033790796995162964,0.045194126665592194,0.05659745633602142,0.06800078600645065,0.07940414547920227,0.0908074751496315,0.10221080482006073,0.11361413449048996,0.1250174641609192,0.13642078638076782,0.14782412350177765,0.15922746062278748,0.1706307828426361,0.18203410506248474,0.19343744218349457,0.2048407793045044,0.21624410152435303,0.22764742374420166,0.2390507608652115,0.2504540979862213,0.26185742020606995,0.2732607424259186,0.2846640944480896,0.29606741666793823,0.30747073888778687,0.3188740611076355,0.33027738332748413,0.34168073534965515,0.3530840575695038,0.3644873797893524,0.37589073181152344,0.38729405403137207,0.3986973762512207,0.41010069847106934,0.42150402069091797,0.432907372713089,0.4443106949329376]},"gradients/output_layer.bias":{"_type":"histogram","values":[1,0,1,0,0,0,0,1,0,1,0,0,0,1,2,3,2,1,2,2,3,0,3,1,0,5,1,0,2,3,2,7,3,4,3,3,3,1,3,1,2,5,1,2,1,3,5,2,1,2,0,1,3,1,3,0,0,0,0,0,1,0,1,1],