{"gradients/hidden_layers.3.bias":{"bins":[-0.013887989334762096,-0.013445290736854076,-0.013002592138946056,-0.012559893541038036,-0.012117194943130016,-0.011674496345221996,-0.011231796815991402,-0.010789098218083382,-0.010346399620175362,-0.009903701022267342,-0.009461002424359322,-0.009018303826451302,-0.008575605228543282,-0.008132906630635262,-0.007690207567065954,-0.007247508969157934,-0.006804810371249914,-0.006362111773341894,-0.005919413175433874,-0.005476714111864567,-0.005034015513956547,-0.004591316916048527,-0.004148618318140507,-0.003705919487401843,-0.003263220889493823,-0.002820522291585803,-0.0023778234608471394,-0.0019351248629391193,-0.0014924261486157775,-0.0010497274342924356,-0.0006070287781767547,-0.00016433009295724332,0.00027836859226226807,0.0007210673065856099,0.0011637660209089518,0.0016064646188169718,0.0020491634495556355,0.0024918620474636555,0.0029345606453716755,0.003377259476110339,0.003819958074018359,0.004262656904757023,0.004705355502665043,0.005148054100573063,0.005590752698481083,0.006033451296389103,0.00647615035995841,0.00691884895786643,0.00736154755577445,0.00780424615368247,0.008246945217251778,0.008689643815159798,0.009132342413067818,0.009575041010975838,0.010017739608883858,0.010460438206791878,0.010903136804699898,0.011345835402607918,0.011788534000515938,0.012231233529746532,0.012673932127654552,0.013116630725562572,0.013559329323470592,0.014002027921378613,0.014444726519286633],"_type":"histogram","values":[2,0,0,1,0,1,2,0,2,3,2,2,3,3,4,1,4,2,5,4,4,9,4,11,7,6,10,6,9,14,5,9,9,5,11,8,3,12,7,7,4,8,3,5,9,3,1,3,4,6,2,1,1,1,3,0,0,1,0,0,1,1,0,2]},"_step":49,"gradients/output_layer.bias":{"_type":"histogram","values":[1,1,0,0,0,2,0,0,0,1,0,0,0,0,2,0,1,1,2,1,1,1,3,2,3,3,2,4,4,3,2,3,4,1,4,2,2,8,2,3,2,1,3,0,2,3,1,4,1,1,0,3,0,0,2,2,2,0,2,0,0,1,0,1],"bins":[-0.0009133957209996879,-0.0008703054627403617,-0.0008272151462733746,-0.0007841248880140483,-0.0007410346297547221,-0.0006979443714953959,-0.0006548541132360697,-0.0006117637967690825,-0.0005686735385097563,-0.0005255832802504301,-0.00048249299288727343,-0.00043940270552411675,-0.00039631244726479053,-0.0003532221890054643,-0.00031013190164230764,-0.00026704161427915096,-0.00022395135601982474,-0.0001808610832085833,-0.00013777081039734185,-9.46805375861004e-05,-5.159026477485895e-05,-8.499991963617504e-06,3.4590280847623944e-05,7.768055365886539e-05,0.00012077082647010684,0.0001638610992813483,0.00020695137209258974,0.0002500416594557464,0.00029313191771507263,0.00033622217597439885,0.00037931246333755553,0.0004224027507007122,0.00046549306716769934,0.0005085833254270256,0.0005516735836863518,0.0005947639001533389,0.0006378541584126651,0.0006809444166719913,0.0007240347331389785,0.0007671249913983047,0.0008102152496576309,0.0008533055079169571,0.0008963957661762834,0.0009394860826432705,0.0009825762826949358,0.001025666599161923,0.00106875691562891,0.0011118471156805754,0.0011549374321475625,0.0011980277486145496,0.001241117948666215,0.001284208265133202,0.0013272985816001892,0.0013703887816518545,0.0014134790981188416,0.001456569298170507,0.001499659614637494,0.0015427499311044812,0.0015858401311561465,0.0016289304476231337,0.001672020647674799,0.001715110964141786,0.0017582012806087732,0.0018012914806604385,0.0018443817971274257]},"gradients/hidden_layers.1.weight":{"values":[33,86,176,241,63881,454,136,68,38,22,22,21,14,12,17,25,3,15,14,10,4,11,8,7,9,10,9,9,10,11,7,7,15,10,6,6,11,8,8,5,4,4,8,6,5,3,5,9,3,1,4,6,3,1,1,1,2,2,0,0,0,1,1,7],"bins":[-0.04390105977654457,-0.03482350334525108,-0.025745946913957596,-0.01666839048266411,-0.007590834051370621,0.0014867223799228668,0.010564278811216354,0.019641835242509842,0.02871939167380333,0.03779694810509682,0.046874504536390305,0.05595206096768379,0.06502962112426758,0.07410717010498047,0.08318473398685455,0.09226228296756744,0.10133984684944153,0.11041739583015442,0.1194949597120285,0.1285725086927414,0.13765007257461548,0.14672762155532837,0.15580518543720245,0.16488273441791534,0.17396029829978943,0.18303784728050232,0.1921154111623764,0.2011929601430893,0.21027052402496338,0.21934807300567627,0.22842563688755035,0.23750318586826324,0.24658071994781494,0.25565826892852783,0.2647358179092407,0.273813396692276,0.2828909456729889,0.2919684946537018,0.30104607343673706,0.31012362241744995,0.31920117139816284,0.32827872037887573,0.3373562693595886,0.3464338481426239,0.3555113971233368,0.3645889461040497,0.37366652488708496,0.38274407386779785,0.39182162284851074,0.40089917182922363,0.4099767208099365,0.4190542995929718,0.4281318485736847,0.4372093975543976,0.44628697633743286,0.45536452531814575,0.46444207429885864,0.47351962327957153,0.4825971722602844,0.4916747510433197,0.500752329826355,0.5098298788070679,0.5189074277877808,0.5279849767684937,0.5370625257492065],"_type":"histogram"},"gradients/hidden_layers.1.bias":{"_type":"histogram","values":[3,1,1,2,240,2,2,1,0,0,0,0,0,0,0,1,0,0,0,0,0,0,0,0,0,0,0,0,0,0,0,0,0,0,0,0,0,0,0,0,0,0,0,0,0,0,0,1,0,0,0,0,0,1,0,0,0,0,0,0,0,0,0,1],"bins":[-0.04396243393421173,-0.03470248356461525,-0.025442535057663918,-0.016182586550712585,-0.006922636181116104,0.0023373132571578026,0.01159726269543171,0.02085721120238304,0.030117161571979523,0.039377111941576004,0.048637062311172485,0.05789700895547867,0.06715695559978485,0.07641690969467163,0.08567685633897781,0.0949368104338646,0.10419675707817078,0.11345670372247696,0.12271665781736374,0.13197660446166992,0.1412365585565567,0.1504964977502823,0.15975645184516907,0.16901640594005585,0.17827636003494263,0.1875362992286682,0.196796253323555,0.20605620741844177,0.21531614661216736,0.22457610070705414,0.23383605480194092,0.2430959939956665,0.2523559629917145,0.26161590218544006,0.27087587118148804,0.2801358103752136,0.2893957495689392,0.2986557185649872,0.30791565775871277,0.31717559695243835,0.32643556594848633,0.3356955051422119,0.3449554443359375,0.3542154133319855,0.36347535252571106,0.37273529171943665,0.3819952607154846,0.3912551999092102,0.4005151391029358,0.40977510809898376,0.41903504729270935,0.4282950162887573,0.4375549554824829,0.4468148946762085,0.45607486367225647,0.46533480286598206,0.47459474205970764,0.4838547110557556,0.4931146502494812,0.5023745894432068,0.5116345286369324,0.520894467830658,0.5301544666290283,0.5394144058227539,0.5486743450164795]},"_runtime":262,"gradients/hidden_layers.0.weight":{"values":[1,1,2,1,1,2,1,0,1,1,3,1,1,3,1,0,6,1,4,0,8,6,4,2,4,14,95,5,4,6,11,7,3,7,2,3,2,6,4,2,2,5,3,3,1,4,2,1,0,1,2,0,3,2,0,0,0,0,0,0,0,0,0,1],"bins":[-0.38551628589630127,-0.3708014488220215,-0.3560866415500641,-0.3413718044757843,-0.3266569972038269,-0.3119421601295471,-0.29722732305526733,-0.28251251578330994,-0.26779767870903015,-0.25308287143707275,-0.23836803436279297,-0.22365321218967438,-0.2089383900165558,-0.1942235678434372,-0.1795087307691574,-0.16479390859603882,-0.15007908642292023,-0.13536426424980164,-0.12064943462610245,-0.10593461245298386,-0.09121978282928467,-0.07650496065616608,-0.061790138483047485,-0.047075312584638596,-0.032360486686229706,-0.017645660787820816,-0.0029308367520570755,0.01178398821502924,0.026498813182115555,0.041213639080524445,0.055928461253643036,0.07064329087734222,0.08535811305046082,0.1000729352235794,0.1147877648472786,0.12950259447097778,0.14421741664409637,0.15893223881721497,0.17364706099033356,0.18836188316345215,0.20307672023773193,0.21779154241085052,0.23250636458396912,0.2472211867570877,0.2619360089302063,0.2766508460044861,0.2913656532764435,0.30608049035072327,0.32079529762268066,0.33551013469696045,0.35022497177124023,0.36493977904319763,0.3796546161174774,0.3943694233894348,0.4090842604637146,0.4237990975379944,0.4385139048099518,0.45322874188423157,0.46794354915618896,0.48265838623046875,0.49737322330474854,0.5120880603790283,0.5268028378486633,0.5415176749229431,0.5562325119972229],"_type":"histogram"},"epoch":24,