{"lr":0.000138694784254767,"_wandb":{"runtime":916},"gradients/lif_layers.0.rnn.bias_hh_l0":{"_type":"histogram","values":[2,1,0,1,2,6,2,4,7,10,10,35,69,274,40,15,5,6,5,3,4,0,1,1,1,1,1,0,1,1,0,0,0,1,0,0,0,0,0,1,0,0,0,0,0,0,0,1,0,0,0,0,0,0,0,0,0,0,0,0,0,0,0,1],"bins":[-0.006571871694177389,-0.006072656717151403,-0.005573442205786705,-0.005074227228760719,-0.004575012251734734,-0.004075797740370035,-0.0035765827633440495,-0.0030773680191487074,-0.0025781532749533653,-0.0020789385307580233,-0.0015797236701473594,-0.0010805088095366955,-0.0005812940653413534,-8.207926293835044e-05,0.00041713553946465254,0.0009163503418676555,0.0014155651442706585,0.0019147798884660006,0.0024139946326613426,0.0029132096096873283,0.0034124243538826704,0.0039116390980780125,0.004410854075103998,0.004910068586468697,0.005409283563494682,0.005908498540520668,0.0064077130518853664,0.006906928028911352,0.007406142540276051,0.007905357517302036,0.008404572494328022,0.008903787471354008,0.009403003379702568,0.009902218356728554,0.01040143333375454,0.01090064737945795,0.011399862356483936,0.011899077333509922,0.012398292310535908,0.012897507287561893,0.013396721333265305,0.01389593631029129,0.014395151287317276,0.014894366264343262,0.015393581241369247,0.015892796218395233,0.01639201119542122,0.016891226172447205,0.01739044114947319,0.017889654263854027,0.018388869240880013,0.018888084217905998,0.019387299194931984,0.01988651417195797,0.020385729148983955,0.02088494412600994,0.021384159103035927,0.021883374080061913,0.022382589057087898,0.022881802171468735,0.02338101714849472,0.023880232125520706,0.024379447102546692,0.024878662079572678,0.025377877056598663]},"trainer/global_step":724,"gradients/lif_layers.1.rnn.bias_ih_l0":{"bins":[-0.0015883485320955515,-0.0015388440806418657,-0.0014893397456035018,-0.001439835294149816,-0.001390330959111452,-0.0013408265076577663,-0.0012913221726194024,-0.0012418177211657166,-0.0011923133861273527,-0.001142808934673667,-0.0010933044832199812,-0.0010438001481816173,-0.0009942956967279315,-0.0009447913034819067,-0.0008952869102358818,-0.000845782516989857,-0.0007962781237438321,-0.0007467737304978073,-0.0006972693372517824,-0.0006477649440057576,-0.0005982605507597327,-0.000548756099306047,-0.0004992517060600221,-0.00044974731281399727,-0.0004002429195679724,-0.0003507385263219476,-0.00030123413307592273,-0.0002517297107260674,-0.00020222531748004258,-0.00015272092423401773,-0.00010321651643607765,-5.371211591409519e-05,-4.207715392112732e-06,4.529668512986973e-05,9.480108565185219e-05,0.00014430549344979227,0.0001938098866958171,0.00024331427994184196,0.00029281870229169726,0.0003423230955377221,0.00039182748878374696,0.0004413318820297718,0.0004908362752757967,0.0005403406685218215,0.0005898451199755073,0.0006393495132215321,0.000688853906467557,0.0007383582997135818,0.0007878626929596066,0.0008373670862056315,0.0008868714794516563,0.0009363758726976812,0.000985880265943706,0.0010353847173973918,0.0010848890524357557,0.0011343935038894415,0.0011838979553431273,0.0012334022903814912,0.001282906741835177,0.0013324110768735409,0.0013819155283272266,0.0014314198633655906,0.0014809243148192763,0.0015304286498576403,0.001579933101311326],"_type":"histogram","values":[1,0,0,1,0,0,1,0,0,0,0,2,0,1,1,2,1,0,0,2,2,3,0,1,1,7,1,14,8,16,24,65,261,24,8,15,7,6,4,6,3,3,4,3,2,1,0,2,0,0,2,2,1,0,0,1,0,1,0,0,1,0,0,1]},"gradients/lif_layers.0.rnn.bias_ih_l0":{"bins":[-0.0065718721598386765,-0.006072657182812691,-0.005573442205786705,-0.005074227228760719,-0.004575012251734734,-0.004075797740370035,-0.0035765827633440495,-0.0030773677863180637,-0.002578152809292078,-0.0020789378322660923,-0.0015797229716554284,-0.0010805081110447645,-0.0005812931340187788,-8.2078215200454e-05,0.0004171367036178708,0.0009163516224361956,0.0014155665412545204,0.0019147815182805061,0.002413996495306492,0.002913211239501834,0.0034124262165278196,0.003911640960723162,0.004410855937749147,0.004910070914775133,0.005409285891801119,0.005908500868827105,0.00640771584585309,0.006906930822879076,0.007406145334243774,0.00790536031126976,0.008404575288295746,0.008903790265321732,0.009403005242347717,0.009902220219373703,0.010401435196399689,0.010900650173425674,0.01139986515045166,0.011899080127477646,0.012398295104503632,0.012897510081529617,0.013396725058555603,0.013895939104259014,0.014395154081285,0.014894369058310986,0.015393584035336971,0.01589279994368553,0.016392014920711517,0.016891229897737503,0.01739044487476349,0.017889657989144325,0.01838887296617031,0.018888087943196297,0.019387302920222282,0.019886517897248268,0.020385732874274254,0.02088494785130024,0.021384162828326225,0.02188337780535221,0.022382592782378197,0.022881807759404182,0.023381022736430168,0.023880237713456154,0.02437945269048214,0.024878667667508125,0.02537788264453411],"_type":"histogram","values":[2,1,0,1,2,6,2,4,7,10,10,35,69,274,40,15,5,6,5,3,4,0,1,1,1,1,1,0,1,1,0,0,0,1,0,0,0,0,0,1,0,0,0,0,0,0,0,1,0,0,0,0,0,0,0,0,0,0,0,0,0,0,0,1]},"_timestamp":1.7609796517410145e+09,"gradients/output_layer.bias":{"values":[3,0,2,0,3,1,1,2,0,2,3,3,2,3,2,0,1,1,2,3,5,2,0,0,4,1,4,1,2,2,6,2,1,2,1,2,1,0,1,3,3,3,2,2,2,2,0,2,0,2,0,2,1,0,1,0,0,2,0,1,0,0,0,1],"bins":[-0.0006134512950666249,-0.0005911401240155101,-0.0005688289529643953,-0.0005465178401209414,-0.0005242066690698266,-0.0005018954980187118,-0.000479584326967597,-0.00045727318502031267,-0.00043496201396919787,-0.00041265084291808307,-0.00039033970097079873,-0.00036802852991968393,-0.00034571735886856914,-0.0003234062169212848,-0.00030109504587017,-0.00027878390392288566,-0.00025647273287177086,-0.0002341615763725713,-0.00021185041987337172,-0.00018953924882225692,-0.00016722809232305735,-0.00014491693582385778,-0.000122605764772743,-0.00010029460827354342,-7.798345177434385e-05,-5.567229163716547e-05,-3.3361131499987096e-05,-1.104997136280872e-05,1.1261188774369657e-05,3.357234891154803e-05,5.588350904872641e-05,7.819467282388359e-05,0.00010050582932308316,0.00012281698582228273,0.0001451281423214823,0.0001674393133725971,0.00018975046987179667,0.00021206162637099624,0.00023437279742211103,0.0002566839393693954,0.00027899511042051017,0.00030130628147162497,0.0003236174234189093,0.0003459285944700241,0.0003682397655211389,0.00039055090746842325,0.00041286207851953804,0.0004351732204668224,0.0004574843915179372,0.000479795562569052,0.0005021067336201668,0.0005244178464636207,0.0005467290175147355,0.0005690401885658503,0.0005913513596169651,0.0006136625306680799,0.0006359736435115337,0.0006582848145626485,0.0006805959856137633,0.0007029071566648781,0.0007252183277159929,0.0007475294987671077,0.0007698406116105616,0.0007921517826616764,0.0008144629537127912],"_type":"histogram"},"graph_0":{"_type":"graph-file","sha256":"7785b8b02100c4014d006aed72e1c7bf4a44132b9f2f85f29647cfcbb5446aaa","size":932,"path":"media/graph/graph_0_summary_7785b8b02100c4014d00.graph.json"},"train_loss":0.10661787539720535,"_step":49,"epoch":24,"_runtime":916,"gradients/lif_layers.0.rnn.weight_ih_l0":{"_type":"histogram","values":[1,0,0,0,1,1,1,1,4,6,8,17,45,138,456,2387,314,92,59,24,14,2,3,1,0,1,2,1,0,0,0,1,0,0,0,1,0,0,0,0,1,0,0,0,0,0,1,0,0,0,0,0,0,0,0,0,0,0,0,0,0,0,0,1],