{"_wandb":{"runtime":22},"epoch":1,"_timestamp":1.7607110660625188e+09,"graph_0":{"_type":"graph-file","sha256":"0e99b4eebdef2761e858325e20b9c43042233e239c46853a89b58b2e8f2c5c62","size":1423,"path":"media/graph/graph_0_summary_0e99b4eebdef2761e858.graph.json"},"val_loss":0.1438809633255005,"trainer/global_step":29,"lr":0.009801000356674194,"_step":3,"train_loss":0.1653369963169098,"_runtime":22}