{"gradients/hidden_layers.2.bias":{"_type":"histogram","values":[1,0,0,0,0,0,0,0,0,1,1,2,1,4,2,1,2,2,5,2,4,5,5,5,10,8,22,79,12,18,11,7,4,4,4,2,4,4,4,2,2,3,3,2,1,2,2,1,1,0,0,0,0,0,0,0,0,0,0,0,0,0,0,1],"bins":[-0.11887457221746445,-0.11454808712005615,-0.11022160202264786,-0.10589511692523956,-0.10156863182783127,-0.09724214673042297,-0.09291566163301468,-0.08858917653560638,-0.08426269888877869,-0.07993621379137039,-0.0756097286939621,-0.0712832435965538,-0.06695675849914551,-0.06263027340173721,-0.05830378830432892,-0.053977303206920624,-0.04965081810951233,-0.045324333012104034,-0.04099784791469574,-0.036671362817287445,-0.03234487771987915,-0.028018394485116005,-0.02369191125035286,-0.019365426152944565,-0.01503894105553627,-0.010712455958127975,-0.006385971792042255,-0.002059487160295248,0.0022669974714517593,0.006593482103198767,0.010919966734945774,0.015246450901031494,0.019572943449020386,0.02389942854642868,0.028225913643836975,0.03255239874124527,0.036878883838653564,0.04120536521077156,0.045531850308179855,0.04985833540558815,0.054184820502996445,0.05851130560040474,0.06283778697252274,0.06716427206993103,0.07149075716733932,0.07581724226474762,0.08014372736215591,0.08447021245956421,0.0887966975569725,0.0931231826543808,0.09744966775178909,0.10177615284919739,0.10610263794660568,0.11042912304401398,0.11475560814142227,0.11908209323883057,0.12340857088565826,0.12773506343364716,0.13206154108047485,0.13638803362846375,0.14071451127529144,0.14504100382328033,0.14936748147010803,0.15369397401809692,0.15802045166492462]},"gradients/hidden_layers.0.weight":{"bins":[-1.0580933094024658,-1.020131230354309,-0.9821692109107971,-0.9442071914672852,-0.9062451124191284,-0.8682830929756165,-0.8303210735321045,-0.7923589944839478,-0.7543969750404358,-0.7164349555969238,-0.6784728765487671,-0.6405108571052551,-0.6025488376617432,-0.5645867586135864,-0.5266247391700745,-0.4886626899242401,-0.45070064067840576,-0.4127385914325714,-0.37477654218673706,-0.3368145227432251,-0.29885247349739075,-0.2608904242515564,-0.22292838990688324,-0.18496635556221008,-0.14700430631637573,-0.10904226452112198,-0.07108022272586823,-0.03311818093061447,0.004843860864639282,0.042805902659893036,0.08076794445514679,0.11872998625040054,0.15669190883636475,0.1946539580821991,0.23261599242687225,0.2705780267715454,0.30854007601737976,0.3465021252632141,0.3844641447067261,0.4224261939525604,0.4603882431983948,0.4983502924442291,0.5363123416900635,0.5742743611335754,0.6122363805770874,0.6501984596252441,0.6881604790687561,0.7261225581169128,0.7640845775604248,0.8020465970039368,0.8400086760520935,0.8779706954956055,0.9159327745437622,0.9538947939872742,0.9918568134307861,1.0298188924789429,1.0677809715270996,1.1057429313659668,1.1437050104141235,1.1816670894622803,1.2196290493011475,1.2575911283493042,1.295553207397461,1.3335151672363281,1.3714772462844849],"_type":"histogram","values":[1,0,0,0,0,1,0,1,0,0,3,0,0,2,1,2,1,3,2,7,6,1,7,9,7,8,5,100,14,12,3,4,1,2,3,1,5,2,2,1,1,0,2,1,4,6,5,1,3,4,1,4,2,1,1,1,1,0,0,0,0,0,0,1]},"gradients/hidden_layers.1.bias":{"bins":[-0.24899740517139435,-0.23508675396442413,-0.22117610275745392,-0.2072654515504837,-0.1933548003435135,-0.17944414913654327,-0.16553349792957306,-0.15162284672260284,-0.13771219551563263,-0.12380154430866241,-0.1098908931016922,-0.09598024189472198,-0.08206959068775177,-0.06815893948078156,-0.05424828827381134,-0.040337637066841125,-0.02642698585987091,-0.012516334652900696,0.001394316554069519,0.015304967761039734,0.02921561896800995,0.043126270174980164,0.05703692138195038,0.0709475725889206,0.08485822379589081,0.09876887500286102,0.11267952620983124,0.12659017741680145,0.14050082862377167,0.15441147983074188,0.1683221310377121,0.1822327822446823,0.19614344835281372,0.21005409955978394,0.22396475076675415,0.23787540197372437,0.2517860531806946,0.2656967043876648,0.279607355594635,0.2935180068016052,0.30742865800857544,0.32133930921554565,0.33524996042251587,0.3491606116294861,0.3630712628364563,0.3769819140434265,0.39089256525039673,0.40480321645736694,0.41871386766433716,0.4326245188713074,0.4465351700782776,0.4604458212852478,0.474356472492218,0.48826712369918823,0.5021777749061584,0.5160884261131287,0.5299990773200989,0.5439097285270691,0.5578203797340393,0.5717310309410095,0.5856416821479797,0.59955233335495,0.6134629845619202,0.6273736357688904,0.6412842869758606],"_type":"histogram","values":[2,0,3,0,1,0,2,3,0,3,3,2,2,4,4,0,5,127,46,6,4,3,4,5,2,3,0,0,1,1,2,1,2,1,2,2,1,1,2,0,0,1,0,0,0,1,0,0,1,1,0,0,0,0,0,0,0,0,0,0,0,1,0,1]},"graph_0":{"_type":"graph-file","sha256":"6d0e1c2afa985c6fce3e09ae59121b4e04c02d1a32c8e406f62d7b0056ffaae7","size":1876,"path":"media/graph/graph_0_summary_6d0e1c2afa985c6fce3e.graph.json"},"gradients/output_layer.weight":{"bins":[-0.009264099411666393,-0.009045848622918129,-0.00882759876549244,-0.008609347976744175,-0.00839109718799591,-0.008172847330570221,-0.007954596541821957,-0.00773634621873498,-0.007518095895648003,-0.007299845572561026,-0.007081595249474049,-0.006863344460725784,-0.006645094137638807,-0.00642684381455183,-0.006208593025803566,-0.005990342702716589,-0.005772092379629612,-0.005553842056542635,-0.005335591733455658,-0.005117340944707394,-0.004899090621620417,-0.00468084029853344,-0.004462589509785175,-0.004244339186698198,-0.004026088863611221,-0.0038078385405242443,-0.0035895879846066236,-0.003371337428689003,-0.003153087105602026,-0.002934836782515049,-0.0027165862265974283,-0.0024983356706798077,-0.0022800853475928307,-0.0020618350245058537,-0.001843584468588233,-0.0016253340290859342,-0.0014070835895836353,-0.0011888331500813365,-0.0009705827105790377,-0.0007523322710767388,-0.00053408183157444,-0.00031583139207214117,-9.758095256984234e-05,0.0001206694869324565,0.0003389199264347553,0.0005571703659370542,0.000775420805439353,0.0009936712449416518,0.0012119216844439507,0.0014301721239462495,0.0016484225634485483,0.0018666730029508471,0.002084923442453146,0.002303173765540123,0.0025214243214577436,0.0027396748773753643,0.0029579252004623413,0.0031761755235493183,0.003394426079466939,0.0036126766353845596,0.0038309269584715366,0.004049177281558514,0.004267428070306778,0.004485678393393755,0.004703928716480732],"_type":"histogram","values":[1,0,0,0,0,0,1,0,0,0,2,2,3,2,3,3,5,8,7,6,11,14,14,18,35,32,37,48,64,70,88,111,141,185,251,311,404,585,867,1345,2290,3808,5193,3970,2564,1554,967,537,285,128,81,55,34,12,14,11,6,7,4,3,1,0,0,2]},"gradients/hidden_layers.3.bias":{"bins":[-0.02061670459806919,-0.02000655047595501,-0.019396396353840828,-0.018786242231726646,-0.018176086246967316,-0.017565932124853134,-0.016955778002738953,-0.01634562388062477,-0.01573546975851059,-0.015125315636396408,-0.014515161514282227,-0.01390500646084547,-0.013294852338731289,-0.012684698216617107,-0.012074543163180351,-0.01146438904106617,-0.010854234918951988,-0.010244080796837807,-0.009633926674723625,-0.009023771621286869,-0.008413617499172688,-0.007803463377058506,-0.007193308789283037,-0.006583154201507568,-0.005973000079393387,-0.005362845957279205,-0.0047526913695037365,-0.004142536781728268,-0.003532382659614086,-0.002922228304669261,-0.002312073949724436,-0.0017019195947796106,-0.0010917671024799347,-0.0004816127475351095,0.00012854160740971565,0.0007386959623545408,0.001348850317299366,0.001959004672244191,0.0025691590271890163,0.0031793133821338415,0.0037894677370786667,0.004399621859192848,0.005009776446968317,0.005619931034743786,0.006230085156857967,0.006840239278972149,0.007450393866747618,0.008060548454523087,0.008670702576637268,0.00928085669875145,0.009891010820865631,0.010501165874302387,0.011111319996416569,0.01172147411853075,0.012331629171967506,0.012941783294081688,0.01355193741619587,0.014162091538310051,0.014772245660424232,0.015382400713860989,0.015992555767297745,0.016602709889411926,0.017212864011526108,0.01782301813364029,0.01843317225575447],"_type":"histogram",