{"lr":0.0038891069125384092,"_wandb":{"runtime":329},"gradients/output_layer.bias":{"_type":"histogram","values":[1,0,0,0,0,0,0,0,0,0,1,1,0,0,0,0,1,1,0,1,1,1,1,2,2,1,1,1,3,2,2,6,2,4,4,3,3,6,5,4,5,2,1,5,6,1,2,3,2,1,2,3,1,2,0,1,0,1,1,0,0,0,0,1],"bins":[-0.0022562253288924694,-0.0021937533747404814,-0.0021312814205884933,-0.0020688094664365053,-0.0020063375122845173,-0.001943865674547851,-0.001881393720395863,-0.001818921766243875,-0.0017564499285072088,-0.0016939779743552208,-0.0016315060202032328,-0.0015690340660512447,-0.0015065621118992567,-0.0014440901577472687,-0.0013816183200106025,-0.0013191463658586144,-0.0012566744117066264,-0.0011942024575546384,-0.0011317305034026504,-0.0010692586656659842,-0.0010067867115139961,-0.0009443147573620081,-0.0008818428032100201,-0.000819370907265693,-0.0007568989531137049,-0.0006944269989617169,-0.0006319551030173898,-0.0005694831488654017,-0.0005070111947134137,-0.0004445392987690866,-0.00038206734461709857,-0.000319595419568941,-0.0002571233781054616,-0.00019465145305730402,-0.00013217951345723122,-6.970758113311604e-05,-7.23564880900085e-06,5.523628351511434e-05,0.00011770821583922952,0.00018018015543930233,0.0002426520804874599,0.00030512400553561747,0.00036759593058377504,0.0004300678847357631,0.0004925398388877511,0.0005550117348320782,0.0006174836889840662,0.0006799555849283934,0.0007424275390803814,0.0008048994932323694,0.0008673713891766965,0.0009298433433286846,0.0009923152392730117,0.0010547871934249997,0.0011172591475769877,0.0011797311017289758,0.001242202939465642,0.00130467489361763,0.001367146847769618,0.001429618801921606,0.001492090756073594,0.0015545627102255821,0.0016170345479622483,0.0016795065021142364,0.0017419784562662244]},"trainer/global_step":374,"train_loss":0.11417761445045471,"epoch":24,"gradients/hidden_layers.2.weight":{"_type":"histogram","values":[1,0,0,0,0,0,2,1,0,1,2,2,0,0,0,0,0,0,0,0,0,0,1,0,1,2,1,0,7,0,2,5,0,0,0,1,1,1,0,1,3,3,3,6,14,6,9,17,33,30,19,64759,458,40,30,23,16,10,5,10,0,7,0,3],"bins":[-0.26524463295936584,-0.2601354718208313,-0.25502628087997437,-0.24991711974143982,-0.24480794370174408,-0.23969876766204834,-0.2345896065235138,-0.22948043048381805,-0.22437125444412231,-0.21926207840442657,-0.21415290236473083,-0.2090437412261963,-0.20393456518650055,-0.1988253891468048,-0.19371622800827026,-0.18860705196857452,-0.18349787592887878,-0.17838869988918304,-0.1732795238494873,-0.16817036271095276,-0.16306118667125702,-0.15795201063156128,-0.15284284949302673,-0.147733673453331,-0.14262449741363525,-0.13751532137393951,-0.13240614533424377,-0.12729698419570923,-0.12218780815601349,-0.11707863211631775,-0.1119694635272026,-0.10686029493808746,-0.10175112634897232,-0.09664195775985718,-0.09153278172016144,-0.0864236056804657,-0.08131443709135056,-0.07620526850223541,-0.07109609246253967,-0.06598691642284393,-0.06087774783372879,-0.05576857551932335,-0.05065940320491791,-0.045550230890512466,-0.040441058576107025,-0.035331886261701584,-0.030222713947296143,-0.0251135416328907,-0.02000436931848526,-0.014895197004079819,-0.009786024689674377,-0.004676852375268936,0.0004323199391365051,0.005541492253541946,0.010650664567947388,0.01575983688235283,0.02086900919675827,0.02597818151116371,0.031087353825569153,0.036196526139974594,0.041305698454380035,0.04641487076878548,0.05152404308319092,0.05663321539759636,0.0617423877120018]},"gradients/hidden_layers.1.weight":{"_type":"histogram","values":[2,3,1,2,5,3,3,2,2,3,1,1,6,2,2,1,2,4,4,3,1,4,3,3,2,7,2,3,6,41,22,18,23,32,45,88,62,106,93,87,132,107,122,284,63288,304,137,87,75,43,26,29,34,51,15,15,14,14,12,10,11,15,6,5],"bins":[-0.43234893679618835,-0.4227292239665985,-0.41310951113700867,-0.4034897983074188,-0.393870085477829,-0.38425037264823914,-0.3746306896209717,-0.36501097679138184,-0.355391263961792,-0.34577155113220215,-0.3361518383026123,-0.32653212547302246,-0.3169124126434326,-0.3072926998138428,-0.29767298698425293,-0.2880532741546631,-0.27843356132507324,-0.2688138782978058,-0.25919416546821594,-0.2495744526386261,-0.23995473980903625,-0.2303350269794464,-0.22071531414985657,-0.21109560132026672,-0.20147588849067688,-0.19185619056224823,-0.1822364777326584,-0.17261676490306854,-0.1629970520734787,-0.15337733924388885,-0.1437576413154602,-0.13413792848587036,-0.12451820075511932,-0.11489848792552948,-0.10527878254652023,-0.09565906971693039,-0.08603936433792114,-0.0764196515083313,-0.06679993867874146,-0.05718022957444191,-0.047560520470142365,-0.03794081136584282,-0.028321100398898125,-0.01870138943195343,-0.009081680327653885,0.000538029707968235,0.010157739743590355,0.01977745071053505,0.029397159814834595,0.03901686891913414,0.048636578023433685,0.05825629085302353,0.06787599623203278,0.07749570906162262,0.08711542189121246,0.09673512727022171,0.10635484009981155,0.1159745529294014,0.12559425830841064,0.1352139711380005,0.14483368396759033,0.15445339679718018,0.16407309472560883,0.17369280755519867,0.1833125203847885]},"_timestamp":1.760793008404708e+09,"_runtime":329,"gradients/hidden_layers.2.bias":{"_type":"histogram","values":[1,0,0,0,0,0,0,0,0,0,0,0,0,0,0,0,0,0,0,0,0,0,0,0,0,0,0,0,0,1,0,0,0,0,0,0,0,0,0,0,0,0,1,1,0,0,1,0,0,3,2,2,1,152,78,4,3,1,2,0,1,0,1,1],"bins":[-0.2655997574329376,-0.2606797218322754,-0.25575971603393555,-0.2508396804332733,-0.24591965973377228,-0.24099962413311005,-0.236079603433609,-0.23115958273410797,-0.22623956203460693,-0.2213195264339447,-0.21639950573444366,-0.21147948503494263,-0.2065594494342804,-0.20163942873477936,-0.19671940803527832,-0.1917993724346161,-0.18687935173511505,-0.181959331035614,-0.17703929543495178,-0.17211927473545074,-0.1671992540359497,-0.16227921843528748,-0.15735919773578644,-0.1524391770362854,-0.14751914143562317,-0.14259912073612213,-0.1376791000366211,-0.13275907933712006,-0.12783904373645782,-0.12291902303695679,-0.11799899488687515,-0.11307897418737411,-0.10815893113613129,-0.10323891043663025,-0.09831888228654861,-0.09339886158704758,-0.08847883343696594,-0.08355880528688431,-0.07863878458738327,-0.07371875643730164,-0.0687987357378006,-0.06387870758771896,-0.05895867943763733,-0.05403865501284599,-0.04911863058805466,-0.04419860616326332,-0.039278581738471985,-0.03435855358839035,-0.029438529163599014,-0.024518504738807678,-0.019598478451371193,-0.014678453095257282,-0.009758427739143372,-0.004838402383029461,8.162297308444977e-05,0.0050016483291983604,0.009921673685312271,0.014841699041426182,0.019761724397540092,0.024681750684976578,0.029601775109767914,0.03452179953455925,0.039441823959350586,0.04436185210943222,0.049281876534223557]},"gradients/hidden_layers.3.weight":{"_type":"histogram","values":[1,0,0,0,0,0,0,1,0,0,1,2,1,4,1,4,2,6,7,5,5,5,20,19,39,62,90,176,341,729,60851,1561,779,341,171,97,52,39,28,16,17,7,9,13,4,3,3,1,2,6,1,3,5,0,3,0,1,0,1,0,0,0,0,1],